coleccion,origen,archivo,bytes,sha256
montgomery_imagenes,Montgomery,MontgomerySet/CXR_png/MCUCXR_0001_0.png,5202442,754d3ef3986e8682624f2e1c2cd14aacd3a503869f965a38235b6b07465e12da
montgomery_imagenes,Montgomery,MontgomerySet/CXR_png/MCUCXR_0002_0.png,7186551,15d5fd2d870d166e1b95d51e0d62080057d7be66bebec49eb47cb1b92ea0c007
montgomery_imagenes,Montgomery,MontgomerySet/CXR_png/MCUCXR_0003_0.png,5337628,56fdf66348025487d6b18a9483b9cbc3ed9a12581abb207bb51f04faf37d2fc5
montgomery_imagenes,Montgomery,MontgomerySet/CXR_png/MCUCXR_0004_0.png,3619959,41b10c7b35613138f68fd8b7d3ad92589636304f0064f73dbc9d0c0e45e7644a
montgomery_imagenes,Montgomery,MontgomerySet/CXR_png/MCUCXR_0005_0.png,4733275,6ebc18fcd0528b8e9c36ca28d8c9a46dc303147d215542f91c79ea473752c630
montgomery_imagenes,Montgomery,MontgomerySet/CXR_png/MCUCXR_0006_0.png,5672922,5dccaecfc6c08341ec4ab4437085d65acf607e622c4b4f90df32a785d6891b4c
montgomery_imagenes,Montgomery,MontgomerySet/CXR_png/MCUCXR_0008_0.png,4719853,bb8f5ea73da3af05228dd4a48f31f000cacf03a736992f41a68299d8171bed5c
montgomery_imagenes,Montgomery,MontgomerySet/CXR_png/MCUCXR_0011_0.png,4351989,a0395314047dc34f5ff19b2fc39dc8fc55e59055be318dbe6676bd6ee4b93793
montgomery_imagenes,Montgomery,MontgomerySet/CXR_png/MCUCXR_0013_0.png,5907291,fb9af469086aef1fdacbcc373e66184bbba0ebcd29b9a26c6799c9598f6ee5fc
montgomery_imagenes,Montgomery,MontgomerySet/CXR_png/MCUCXR_0015_0.png,6275246,e6b7e672379b6a801ce5153c341820c7465f681b34d69cff24d216ca8641d090
montgomery_imagenes,Montgomery,MontgomerySet/CXR_png/MCUCXR_0016_0.png,3853382,ca640b5b47342c5b1de276d528ad89bc6f480357d780222417f5d1188970e3e2
montgomery_imagenes,Montgomery,MontgomerySet/CXR_png/MCUCXR_0017_0.png,3196463,e76f182ec40284765122afd40047fe0df0fb3ca1e617b2f43999f6dc5af504e2
montgomery_imagenes,Montgomery,MontgomerySet/CXR_png/MCUCXR_0019_0.png,3691130,034da5a4400b4265200bb708163f51196d156ecdacad8643b942ccd9df677526
montgomery_imagenes,Montgomery,MontgomerySet/CXR_png/MCUCXR_0020_0.png,4928990,d90d8cc8ac2b919df27c039d79525e2df4028e9be7a17e5b98b49ac87d12fde6
montgomery_imagenes,Montgomery,MontgomerySet/CXR_png/MCUCXR_0021_0.png,3437762,5d9d23863ec8d96e811197a8d31ff610c44cea34ecadf54f6092b0ac7ba17d74
montgomery_imagenes,Montgomery,MontgomerySet/CXR_png/MCUCXR_0022_0.png,5476215,f032fd33169e783adf609278853f84f372577afde0dd4bc974da5401712c7860
montgomery_imagenes,Montgomery,MontgomerySet/CXR_png/MCUCXR_0023_0.png,4809989,7404a158c63876ca3d9682a2ce9c8cc6daf5b488fe930d3202ac2f92a3be6876
montgomery_imagenes,Montgomery,MontgomerySet/CXR_png/MCUCXR_0024_0.png,3796062,cd03025858ef7753af7e9d3a71a4ab5395dfb230885b861b8fc8ca503ba35cec
montgomery_imagenes,Montgomery,MontgomerySet/CXR_png/MCUCXR_0026_0.png,2532671,9d7819bf3849a694bb76e611b73de7343c04f1cfdccaa89ff9d97e13169b6078
montgomery_imagenes,Montgomery,MontgomerySet/CXR_png/MCUCXR_0027_0.png,4313785,4df8b39bdd4d2d63377dca1abb94dfc4062074fe7befbf9c5ad79ae9b534d812
montgomery_imagenes,Montgomery,MontgomerySet/CXR_png/MCUCXR_0028_0.png,3317979,a966be5a73aadf53840df72447982e2c33a25e64376ed8b10eb32767f146994e
montgomery_imagenes,Montgomery,MontgomerySet/CXR_png/MCUCXR_0029_0.png,4016219,8bb307a1be7a29ca04030c555c85f5e67a40daaf0ee0a326b4f91849dda93c16
montgomery_imagenes,Montgomery,MontgomerySet/CXR_png/MCUCXR_0030_0.png,5260554,7acfe6a99e90474ebc0ea5bd32dd7695bffda96e33c80c8e3969d9c85be97c0a
montgomery_imagenes,Montgomery,MontgomerySet/CXR_png/MCUCXR_0031_0.png,6295495,ca586d1640072b793c747ab107b3f6db32f258d4b595c090d6c443c7d3de4507
montgomery_imagenes,Montgomery,MontgomerySet/CXR_png/MCUCXR_0035_0.png,4311162,d15aee38a1fb8342fb3bf6f25ab17b3e6d0eab090bb66755b76f90544fa60421
montgomery_imagenes,Montgomery,MontgomerySet/CXR_png/MCUCXR_0038_0.png,4495541,9adb2e4180532e4d97a3bfe297184aa8a1e87cb5d955d4653f72902feac92a79
montgomery_imagenes,Montgomery,MontgomerySet/CXR_png/MCUCXR_0040_0.png,5172964,293f573857605a6bd2de5c05caaa8e1d1abda6bb45d0f7c66fcf87a0db8786e7
montgomery_imagenes,Montgomery,MontgomerySet/CXR_png/MCUCXR_0041_0.png,3217499,017f9851a46b5e7590a4a3ffa938a49bb12811077eaf49a2618cb2fcb49ffae9
montgomery_imagenes,Montgomery,MontgomerySet/CXR_png/MCUCXR_0042_0.png,2855517,d2e4a2dfa6820dada246c8a7074be9f891507749def02bf6bbf35b264e432977
montgomery_imagenes,Montgomery,MontgomerySet/CXR_png/MCUCXR_0043_0.png,5401922,4f70938ee20610cc1648076564929fcac6422fabdc1e6b4c051018c87c413a04
montgomery_imagenes,Montgomery,MontgomerySet/CXR_png/MCUCXR_0044_0.png,4821140,98d3e68ba04d1a1f9f570ccf8ebe11967ba45db50e53da31574e69ab3123389a
montgomery_imagenes,Montgomery,MontgomerySet/CXR_png/MCUCXR_0045_0.png,5245558,357a7265b7f965e74fdf7ec3278529d0fa910f6c85bb27d03ca6ed29570a7cb6
montgomery_imagenes,Montgomery,MontgomerySet/CXR_png/MCUCXR_0046_0.png,4743816,c085234bbbfeb888acf26ee636669e7aa7059febc718bc203205752e89665f6a
montgomery_imagenes,Montgomery,MontgomerySet/CXR_png/MCUCXR_0047_0.png,3958626,70e7ba352ca7d42ad93eb2ad03c4d1aca54e65b19f4b4afca39507ade26e2fe9
montgomery_imagenes,Montgomery,MontgomerySet/CXR_png/MCUCXR_0048_0.png,3048652,3b19f2f655c0aee0e6e8876dd20ac090af747d6d7c5bd8291462157f623fc5fd
montgomery_imagenes,Montgomery,MontgomerySet/CXR_png/MCUCXR_0049_0.png,3467677,e18263f402d7693daafb998942738a85651271cd253c46841085c5cdb239bf29
montgomery_imagenes,Montgomery,MontgomerySet/CXR_png/MCUCXR_0051_0.png,4926605,b8e8ba64f5bf39725728abb5817c94fa58f2c9f74835539b2ffd98ffc689052b
montgomery_imagenes,Montgomery,MontgomerySet/CXR_png/MCUCXR_0052_0.png,4044707,cf2b71c54dcbe9e359683443a5038879d1339af5a50234498243ed47e287d302
montgomery_imagenes,Montgomery,MontgomerySet/CXR_png/MCUCXR_0053_0.png,4084757,f37c5fb99d31973e4063fc7a545003d4141d8f6e25c295801408d9f918fd7626
montgomery_imagenes,Montgomery,MontgomerySet/CXR_png/MCUCXR_0054_0.png,4238043,1056bf68f29db9bbaa4184d8377aa31b75a65d0305ff35bd319eacdbbee8812a
montgomery_imagenes,Montgomery,MontgomerySet/CXR_png/MCUCXR_0055_0.png,4888139,60ebbbbc802c2621d243653bba2413a5453df27300a2d7e60dc96720a03122b8
montgomery_imagenes,Montgomery,MontgomerySet/CXR_png/MCUCXR_0056_0.png,2939677,3334463cff7e1d8966439058d9e7c20fcc4f91220a2314b2cf8d5fad77ecc0cb
montgomery_imagenes,Montgomery,MontgomerySet/CXR_png/MCUCXR_0057_0.png,4034087,c5e7f2bc6f4cfc299397db3bd35e2f6bcea29c21450c8956bbac046ed72b7f5b
montgomery_imagenes,Montgomery,MontgomerySet/CXR_png/MCUCXR_0058_0.png,3773647,36b03371e99a019fce5c9ac8293f79959f627a98c896b850f66dc8d387eabfa6
montgomery_imagenes,Montgomery,MontgomerySet/CXR_png/MCUCXR_0059_0.png,4374373,91177526a666aabbbc19974457878ea38c896380f00f0c8882f5ece4c99880d3
montgomery_imagenes,Montgomery,MontgomerySet/CXR_png/MCUCXR_0060_0.png,2154503,9489b956193f76ab73c1c662e84a655a78054bf6962063921970d7bd65b3b289
montgomery_imagenes,Montgomery,MontgomerySet/CXR_png/MCUCXR_0061_0.png,3189043,531bec199f535382fbbc5ec864e16cb0113d03bec2f7bea519a5d35bf85b59c9
montgomery_imagenes,Montgomery,MontgomerySet/CXR_png/MCUCXR_0062_0.png,3840010,2ac998e93bf1c89c52f6ce4d8e7921cb432bdf57aec3b52900293d29c2a6bcba
montgomery_imagenes,Montgomery,MontgomerySet/CXR_png/MCUCXR_0063_0.png,4553271,9b547c3e88a962e059dce918f01716293c77c8d1362dac9a3dcf0202a243bc74
montgomery_imagenes,Montgomery,MontgomerySet/CXR_png/MCUCXR_0064_0.png,4205074,dab1d232ef5e946669db71df2b03837a35018e8f4e419e94773201a723c48e5e
montgomery_imagenes,Montgomery,MontgomerySet/CXR_png/MCUCXR_0068_0.png,3736377,22c17ac9de3366666a57d5cc3cd19834f4091ce9814edbc10692af016dbca07a
montgomery_imagenes,Montgomery,MontgomerySet/CXR_png/MCUCXR_0069_0.png,4751245,178613053a1d9177e5d8753bfe57a01a96bfa803f2216ba061a530bb92939995
montgomery_imagenes,Montgomery,MontgomerySet/CXR_png/MCUCXR_0070_0.png,3906068,487b5fd7dfce50c785c50894bdedeb88d91bfa976dc7692a5eda12cae275287d
montgomery_imagenes,Montgomery,MontgomerySet/CXR_png/MCUCXR_0071_0.png,4427712,ce3d2cc6e9ad9c8e68fe135e9e30142806747ae96c5c544d441a2c21f1913d6a
montgomery_imagenes,Montgomery,MontgomerySet/CXR_png/MCUCXR_0072_0.png,4152346,55ca782f3acd41baa061d7f50c45db08908adcab95955e3f327202add91f86b9
montgomery_imagenes,Montgomery,MontgomerySet/CXR_png/MCUCXR_0074_0.png,3993727,3ae933102130037c877d70dbabf846f3c55cc9a406b23c7292d548dcd3a39461
montgomery_imagenes,Montgomery,MontgomerySet/CXR_png/MCUCXR_0075_0.png,4258945,ff94471c313f48d92d3b530723ad128517d10cbdef31060f035e0a58fbbf0b59
montgomery_imagenes,Montgomery,MontgomerySet/CXR_png/MCUCXR_0077_0.png,2873760,61f646d87a0d375888f2cad89a4e8263df6506ce904232f30887fefd0544824a
montgomery_imagenes,Montgomery,MontgomerySet/CXR_png/MCUCXR_0079_0.png,5731216,1108b41ae8c803c4b44c53f59e56004610889534efc171773822a46d7c88398f
montgomery_imagenes,Montgomery,MontgomerySet/CXR_png/MCUCXR_0080_0.png,2982120,13b5b49d0d7b3679683336cb82889debfcf352fcdcfe7f8ef53f9507b421866f
montgomery_imagenes,Montgomery,MontgomerySet/CXR_png/MCUCXR_0081_0.png,3931715,5be69ce018c3c5ad67da83b7e9534dcc7895ffecb9487de521cc13c15d69b33f
montgomery_imagenes,Montgomery,MontgomerySet/CXR_png/MCUCXR_0082_0.png,4311662,2bcbe9de5dc853f5f69929a3f6b4f8d82f161ca84f6b6e28f0b8118e75ac85f7
montgomery_imagenes,Montgomery,MontgomerySet/CXR_png/MCUCXR_0083_0.png,4496074,9db260f715a02f05c0b761a722cd6e9081990dac68a0b9c0755b2432d75487ef
montgomery_imagenes,Montgomery,MontgomerySet/CXR_png/MCUCXR_0084_0.png,4697798,6f52232dd0fb0e7d9eaf5a01128d66ef565cd144e32c4efc5607e84c3840b552
montgomery_imagenes,Montgomery,MontgomerySet/CXR_png/MCUCXR_0085_0.png,4421336,f687cc0b788c8068aaa9d56c72bd9cf20ceca2b712089a512bf85d48188e3e62
montgomery_imagenes,Montgomery,MontgomerySet/CXR_png/MCUCXR_0086_0.png,3631578,a764d5d277e84bfbc92eb182847aca041673fc4d25bb0556dfd3737205610a0c
montgomery_imagenes,Montgomery,MontgomerySet/CXR_png/MCUCXR_0087_0.png,4381151,0b027c35c3a3f2e6bd93bfa5f6cea78136997b742ff8aa9e7b4c8e0762410404
montgomery_imagenes,Montgomery,MontgomerySet/CXR_png/MCUCXR_0089_0.png,4744983,b32116336719b47c62569e063c48f0c72d951bee3190d3f030ff99718d43be9f
montgomery_imagenes,Montgomery,MontgomerySet/CXR_png/MCUCXR_0090_0.png,5581056,568492d74ccafa60dcafba488eb502a007e77a893a2c6223b676e0c2d4fdd8ab
montgomery_imagenes,Montgomery,MontgomerySet/CXR_png/MCUCXR_0091_0.png,5026624,af3e17430aa436f519d747179879beb4731dce661fd2b56b4e2f995eb60395b0
montgomery_imagenes,Montgomery,MontgomerySet/CXR_png/MCUCXR_0092_0.png,4973246,d16fde57415d752bca4dd192b405cfefb03519bf5b8760d3efaadcf9264b8e9d
montgomery_imagenes,Montgomery,MontgomerySet/CXR_png/MCUCXR_0094_0.png,3899449,3627bc46c515027cf0a65b7e87962a04fc18a8ce891057fad6833dd6367fd273
montgomery_imagenes,Montgomery,MontgomerySet/CXR_png/MCUCXR_0095_0.png,5930972,2627f6e6710b3f8f37b0f4ba39fe919b4551118c9335220800b20d7aeb0f30de
montgomery_imagenes,Montgomery,MontgomerySet/CXR_png/MCUCXR_0096_0.png,4067002,fac7532b38f2caec72534116b7002b3665bbf1c1a8da3eae2fbabe7729799e7c
montgomery_imagenes,Montgomery,MontgomerySet/CXR_png/MCUCXR_0097_0.png,4233436,54a2b6416c7d257589d4acc9a7fc935f3081ad8a6ff7fe8185f76ddc1588d05d
montgomery_imagenes,Montgomery,MontgomerySet/CXR_png/MCUCXR_0099_0.png,4500154,6a67109cfff83eb267716da8ee64db494278bddd3080c99d5010b37c5f7f40d0
montgomery_imagenes,Montgomery,MontgomerySet/CXR_png/MCUCXR_0100_0.png,3694227,4ef8cf50d126b5854303083a6c485fdda73555e3b33035a81898560d41716e91
montgomery_imagenes,Montgomery,MontgomerySet/CXR_png/MCUCXR_0101_0.png,4086129,b9650b96952a6930c14edac602a9e1ce577526f8d4a9e628572171ef7c4c28b1
montgomery_imagenes,Montgomery,MontgomerySet/CXR_png/MCUCXR_0102_0.png,5528396,88475a99bc72bfcbed1ac6f98f418e51e105f2eb8b3e50dab739ed81885e2120
montgomery_imagenes,Montgomery,MontgomerySet/CXR_png/MCUCXR_0103_0.png,4981165,963c29252c10bc99faa53f5b5126d7cf19dbbbd4cc67cc7479ff778aa0853098
montgomery_imagenes,Montgomery,MontgomerySet/CXR_png/MCUCXR_0104_1.png,4364293,079741458b058a14b26e1c3e48f8056e01c1ec75119293eb5456b55bff4cdb16
montgomery_imagenes,Montgomery,MontgomerySet/CXR_png/MCUCXR_0108_1.png,4203131,3d9f4a33ad2b4240a55f4d2eb3fdd9b471ea569e216bb47b15189b67d9556d62
montgomery_imagenes,Montgomery,MontgomerySet/CXR_png/MCUCXR_0113_1.png,4346852,7bf349f6b9379be0cd212bffc687252882473e073c5aab8eb43af03b171c3add
montgomery_imagenes,Montgomery,MontgomerySet/CXR_png/MCUCXR_0117_1.png,4254946,2e8b6b7e00a81b2d98b056bd8898e292aa8177b18e6650de8d31311edb5ed562
montgomery_imagenes,Montgomery,MontgomerySet/CXR_png/MCUCXR_0126_1.png,4585988,f8e6c005ad85b2e36d9951b7ebba9e4099904e75f0f1de364acd82ddfccafde6
montgomery_imagenes,Montgomery,MontgomerySet/CXR_png/MCUCXR_0140_1.png,6736815,35bb134787b720bacdecf1b61413f6861a219f35c1d28676abd23ea0ea24c0bd
montgomery_imagenes,Montgomery,MontgomerySet/CXR_png/MCUCXR_0141_1.png,5176241,54e877d3a19bae56d1f6cb2f565251ba2ecac2428a737bfabbc4833ffd4f4138
montgomery_imagenes,Montgomery,MontgomerySet/CXR_png/MCUCXR_0142_1.png,3977322,97d36e56e7cc4ee3d372ca23b89106237f597b60c7218b4c31c0a2cd1ecb53ae
montgomery_imagenes,Montgomery,MontgomerySet/CXR_png/MCUCXR_0144_1.png,5099568,9a755d9177b43d2d421a94d4becee0a4ce6978d64cf1730f7527eda043e7a7fc
montgomery_imagenes,Montgomery,MontgomerySet/CXR_png/MCUCXR_0150_1.png,4731924,82bd01ef149f6e1a4cd02b4176719c2b7f2423b044b777e935006bd625511092
montgomery_imagenes,Montgomery,MontgomerySet/CXR_png/MCUCXR_0162_1.png,5326336,660c85a59576e7ed9fad5b953375127c864c7588afe88ff29818e822fdd90980
montgomery_imagenes,Montgomery,MontgomerySet/CXR_png/MCUCXR_0166_1.png,4907385,390bc263c635285fde7e93b02c41a059112af5a4c85fc4812d7b6079164d9f0d
montgomery_imagenes,Montgomery,MontgomerySet/CXR_png/MCUCXR_0170_1.png,4772055,f59d978a64a6b6fc48cd591478bf31bd9bdd8b5087611cd5b1f2003010f534cf
montgomery_imagenes,Montgomery,MontgomerySet/CXR_png/MCUCXR_0173_1.png,6105953,c4c5c9c04c322244a0f99bbc88f3109b9b789bda644d97adf38c798c7b02b1d3
montgomery_imagenes,Montgomery,MontgomerySet/CXR_png/MCUCXR_0182_1.png,5063731,1eef095386026f67b3e0bddef42523ad84cfdfa801acf39a4bed2601178edec9
montgomery_imagenes,Montgomery,MontgomerySet/CXR_png/MCUCXR_0188_1.png,4383036,7d538c9be133302c1e3617947d0d61294c46f59a0106e38606995c10b320b5e6
montgomery_imagenes,Montgomery,MontgomerySet/CXR_png/MCUCXR_0194_1.png,4488423,9dae64258e7119e51f14b2c289391946d975745f9f883c3f49f910b60cac3df5
montgomery_imagenes,Montgomery,MontgomerySet/CXR_png/MCUCXR_0195_1.png,4228989,535b728f6ac647941ee020b18012c27a0ac770040aa0a7786aac7f6ae12084b3
montgomery_imagenes,Montgomery,MontgomerySet/CXR_png/MCUCXR_0196_1.png,3957989,4bb73f967c7ae22ff0a89eff5ee078ffe61f9788d3d26097b1c6a53710babef4
montgomery_imagenes,Montgomery,MontgomerySet/CXR_png/MCUCXR_0203_1.png,5360935,94792adc5cd4433d35b5eb4c2b4fdf0f178d9c61d6297ffc1f1a2dab84555593
montgomery_imagenes,Montgomery,MontgomerySet/CXR_png/MCUCXR_0213_1.png,4164797,fcdb47eff0965fa434198bf16fc0f48f01b964971ad3b4a3679c05485d56f135
montgomery_imagenes,Montgomery,MontgomerySet/CXR_png/MCUCXR_0218_1.png,4382812,bf79a6c7f58a8dcf6cd13d28d8de524e6b68c883b45b1b07392057641ac25366
montgomery_imagenes,Montgomery,MontgomerySet/CXR_png/MCUCXR_0223_1.png,4593095,f6e1fcac6c648a02ca87f81b25403fa395000b0ef41cc7fee585c5c5046d8e0d
montgomery_imagenes,Montgomery,MontgomerySet/CXR_png/MCUCXR_0228_1.png,4594365,5ec954d1b02a5a811e8d9f499e855ee5d8a7fd7a58e6898e08f27736cb5e7718
montgomery_imagenes,Montgomery,MontgomerySet/CXR_png/MCUCXR_0243_1.png,5004959,f966e35079c92cc3fd6824f69ba50b99bd0b5e72493d389f8b186f670b126a2a
montgomery_imagenes,Montgomery,MontgomerySet/CXR_png/MCUCXR_0251_1.png,4202684,cbab0c435a5986ec1f469817228c7014d27bb45562a871c53e06f5358f011a10
montgomery_imagenes,Montgomery,MontgomerySet/CXR_png/MCUCXR_0253_1.png,4460978,91699ddda3bf436f994532f08d25a3ee7f18d7addde309d14cdce54eaadace54
montgomery_imagenes,Montgomery,MontgomerySet/CXR_png/MCUCXR_0254_1.png,4190144,9f4a804570cdd37ef8da4ebe99cf11b9f7310b3650805db697ca8787decc1140
montgomery_imagenes,Montgomery,MontgomerySet/CXR_png/MCUCXR_0255_1.png,4584142,e3131b66c2512f7fbf31d607819a49b98fa991729e02f5e0b3faac998f03dade
montgomery_imagenes,Montgomery,MontgomerySet/CXR_png/MCUCXR_0258_1.png,2582363,5da92b8ed8641e2be6b15e939cab8c7efb0272594fdde2e39359fb443fb76bfe
montgomery_imagenes,Montgomery,MontgomerySet/CXR_png/MCUCXR_0264_1.png,3846417,f54faeef0f9762f9e14c02e9b206b1b2ecb75a5a2c7a6ca7978e611229df682d
montgomery_imagenes,Montgomery,MontgomerySet/CXR_png/MCUCXR_0266_1.png,5432162,55f241f5fd54c37bb64bea8234c4b31023c315902f73d1b80536c20c6862e8d9
montgomery_imagenes,Montgomery,MontgomerySet/CXR_png/MCUCXR_0275_1.png,4199436,84866a22ee595bb8aea3d518b6c64d29e53cb215c66b9da0559f41741d8473ea
montgomery_imagenes,Montgomery,MontgomerySet/CXR_png/MCUCXR_0282_1.png,4569436,80ee88603c4b113e1859f7619b3bc1c35c64b4dab717d459f5a0898aede3d569
montgomery_imagenes,Montgomery,MontgomerySet/CXR_png/MCUCXR_0289_1.png,4453649,8eade2396ecefeaea8c0060b37bc799fc904b72e8b0c37313ab6e08f004fe52f
montgomery_imagenes,Montgomery,MontgomerySet/CXR_png/MCUCXR_0294_1.png,4341691,672d753667542f8ecd5534c8b48ea76d9cab62c78be8d1f7d0a57feb10e2bdda
montgomery_imagenes,Montgomery,MontgomerySet/CXR_png/MCUCXR_0301_1.png,5103685,d48e5d2ddd329468e5ce3e2e266a4d5115567837c838cff5cf02432ee8495d5f
montgomery_imagenes,Montgomery,MontgomerySet/CXR_png/MCUCXR_0309_1.png,3487685,764b62a471804de8e20d8f6d1ebeeb6de65065010cb760985659e98f2fda6c06
montgomery_imagenes,Montgomery,MontgomerySet/CXR_png/MCUCXR_0311_1.png,3025685,a966e361502a530f88a46432b660b612f069c968dcd1657396a9a7dcc3c91ba0
montgomery_imagenes,Montgomery,MontgomerySet/CXR_png/MCUCXR_0313_1.png,4596995,2bc208d0c49653b4829819380ecb4d7cff4b020de09718376221b3ef5f4b595b
montgomery_imagenes,Montgomery,MontgomerySet/CXR_png/MCUCXR_0316_1.png,4407684,271651062cc4994d1e02abf081d1ce4b5f1deedee2d3caced92ce533a475a9b2
montgomery_imagenes,Montgomery,MontgomerySet/CXR_png/MCUCXR_0331_1.png,6099188,29c45487617c78cdfe70db4ab8329fda115e408d03a08f94564d6d939d7e9bbc
montgomery_imagenes,Montgomery,MontgomerySet/CXR_png/MCUCXR_0334_1.png,4582630,8116e234cc72927fa74937ff4a22e8c794ff09af4d1e7237b163fa232667b11b
montgomery_imagenes,Montgomery,MontgomerySet/CXR_png/MCUCXR_0338_1.png,5180507,ad6e4c09138230ab82f42ff4521f17e339c5c61af8c725515a8234ba8dd81aec
montgomery_imagenes,Montgomery,MontgomerySet/CXR_png/MCUCXR_0348_1.png,4579748,cd469627526a79754847d5d3eeb416c1d699112d88c3be4fe77b9d906d333cb9
montgomery_imagenes,Montgomery,MontgomerySet/CXR_png/MCUCXR_0350_1.png,6011375,3082645d379e9e77d249b6bc7f79b67945b3eccbce128afb13531918111b11f8
montgomery_imagenes,Montgomery,MontgomerySet/CXR_png/MCUCXR_0352_1.png,4102590,b3a393f3977bb0532d1a1cc92cdc2b77dae75246b94836910468896156ba47d3
montgomery_imagenes,Montgomery,MontgomerySet/CXR_png/MCUCXR_0354_1.png,5064390,849375254397ca1d6492c67b61b3faa50d0709cd7448974d82225f84298dff62
montgomery_imagenes,Montgomery,MontgomerySet/CXR_png/MCUCXR_0362_1.png,4853320,dd1c4f3ae4cb729bcb2052455fd58b782e0064721b6f3fbae8dbfc47c81ff737
montgomery_imagenes,Montgomery,MontgomerySet/CXR_png/MCUCXR_0367_1.png,3936059,3c3dfee5930cb0e121716a8fc59e2378ae21cda509c6a4dfe2611e4761353522
montgomery_imagenes,Montgomery,MontgomerySet/CXR_png/MCUCXR_0369_1.png,4271985,dfbba4d8856d7577eb98e598f57a402d15d8c44d843972eb2c55009407b1fd16
montgomery_imagenes,Montgomery,MontgomerySet/CXR_png/MCUCXR_0372_1.png,3609607,a775a5ccbe57e4c4e2b5322d874717ce5642be4418229d82fff58d3d86a9964d
montgomery_imagenes,Montgomery,MontgomerySet/CXR_png/MCUCXR_0375_1.png,4637757,2fadf3a17e10cd0e6eae958c1844ab334b4b18736d27d6ae2bad364a1d9ed9a9
montgomery_imagenes,Montgomery,MontgomerySet/CXR_png/MCUCXR_0383_1.png,3591173,32089155eb977431f7b0ddfd8ee15e62f39c8e814896960228bae639a841f27b
montgomery_imagenes,Montgomery,MontgomerySet/CXR_png/MCUCXR_0387_1.png,5342936,353eb675ed32f8c04cc7fbc92e576cec40dbc2295f57285c6ecfcbd768cdbb07
montgomery_imagenes,Montgomery,MontgomerySet/CXR_png/MCUCXR_0390_1.png,4434167,6e3c3557c10dea99b484cf75da5e85cc5baa458386056ca94b250394f1a961a3
montgomery_imagenes,Montgomery,MontgomerySet/CXR_png/MCUCXR_0393_1.png,3834460,fdc801a2af6503f7c13fa4deb0b20f1faffedaf528616491866d3ae59f06b2a2
montgomery_imagenes,Montgomery,MontgomerySet/CXR_png/MCUCXR_0399_1.png,3754566,11160a54e2e5afc528dcb5b3c2879d03d24c779bfcef54d90eef4db2d7866d11
montgomery_mascara_izq,Montgomery,MontgomerySet/ManualMask/leftMask/MCUCXR_0001_0.png,16254,40632f5b1f15bd2c711fcb09985d063e09422a7764e09a9fdc8d0169123a2e79
montgomery_mascara_izq,Montgomery,MontgomerySet/ManualMask/leftMask/MCUCXR_0002_0.png,13369,045185e3f388b7a0f5006bf7c11764f5f29bf2466d23e12b07b1f312badc4e8a
montgomery_mascara_izq,Montgomery,MontgomerySet/ManualMask/leftMask/MCUCXR_0003_0.png,16169,6a1a9ca42f9256fe7fd2c23775602c7c975580a5a1463cb0e95bf6f227ec534f
montgomery_mascara_izq,Montgomery,MontgomerySet/ManualMask/leftMask/MCUCXR_0004_0.png,13426,c21bb33b2ce7aa9d26a36c7bf7d2c51572280f4923e6a53df7998b0050cf515a
montgomery_mascara_izq,Montgomery,MontgomerySet/ManualMask/leftMask/MCUCXR_0005_0.png,19592,a51fb8df2f47ca15571ddd4972d6e11a69796bb67160590ea7064593076407a1
montgomery_mascara_izq,Montgomery,MontgomerySet/ManualMask/leftMask/MCUCXR_0006_0.png,15137,2f7d731226cb0301ee6d1f569425ceb30fe345640585e1892417c09f9d5eb615
montgomery_mascara_izq,Montgomery,MontgomerySet/ManualMask/leftMask/MCUCXR_0008_0.png,16831,af06f1e8bce9662dbe84316ea9d0ff080ea288b4e78761b22756db89113684e4
montgomery_mascara_izq,Montgomery,MontgomerySet/ManualMask/leftMask/MCUCXR_0011_0.png,17889,a0593ff462578c7fb96abfe36809349e0dac6fcd4faba05ad935d7b1042c362f
montgomery_mascara_izq,Montgomery,MontgomerySet/ManualMask/leftMask/MCUCXR_0013_0.png,16467,c31f06d1b4fd9afb8ebef69bcfd6db681357c61fc107fc1fe66500a1b6f8ed7d
montgomery_mascara_izq,Montgomery,MontgomerySet/ManualMask/leftMask/MCUCXR_0015_0.png,20175,dca693d6926fc1d94d92d1c3ab8eb73bdcd2fc474887bae73fefec1e1de60ba1
montgomery_mascara_izq,Montgomery,MontgomerySet/ManualMask/leftMask/MCUCXR_0016_0.png,15636,03ac80159020fb8b0dfccd7a926605dfe50a67b70d636da71ab6eb95df7c28c1
montgomery_mascara_izq,Montgomery,MontgomerySet/ManualMask/leftMask/MCUCXR_0017_0.png,13061,2fe9d8c4a5214af4d39a7c9954508ca03f3fb8bab5ac2c7789e13f2d16d76ce9
montgomery_mascara_izq,Montgomery,MontgomerySet/ManualMask/leftMask/MCUCXR_0019_0.png,18323,8fe555ed784917e0d76ab0b3d65320a51bfb75a75e49932b1d210379dce4c04c
montgomery_mascara_izq,Montgomery,MontgomerySet/ManualMask/leftMask/MCUCXR_0020_0.png,18928,805b86b3d4ee8d8fd93ba6590fe816c65c073201e9ea6346f467ba6502701d67
montgomery_mascara_izq,Montgomery,MontgomerySet/ManualMask/leftMask/MCUCXR_0021_0.png,16984,a47ed9e06229063d54bfbeebf962a31c35c820fb3b33fab54f4299c137dceec3
montgomery_mascara_izq,Montgomery,MontgomerySet/ManualMask/leftMask/MCUCXR_0022_0.png,21469,4ebd1994cdc6588de1efef3fd08701bf9ab83c82ea0f5ae3c5225c0eb0094868
montgomery_mascara_izq,Montgomery,MontgomerySet/ManualMask/leftMask/MCUCXR_0023_0.png,21609,5958e4032545892dd9253c3f9245c8c59df1b875fbb836c9ef4a17521be4a862
montgomery_mascara_izq,Montgomery,MontgomerySet/ManualMask/leftMask/MCUCXR_0024_0.png,12989,7ec3183c85dc79680cc67734998beb5dbebdd94de551fd00b48ffe93df45efd2
montgomery_mascara_izq,Montgomery,MontgomerySet/ManualMask/leftMask/MCUCXR_0026_0.png,12393,10c0cfd7961ef4b06f1b4ae35deb8ab839a9a62983d6415d96dfb8afedf3164e
montgomery_mascara_izq,Montgomery,MontgomerySet/ManualMask/leftMask/MCUCXR_0027_0.png,13778,3c8d20658a47b293e5f0395e5d370efb9ad89265ee2b60910a2f90e9b381bcb7
montgomery_mascara_izq,Montgomery,MontgomerySet/ManualMask/leftMask/MCUCXR_0028_0.png,13211,70efc74889377ddd1bebeb86ba6b3631fd10c28f90fb6332d8965346da65662b
montgomery_mascara_izq,Montgomery,MontgomerySet/ManualMask/leftMask/MCUCXR_0029_0.png,16848,c20ae226dc53d604589d9c50ebfb698d717f0cfcfb866b35cc95140788586f79
montgomery_mascara_izq,Montgomery,MontgomerySet/ManualMask/leftMask/MCUCXR_0030_0.png,21241,4e8f79161f65948d63d187b5dc433cd2ffae7876f4df4b4700a0d02d6188f2e4
montgomery_mascara_izq,Montgomery,MontgomerySet/ManualMask/leftMask/MCUCXR_0031_0.png,20902,20b1a13a58bbe8b240c3931a9374297f1080f946ecef2c9c459a74789e3c0201
montgomery_mascara_izq,Montgomery,MontgomerySet/ManualMask/leftMask/MCUCXR_0035_0.png,19057,88c2ef6fbf975e2c58fff445d9c54610b8bb2a16e47f1dad49bf7f2d60039417
montgomery_mascara_izq,Montgomery,MontgomerySet/ManualMask/leftMask/MCUCXR_0038_0.png,18580,e77eafd01bd92c7d977288cdb6b91c7701b441fd4d777a2e52e916ae7ed8cc5f
montgomery_mascara_izq,Montgomery,MontgomerySet/ManualMask/leftMask/MCUCXR_0040_0.png,17237,cac49400c0761b7c08a771e9417a31c3c1471082d4b4c8f9c89623b4ad0f3c7f
montgomery_mascara_izq,Montgomery,MontgomerySet/ManualMask/leftMask/MCUCXR_0041_0.png,12131,c645a3a104faca6a2ce57808173aa7d6256a904b26418aa013b64eb22b00915f
montgomery_mascara_izq,Montgomery,MontgomerySet/ManualMask/leftMask/MCUCXR_0042_0.png,10870,d9ae6ba80f4b1e81e79bd93a49fe346e65362493630d1f59dda389e441d388df
montgomery_mascara_izq,Montgomery,MontgomerySet/ManualMask/leftMask/MCUCXR_0043_0.png,13727,08a3f76a543556f49de7f5a614fede2cc373d77b50620022f99bcc83f571b851
montgomery_mascara_izq,Montgomery,MontgomerySet/ManualMask/leftMask/MCUCXR_0044_0.png,17239,0415e7aa5ced445a074f6b294539846eef5037370901e0c929816aead3b3239a
montgomery_mascara_izq,Montgomery,MontgomerySet/ManualMask/leftMask/MCUCXR_0045_0.png,18554,786cbfe34a154d302fee94a9d4613d7a3d9881e08ec451dce78744b15f460d91
montgomery_mascara_izq,Montgomery,MontgomerySet/ManualMask/leftMask/MCUCXR_0046_0.png,18490,0980416a79027c53376ca65d1910e45ed6c8c33cc20ba49cf55aa8e7c2fb4559
montgomery_mascara_izq,Montgomery,MontgomerySet/ManualMask/leftMask/MCUCXR_0047_0.png,17372,f8cb8631aec40896920569e2433332788e3688dedf5ae148a57c1be1a8286c75
montgomery_mascara_izq,Montgomery,MontgomerySet/ManualMask/leftMask/MCUCXR_0048_0.png,14038,19d27b2e05d56f6fa2ef0cc8c4439ddabf661964c08b064deab96243eaf22d66
montgomery_mascara_izq,Montgomery,MontgomerySet/ManualMask/leftMask/MCUCXR_0049_0.png,17835,60058fe0417f39ba2a933c89f5fcbb568a8d4989d86ccf81229eb507ae55e7d7
montgomery_mascara_izq,Montgomery,MontgomerySet/ManualMask/leftMask/MCUCXR_0051_0.png,19653,3db7c6978402c782c2eabe9dd0c845041da8e8ee6eb56ea681abdda5f22dac5c
montgomery_mascara_izq,Montgomery,MontgomerySet/ManualMask/leftMask/MCUCXR_0052_0.png,10536,13392a67a8c8e734d6ebc3c886b527d525c8e5b039fab5932592d06c0744a6d6
montgomery_mascara_izq,Montgomery,MontgomerySet/ManualMask/leftMask/MCUCXR_0053_0.png,11931,3b11442309e1b93e8c52a446244116caca7a71cf33ec1bf177d1fd4c61b7e609
montgomery_mascara_izq,Montgomery,MontgomerySet/ManualMask/leftMask/MCUCXR_0054_0.png,14433,03a9da2e73d83e20e2fd47b1826ae61a4d4b5a1dfc41f2f1d903f2f9e2fce094
montgomery_mascara_izq,Montgomery,MontgomerySet/ManualMask/leftMask/MCUCXR_0055_0.png,17692,f2d70736d88b4d5f708f020dd26b5934a81ebac7417fc0303deb291555728b52
montgomery_mascara_izq,Montgomery,MontgomerySet/ManualMask/leftMask/MCUCXR_0056_0.png,15445,33f58b614e991eec5440dddd266dad82b61dc41709fc054de3e0d6cae6d99f96
montgomery_mascara_izq,Montgomery,MontgomerySet/ManualMask/leftMask/MCUCXR_0057_0.png,15841,374ea4747a455998e3604fa54c88fa6c96b3b10c1382f4962d3bb3a022321198
montgomery_mascara_izq,Montgomery,MontgomerySet/ManualMask/leftMask/MCUCXR_0058_0.png,14101,f4ae023d322f2867495be8375516ce55af340178ccb483dd0b22ed641eb7cd77
montgomery_mascara_izq,Montgomery,MontgomerySet/ManualMask/leftMask/MCUCXR_0059_0.png,18312,c613f4ad7f7e45a5324cb8db064014fb3346472b49e6ce966e8245b96b497dd1
montgomery_mascara_izq,Montgomery,MontgomerySet/ManualMask/leftMask/MCUCXR_0060_0.png,9490,f4c7fec644d92e99213a7f49009498c0c1e3cd1687d07b52f44fe3a6f93663fe
montgomery_mascara_izq,Montgomery,MontgomerySet/ManualMask/leftMask/MCUCXR_0061_0.png,10655,1fe6540dbc14337ae6334b9bc405d2495025e35af498e9ef510bfa600f0f6763
montgomery_mascara_izq,Montgomery,MontgomerySet/ManualMask/leftMask/MCUCXR_0062_0.png,14445,1274da68a7fbebd814469195c78d72a5c69e601e94026a1d551e4a11287e7ef6
montgomery_mascara_izq,Montgomery,MontgomerySet/ManualMask/leftMask/MCUCXR_0063_0.png,18137,a6cfa9f0048dda428bcbeff1ae48d3843f66ff793b15ae97c5c8a53a10a9e681
montgomery_mascara_izq,Montgomery,MontgomerySet/ManualMask/leftMask/MCUCXR_0064_0.png,17566,3599b36ed4fc097dc36a0482ab74d717bdd8fd575adf7191364ee1995749a7c3
montgomery_mascara_izq,Montgomery,MontgomerySet/ManualMask/leftMask/MCUCXR_0068_0.png,14029,95dc9f08564d020fae97774f565e098c22eac7b817c49d9df7568f899dcd9d0e
montgomery_mascara_izq,Montgomery,MontgomerySet/ManualMask/leftMask/MCUCXR_0069_0.png,17980,83965cd0766b26631fc5e43c5f0a22210cc42ec76abc63ac0b0ae35f96cddb8d
montgomery_mascara_izq,Montgomery,MontgomerySet/ManualMask/leftMask/MCUCXR_0070_0.png,11994,b78c415675051ecb10de67fd0e810eba779843fb113590d45375bd88e74a9438
montgomery_mascara_izq,Montgomery,MontgomerySet/ManualMask/leftMask/MCUCXR_0071_0.png,16624,c408c490a5e8fd541169ce10f230dd98aa324d0a624201653658557d7690173f
montgomery_mascara_izq,Montgomery,MontgomerySet/ManualMask/leftMask/MCUCXR_0072_0.png,15378,cbf99369a67ca76a9037d3e2bc434eb73c8d85d0bdc44a2e7b7d1cb662c288a5
montgomery_mascara_izq,Montgomery,MontgomerySet/ManualMask/leftMask/MCUCXR_0074_0.png,14167,3caf8a073836f82d7afb064d06ff4a20feb711d9b1728d92be603f6d080951af
montgomery_mascara_izq,Montgomery,MontgomerySet/ManualMask/leftMask/MCUCXR_0075_0.png,14855,5f5dd1cfa9761125f6779bc8ccea64c8e2ba24b729624f41226b5103656909e3
montgomery_mascara_izq,Montgomery,MontgomerySet/ManualMask/leftMask/MCUCXR_0077_0.png,10602,dfb7605f29c72be16f22f083b1116841fb5e8fa7eb8c113f55bafc26cbd1b6b9
montgomery_mascara_izq,Montgomery,MontgomerySet/ManualMask/leftMask/MCUCXR_0079_0.png,20802,18d802c97cfa3ab28374e86a4a35e91c9d22c231db896e059e69f5bb1c775ddd
montgomery_mascara_izq,Montgomery,MontgomerySet/ManualMask/leftMask/MCUCXR_0080_0.png,10273,955f53c4a9c6e515a43a2de3d559a53f5a8d5151084278c687261bd644f92bfb
montgomery_mascara_izq,Montgomery,MontgomerySet/ManualMask/leftMask/MCUCXR_0081_0.png,17499,2a1bde11a13dbd331cdedc2b7df5157ce880a7d3719021464f6dcc9171ebad27
montgomery_mascara_izq,Montgomery,MontgomerySet/ManualMask/leftMask/MCUCXR_0082_0.png,16293,2f728df658053cb065b31f7648e9879e31f600126e9639bbb4f1dda19084c457
montgomery_mascara_izq,Montgomery,MontgomerySet/ManualMask/leftMask/MCUCXR_0083_0.png,19640,6ba9b32b64a95221f5211a8e701295f4bac2bef515901d5fda43e8d23aba4f8a
montgomery_mascara_izq,Montgomery,MontgomerySet/ManualMask/leftMask/MCUCXR_0084_0.png,15275,ccc81cab70a34b53f0de5ec13118966d600dff9fb64d646b3ebcdf077ea8a7b1
montgomery_mascara_izq,Montgomery,MontgomerySet/ManualMask/leftMask/MCUCXR_0085_0.png,16814,379b619bfe5afb742e2f5c0f7b3a1d747244280f811c7fc5cee72679c76e6d79
montgomery_mascara_izq,Montgomery,MontgomerySet/ManualMask/leftMask/MCUCXR_0086_0.png,13343,42e5cd0ec36c81ccbc920b92fa1f08d7bb5e71c77b88b864fa71dd5b13fd2e21
montgomery_mascara_izq,Montgomery,MontgomerySet/ManualMask/leftMask/MCUCXR_0087_0.png,18202,d53b5293c46d285e5c81a368800b11b899f702fd5f887f27abcc94dc54f99b91
montgomery_mascara_izq,Montgomery,MontgomerySet/ManualMask/leftMask/MCUCXR_0089_0.png,20963,0e467da5be314e3d06313b4fa2949d36c1cbda0aa068445b35264812be489e1d
montgomery_mascara_izq,Montgomery,MontgomerySet/ManualMask/leftMask/MCUCXR_0090_0.png,20041,e80685026f1906fece1bea5123afa68e9ebea03432e26f7b73a6d20b58b08f81
montgomery_mascara_izq,Montgomery,MontgomerySet/ManualMask/leftMask/MCUCXR_0091_0.png,17669,cee6ff06fb0f7a7096dab698cdc414ad5ab945b3f14dd668af9a3cfbc4a31ad4
montgomery_mascara_izq,Montgomery,MontgomerySet/ManualMask/leftMask/MCUCXR_0092_0.png,16204,e334a9384b1b60bb11b31dab1dcdc0991bc8443d750a4d950db05a478594f1d1
montgomery_mascara_izq,Montgomery,MontgomerySet/ManualMask/leftMask/MCUCXR_0094_0.png,14477,cc501f791b994082c99e813ae2cb2a637318ad6c9b0e60a0c4feebc385078533
montgomery_mascara_izq,Montgomery,MontgomerySet/ManualMask/leftMask/MCUCXR_0095_0.png,21679,67c664ce69b810254648153809b631f5e2094cf4aae689e3c2afc4964635c854
montgomery_mascara_izq,Montgomery,MontgomerySet/ManualMask/leftMask/MCUCXR_0096_0.png,18195,811fc402573db941d92f664fb464f5b7a22a86212d7396a63a9567c1ab6a83b1
montgomery_mascara_izq,Montgomery,MontgomerySet/ManualMask/leftMask/MCUCXR_0097_0.png,16544,bd079703c263a4c01b54b758ae1e96f1c5097cab0b16e6114856598037eaf235
montgomery_mascara_izq,Montgomery,MontgomerySet/ManualMask/leftMask/MCUCXR_0099_0.png,20223,bfb0342e8813728abf29778f37272d34c82f5a5687b5c08a37332473eb0158ba
montgomery_mascara_izq,Montgomery,MontgomerySet/ManualMask/leftMask/MCUCXR_0100_0.png,16548,406e2572ce78f8dbf9050b38342c9e14d35e58b625981c7e69a94655240e1f94
montgomery_mascara_izq,Montgomery,MontgomerySet/ManualMask/leftMask/MCUCXR_0101_0.png,16006,e7043efbf745d18106e48b43ce77f8a35901b46b891d7c20ec6e3677e3742cc8
montgomery_mascara_izq,Montgomery,MontgomerySet/ManualMask/leftMask/MCUCXR_0102_0.png,20623,adcc6f7ce4c4c8129433e5c638eb17e0a47d787a5096d779763f0b25cf97f63d
montgomery_mascara_izq,Montgomery,MontgomerySet/ManualMask/leftMask/MCUCXR_0103_0.png,19930,d50cbc73a94e6da745959386e779bbee0cf999f719a2c63b07bd1283cab67597
montgomery_mascara_izq,Montgomery,MontgomerySet/ManualMask/leftMask/MCUCXR_0104_1.png,20875,a6150bbd554000a63de91d552f3c581ab1bea217bf8631a329c506de9725d87c
montgomery_mascara_izq,Montgomery,MontgomerySet/ManualMask/leftMask/MCUCXR_0108_1.png,18703,37835f68ada77cc99f056b3cafaae4fc59d5702f85006c94cffd6f337079d4a4
montgomery_mascara_izq,Montgomery,MontgomerySet/ManualMask/leftMask/MCUCXR_0113_1.png,10680,be088d09c2dac30a805ae51b6342aa180e57143f5de87a516fba0f019f06a299
montgomery_mascara_izq,Montgomery,MontgomerySet/ManualMask/leftMask/MCUCXR_0117_1.png,12141,c679432ce6208302eef0978c0fa3c8f2ff3bbc33b6624a6c13496b5a80421c6f
montgomery_mascara_izq,Montgomery,MontgomerySet/ManualMask/leftMask/MCUCXR_0126_1.png,12721,5bfff19150c30abfddbe0b30bed5fdcca6957a8b0ed9c7fc8f6f6f08249af4bc
montgomery_mascara_izq,Montgomery,MontgomerySet/ManualMask/leftMask/MCUCXR_0140_1.png,17896,3ff97114e79a10ae5dc1a34b697b952fe96a704611fdd2afc009ce854448a5ee
montgomery_mascara_izq,Montgomery,MontgomerySet/ManualMask/leftMask/MCUCXR_0141_1.png,21395,0a2d695ff435c77592ef0ab41d48ca1514880d5a7d1e13523edd6bdaae29be5b
montgomery_mascara_izq,Montgomery,MontgomerySet/ManualMask/leftMask/MCUCXR_0142_1.png,16381,8fe2fc564f2349036074cb2a7443c6f3e72e1eabad40c9aedb5ba9a618a09fad
montgomery_mascara_izq,Montgomery,MontgomerySet/ManualMask/leftMask/MCUCXR_0144_1.png,18094,1c1187635a5855f12fcef33ae8c5d11657fff5487a7b7198ea5b622833309612
montgomery_mascara_izq,Montgomery,MontgomerySet/ManualMask/leftMask/MCUCXR_0150_1.png,19013,09f431b2d8fc59c88444a17003d38fcfce1b3aa633e506465c91ee1344fb8ba5
montgomery_mascara_izq,Montgomery,MontgomerySet/ManualMask/leftMask/MCUCXR_0162_1.png,20477,85f21a5814a6b7cda1124b2c6df62f3c897210ce2ebb9da91cab9ab947ebabf6
montgomery_mascara_izq,Montgomery,MontgomerySet/ManualMask/leftMask/MCUCXR_0166_1.png,19573,bda80882cc38051cc7cec88fff4d376905f154efc241f699aeb739652424d7d2
montgomery_mascara_izq,Montgomery,MontgomerySet/ManualMask/leftMask/MCUCXR_0170_1.png,20083,9f485292bde46df99bb4553d4afeef64fb1a1189b1a9e8bf14f2b9875f3e5d58
montgomery_mascara_izq,Montgomery,MontgomerySet/ManualMask/leftMask/MCUCXR_0173_1.png,20652,bef6eb2900fa45ff13b656930d7d2b4de890be2ceeb3321db41b8710bbc18822
montgomery_mascara_izq,Montgomery,MontgomerySet/ManualMask/leftMask/MCUCXR_0182_1.png,15296,b06b9cb2b5673844dffc5823bae8f0bb72d31b0c2f0d7841b16672c6e1f501a4
montgomery_mascara_izq,Montgomery,MontgomerySet/ManualMask/leftMask/MCUCXR_0188_1.png,18930,e207aae271f6474976efaa41a4be45f0a2f1f263c0e7b51836176d27fc7c5a8b
montgomery_mascara_izq,Montgomery,MontgomerySet/ManualMask/leftMask/MCUCXR_0194_1.png,11809,ebf3fa590a682c707b470c7f4f28b6f718576143fdee44d827f13d891b50f7d6
montgomery_mascara_izq,Montgomery,MontgomerySet/ManualMask/leftMask/MCUCXR_0195_1.png,16954,4b5eaca73bd2d2d13d777d644f8c195bc89172c11f2db04bbf95f6b167bb8306
montgomery_mascara_izq,Montgomery,MontgomerySet/ManualMask/leftMask/MCUCXR_0196_1.png,17370,90125035459851720a70ad02f6aa1b5ae861c7df418230b19af7a8b5d1f66a81
montgomery_mascara_izq,Montgomery,MontgomerySet/ManualMask/leftMask/MCUCXR_0203_1.png,17025,39fd40715cd6528abfa0bebdc2aeb90284356df93ea514f00d915ec0a3b97c21
montgomery_mascara_izq,Montgomery,MontgomerySet/ManualMask/leftMask/MCUCXR_0213_1.png,16194,4191251bc8c14c34950628e7b38871463f43721ee9c0d6c4eca2227e6a30f5fb
montgomery_mascara_izq,Montgomery,MontgomerySet/ManualMask/leftMask/MCUCXR_0218_1.png,18995,25a968ea97ecd3d2917e1f77cca601fce15050372bcc2de899dded08afdeb9d4
montgomery_mascara_izq,Montgomery,MontgomerySet/ManualMask/leftMask/MCUCXR_0223_1.png,19112,97f6dff76231cd38a77e780bf72486e97022a646a4cfe58f2c16b680ec0d28dd
montgomery_mascara_izq,Montgomery,MontgomerySet/ManualMask/leftMask/MCUCXR_0228_1.png,18079,622fe4c96a4bed46c01f23a5016c57fb121665845d771b119dab7c808ca36d5b
montgomery_mascara_izq,Montgomery,MontgomerySet/ManualMask/leftMask/MCUCXR_0243_1.png,20277,a08360c3172405b84b88b3539abd8f10a0355e4f0d11d798ad5dada5e54f0033
montgomery_mascara_izq,Montgomery,MontgomerySet/ManualMask/leftMask/MCUCXR_0251_1.png,13892,f8bb9ffc49ec40eb5771f2686af83ebe98d5494930bf29403a6e3118255f2545
montgomery_mascara_izq,Montgomery,MontgomerySet/ManualMask/leftMask/MCUCXR_0253_1.png,17811,dbfcce3e77eadbe0f778f9c35aaf25ebc2c6b8f50798d308350466dd5190988b
montgomery_mascara_izq,Montgomery,MontgomerySet/ManualMask/leftMask/MCUCXR_0254_1.png,20143,76c17b765fd9c5a337c355f6c075765dcfe5217774847828b26adb6268182e01
montgomery_mascara_izq,Montgomery,MontgomerySet/ManualMask/leftMask/MCUCXR_0255_1.png,20317,a9073ba61e98038b3ccdb15746a7bbb86feb26300e3cbf522f74d09102ed09ca
montgomery_mascara_izq,Montgomery,MontgomerySet/ManualMask/leftMask/MCUCXR_0258_1.png,10572,2a782d7ceb06cbe312bcd0f0b3e0804485d8585686fe3c360c4bcb8cd49ea01d
montgomery_mascara_izq,Montgomery,MontgomerySet/ManualMask/leftMask/MCUCXR_0264_1.png,18198,e8c492645650d6454159dd5c4a16b5949e84b969ed1c54f3967a8b8bbcda72c8
montgomery_mascara_izq,Montgomery,MontgomerySet/ManualMask/leftMask/MCUCXR_0266_1.png,19057,6fc5e539df42cd65f4e05b10152ede6a716a0d1d6ce1d7fd6070c4f07521a005
montgomery_mascara_izq,Montgomery,MontgomerySet/ManualMask/leftMask/MCUCXR_0275_1.png,19175,61b5d285d693115f06afd910525c7c2ae791f1157cbeefbb1cb08a3b561c8221
montgomery_mascara_izq,Montgomery,MontgomerySet/ManualMask/leftMask/MCUCXR_0282_1.png,18792,78ceedf4cd1da5121953415969eb54265f405e731679689aa5dc1b88ed33a92a
montgomery_mascara_izq,Montgomery,MontgomerySet/ManualMask/leftMask/MCUCXR_0289_1.png,14976,fcec9fca46a3d113a7ecba4b7be4cc7b20cc21a68e7a077843acc4587c5de33e
montgomery_mascara_izq,Montgomery,MontgomerySet/ManualMask/leftMask/MCUCXR_0294_1.png,15778,a03ed5b375f1bb4d605045b1c18642e9016fc45312ea90c5c47d46dcd9b100bd
montgomery_mascara_izq,Montgomery,MontgomerySet/ManualMask/leftMask/MCUCXR_0301_1.png,18714,99d2ce6e6fbb72e738dbad1421ad87e56768d931be91913592cb2479193b083c
montgomery_mascara_izq,Montgomery,MontgomerySet/ManualMask/leftMask/MCUCXR_0309_1.png,10344,52ab942ba65f3c3771288de17f485c586f0091657a97b39444305da279c7b10c
montgomery_mascara_izq,Montgomery,MontgomerySet/ManualMask/leftMask/MCUCXR_0311_1.png,9828,b863d89cf458750900e9bc6ef83e5f10be1fe7fdde76b3c3b6c3af3adcf3066c
montgomery_mascara_izq,Montgomery,MontgomerySet/ManualMask/leftMask/MCUCXR_0313_1.png,18141,6c3340095e436c2f261d6baa48874b9ee64a56eea1458594418b49711239b4ee
montgomery_mascara_izq,Montgomery,MontgomerySet/ManualMask/leftMask/MCUCXR_0316_1.png,17882,816bf31f25734076063f6573a9324956287fba70e529c305c9c9c6050b11e940
montgomery_mascara_izq,Montgomery,MontgomerySet/ManualMask/leftMask/MCUCXR_0331_1.png,19589,ee2f0d0c5fbfbc678de32f3a0fdc3d269ef7b1d9fa5d277d4c792560b2520246
montgomery_mascara_izq,Montgomery,MontgomerySet/ManualMask/leftMask/MCUCXR_0334_1.png,15889,23db5a5625be7d72db457f357564b0457aeb0af08f5c698c55383cb535b69a50
montgomery_mascara_izq,Montgomery,MontgomerySet/ManualMask/leftMask/MCUCXR_0338_1.png,22447,c829b2c5c11f2c4c2465e417ecb5957d0ff24eebdfdd805957f46ec610134adc
montgomery_mascara_izq,Montgomery,MontgomerySet/ManualMask/leftMask/MCUCXR_0348_1.png,12948,cd2f5ee508bc6db801f8a9841530fcd4522c5b833fe46ac55e4fd4ec60d557ec
montgomery_mascara_izq,Montgomery,MontgomerySet/ManualMask/leftMask/MCUCXR_0350_1.png,18573,26da4d9a7648fd9131cb20383629c0f0607b8916e3c15437a71bf9639a9a54f4
montgomery_mascara_izq,Montgomery,MontgomerySet/ManualMask/leftMask/MCUCXR_0352_1.png,16527,028879b2ed2e935aa4be40713abcac1766a2f600529006f4656f09958aae5995
montgomery_mascara_izq,Montgomery,MontgomerySet/ManualMask/leftMask/MCUCXR_0354_1.png,21115,b5cff2c98a4702ddda02e0bd6659f368bbffa3a4a4f8ae023b55fa2d70d19047
montgomery_mascara_izq,Montgomery,MontgomerySet/ManualMask/leftMask/MCUCXR_0362_1.png,14293,41ed2a3ed0a8fdb8a86d29f44b5546b012b57e0dcaffee80eca089eb8aad5fcf
montgomery_mascara_izq,Montgomery,MontgomerySet/ManualMask/leftMask/MCUCXR_0367_1.png,12368,05e80264b175a5ae8dea4c4daf8d348ad390e595e2ab7e09adb84623aace8dd7
montgomery_mascara_izq,Montgomery,MontgomerySet/ManualMask/leftMask/MCUCXR_0369_1.png,13576,794f7ed0586d861d8c1602f324053b58572722a4b3ab90709223a67848b7cc1b
montgomery_mascara_izq,Montgomery,MontgomerySet/ManualMask/leftMask/MCUCXR_0372_1.png,12316,30c8fa08482df26a5be1b99897df86adf40523709852eaa87936511d488de02a
montgomery_mascara_izq,Montgomery,MontgomerySet/ManualMask/leftMask/MCUCXR_0375_1.png,14698,a59276287b7601e677e6a45d210c8703a485cb49f56769d2b56ea3fb5abe219a
montgomery_mascara_izq,Montgomery,MontgomerySet/ManualMask/leftMask/MCUCXR_0383_1.png,15061,f95d807806d313aebed8297ecd666bac0804f6a91864161b4ab633e75b4729cd
montgomery_mascara_izq,Montgomery,MontgomerySet/ManualMask/leftMask/MCUCXR_0387_1.png,19692,4d8568d6b6b749152569801f62150ce8716c0ff2f339d6f911408faf9058aa3c
montgomery_mascara_izq,Montgomery,MontgomerySet/ManualMask/leftMask/MCUCXR_0390_1.png,17823,4d77ba0bcbff8105bbd9e26bfab682592c0d44d6b43cc6424939137119ff7819
montgomery_mascara_izq,Montgomery,MontgomerySet/ManualMask/leftMask/MCUCXR_0393_1.png,17795,ede232bbb39a8fa1ee3a782c272ef390d32f4d41aede106c232651b37c2f77de
montgomery_mascara_izq,Montgomery,MontgomerySet/ManualMask/leftMask/MCUCXR_0399_1.png,15269,43f86fbdf6306ca6ebad98a7d6be5df6932cc56fdad60b0cecdfcce6c2de3816
montgomery_mascara_der,Montgomery,MontgomerySet/ManualMask/rightMask/MCUCXR_0001_0.png,16029,aa075a4a0b6301904ae06b2575f71f4d624cb149aa0f7f1d48d14e34d2329ee2
montgomery_mascara_der,Montgomery,MontgomerySet/ManualMask/rightMask/MCUCXR_0002_0.png,14106,fbca965dd875a77f83b74235243f9d3c2a4f8900b886ea38288c1ee055b235b7
montgomery_mascara_der,Montgomery,MontgomerySet/ManualMask/rightMask/MCUCXR_0003_0.png,16419,51cd8b211710b1bf5cf69c4af698521c13db95901d9b7d80a0c21043fc361f58
montgomery_mascara_der,Montgomery,MontgomerySet/ManualMask/rightMask/MCUCXR_0004_0.png,11829,c3e57a5cc1e8064918f47d22685a3c20faea0373ffa2303ab6f7fc6b0085bbf7
montgomery_mascara_der,Montgomery,MontgomerySet/ManualMask/rightMask/MCUCXR_0005_0.png,18659,84abf1ce8b4360b8445b69996f4fdfbd4e17f7af4372bc98e82076af6876c289
montgomery_mascara_der,Montgomery,MontgomerySet/ManualMask/rightMask/MCUCXR_0006_0.png,14855,1b99f284526dd148b19862079183b3694a03343b2da2ab496c0ae1acdb089274
montgomery_mascara_der,Montgomery,MontgomerySet/ManualMask/rightMask/MCUCXR_0008_0.png,15228,16346dd8926c088be04f2efa3fe1a27e5a0bf95a170e699d85302537d5b9b112
montgomery_mascara_der,Montgomery,MontgomerySet/ManualMask/rightMask/MCUCXR_0011_0.png,15495,efabd0ca3b481d4cc7c6c90e15fe77e330377a0dfe909a11c23cc12ba2ff5a32
montgomery_mascara_der,Montgomery,MontgomerySet/ManualMask/rightMask/MCUCXR_0013_0.png,14373,962a459e90bb977dc28ceaf95951c0582ef32ba240c6e5296d3f0b4c3e95ec36
montgomery_mascara_der,Montgomery,MontgomerySet/ManualMask/rightMask/MCUCXR_0015_0.png,18358,d12ace3e3138e698c9aa49500d25b42a798dc5c2b197124c2a8536740b511436
montgomery_mascara_der,Montgomery,MontgomerySet/ManualMask/rightMask/MCUCXR_0016_0.png,16502,a4f82a671d883f23505412946a169464787566ce83b39a2dffcb8755b9ab80a6
montgomery_mascara_der,Montgomery,MontgomerySet/ManualMask/rightMask/MCUCXR_0017_0.png,12603,efb93dba8da9ca2309fd691bed453409d32f9046826131e33a74acbe438fd7c3
montgomery_mascara_der,Montgomery,MontgomerySet/ManualMask/rightMask/MCUCXR_0019_0.png,16521,76a4929fc1f63446d83656f7516df1de78994920082e4fd6adf88daf772b6dcd
montgomery_mascara_der,Montgomery,MontgomerySet/ManualMask/rightMask/MCUCXR_0020_0.png,17592,4576b8b798db5ad5f33a5a404ba0a180b54019e431d81f055582b27c0a62b47d
montgomery_mascara_der,Montgomery,MontgomerySet/ManualMask/rightMask/MCUCXR_0021_0.png,15003,53afe2e32d263100339bb62e098f908a46b4a9cb906c2258f0803ae1df654fff
montgomery_mascara_der,Montgomery,MontgomerySet/ManualMask/rightMask/MCUCXR_0022_0.png,21591,aeb4230cd3cee31d656323e0ed8137834d3a793c754d3e6fbb01a9536b074714
montgomery_mascara_der,Montgomery,MontgomerySet/ManualMask/rightMask/MCUCXR_0023_0.png,22140,b925d34fe382a90ddceda2c37d678d43f37a8aae40b875ce13c6435f8ba83a2f
montgomery_mascara_der,Montgomery,MontgomerySet/ManualMask/rightMask/MCUCXR_0024_0.png,13218,74df1dfc05230b71bfc1aaf3dbf78758bf803ae041769e8c2129bbeaeebfe004
montgomery_mascara_der,Montgomery,MontgomerySet/ManualMask/rightMask/MCUCXR_0026_0.png,12360,54b2b6689f4fe5603939b0796c386a519d02bb493a56ed7ef4a7756f66cb8efa
montgomery_mascara_der,Montgomery,MontgomerySet/ManualMask/rightMask/MCUCXR_0027_0.png,13776,808155487c0a4340dbc3d3960a4f3474f826ebf8b19df248e07b6e259aa8357d
montgomery_mascara_der,Montgomery,MontgomerySet/ManualMask/rightMask/MCUCXR_0028_0.png,13079,06bd24933feb9ef867fd9481f1a356708ed9b040dbb298b732aa1546654d016b
montgomery_mascara_der,Montgomery,MontgomerySet/ManualMask/rightMask/MCUCXR_0029_0.png,15600,3acc629b18e142b9c3a4a423920d8bea3fc44f2b75eea77c97182d9c1263eb47
montgomery_mascara_der,Montgomery,MontgomerySet/ManualMask/rightMask/MCUCXR_0030_0.png,20138,3822c97ecc52e706b4af7e6a327f71e0f5185548ee9096d527c677a360f62759
montgomery_mascara_der,Montgomery,MontgomerySet/ManualMask/rightMask/MCUCXR_0031_0.png,19347,ea3a2ab9d367f7e33eff1d79724fd6ed6dbb8af7ddc369f874cf5638502cb864
montgomery_mascara_der,Montgomery,MontgomerySet/ManualMask/rightMask/MCUCXR_0035_0.png,16284,b55555383e11a96bc0cbf6863c3c616d03249b97da4a13f3c8b5aaacea6fcb97
montgomery_mascara_der,Montgomery,MontgomerySet/ManualMask/rightMask/MCUCXR_0038_0.png,15857,8fcb6e6a42378ad881a7ff45452627ed4ac1f6536a956b0165403398500e23a3
montgomery_mascara_der,Montgomery,MontgomerySet/ManualMask/rightMask/MCUCXR_0040_0.png,15344,9e128e8a2d2e47ef48584f233f96a17e69feb62f791e702e06067cec0c4137fe
montgomery_mascara_der,Montgomery,MontgomerySet/ManualMask/rightMask/MCUCXR_0041_0.png,12123,ce090b90f1951b21b6f8bacbcffbed2d9e26aa87d96d046622a7990b823211b1
montgomery_mascara_der,Montgomery,MontgomerySet/ManualMask/rightMask/MCUCXR_0042_0.png,11127,221c71c731b0255a171a1e51b91275616c0f6f023b38aa215c158330040cc033
montgomery_mascara_der,Montgomery,MontgomerySet/ManualMask/rightMask/MCUCXR_0043_0.png,15119,95aaafb4026bf4b7f3e59bdefd72ae73d8b304af4609e7cdf44793560b0656be
montgomery_mascara_der,Montgomery,MontgomerySet/ManualMask/rightMask/MCUCXR_0044_0.png,16385,273eef9c67409ad62949e69fac0c23f0ae7481d69067c5feaec0792e5d07f48f
montgomery_mascara_der,Montgomery,MontgomerySet/ManualMask/rightMask/MCUCXR_0045_0.png,16225,5bab36c4d15e96b0977333d6f1ceaef5568ac68bebcb5e4be67569c88bbcaf77
montgomery_mascara_der,Montgomery,MontgomerySet/ManualMask/rightMask/MCUCXR_0046_0.png,15572,7abd227eeffb992cc3979827306948f667ab3a63efdb36242d23454b71c0e80f
montgomery_mascara_der,Montgomery,MontgomerySet/ManualMask/rightMask/MCUCXR_0047_0.png,15289,c31c2cd685e2446dc82c84e6dcc9f1c371d14577541d9258072030322206df26
montgomery_mascara_der,Montgomery,MontgomerySet/ManualMask/rightMask/MCUCXR_0048_0.png,12904,a362e2766f23bbf4543f36aa2515c0b6c8fe068a82c718db777c0cf478e7975d
montgomery_mascara_der,Montgomery,MontgomerySet/ManualMask/rightMask/MCUCXR_0049_0.png,13419,c09fa8ab84f9e10ac6977d16900ac387c90c8f7d9c7405b2812ed654b5ac98dc
montgomery_mascara_der,Montgomery,MontgomerySet/ManualMask/rightMask/MCUCXR_0051_0.png,18338,fdc3885f1de79bd41d392b2475f5f6f2bf0c23b10eadfbc473a0380c403660ca
montgomery_mascara_der,Montgomery,MontgomerySet/ManualMask/rightMask/MCUCXR_0052_0.png,11318,1eb7c5121f15ba8bb9f05f213735e98da24c3d84c5852916e77bd0a4c133743f
montgomery_mascara_der,Montgomery,MontgomerySet/ManualMask/rightMask/MCUCXR_0053_0.png,11684,5ee089cc699de99b9407fc19e9872d1d0cb109f58be6cf2a63babfef399eaee3
montgomery_mascara_der,Montgomery,MontgomerySet/ManualMask/rightMask/MCUCXR_0054_0.png,14872,a052bd91f8e6d4e281b01c7276275d5cb42f1858077ea946d0b931044cb121d3
montgomery_mascara_der,Montgomery,MontgomerySet/ManualMask/rightMask/MCUCXR_0055_0.png,15386,73499fb51360c9dcc6e90c273687e6f61d0dd6fc6a3f7d85b6dda975a2580d0b
montgomery_mascara_der,Montgomery,MontgomerySet/ManualMask/rightMask/MCUCXR_0056_0.png,14484,92cfd761154de6071958bb314260f37a5d6e29d247db38adc8cc772551001531
montgomery_mascara_der,Montgomery,MontgomerySet/ManualMask/rightMask/MCUCXR_0057_0.png,15402,e95282f85be07c516d7a2e5c698c2f5606f1f495b30aeb60cd3bfb0357516526
montgomery_mascara_der,Montgomery,MontgomerySet/ManualMask/rightMask/MCUCXR_0058_0.png,13399,d265974291b6b2cdc4413e942999b2744951f9c69ed6f7beeb2d7368b745c147
montgomery_mascara_der,Montgomery,MontgomerySet/ManualMask/rightMask/MCUCXR_0059_0.png,16061,b03d582e326fb31926e4a592306844d1995ed6e77ed433058bc30cf63668422d
montgomery_mascara_der,Montgomery,MontgomerySet/ManualMask/rightMask/MCUCXR_0060_0.png,10054,346ca579499b68c8d0cb33e02c137eba6f51d2b50f1de1f499b7033ead78443e
montgomery_mascara_der,Montgomery,MontgomerySet/ManualMask/rightMask/MCUCXR_0061_0.png,10872,4ff7ce48c52010eebec354dcefbc83a05eac44d90832c94ad05667baf5e9fd8b
montgomery_mascara_der,Montgomery,MontgomerySet/ManualMask/rightMask/MCUCXR_0062_0.png,13434,5001aab0448e7a214cb1f17b77386558a9a616a2e760cff86378f476268fc67a
montgomery_mascara_der,Montgomery,MontgomerySet/ManualMask/rightMask/MCUCXR_0063_0.png,17047,a6f691487812d7712e82d18c4b47bd0f63b8ee7402499431c4d030dfa021c709
montgomery_mascara_der,Montgomery,MontgomerySet/ManualMask/rightMask/MCUCXR_0064_0.png,14199,d32deaf344ae5ca75ac605acf865f36cf3bdd2b9fb5836ef88d90e92547170d2
montgomery_mascara_der,Montgomery,MontgomerySet/ManualMask/rightMask/MCUCXR_0068_0.png,15192,3bc14f55aac08e4b88e3778402b453fae56f7b4f4cf6c65e8be18d6f0fde47a4
montgomery_mascara_der,Montgomery,MontgomerySet/ManualMask/rightMask/MCUCXR_0069_0.png,17337,dc54b7d1a276f23d6bc3f7a52346d1bd0f0bbe8fc18a37c67dc367cd9bac1580
montgomery_mascara_der,Montgomery,MontgomerySet/ManualMask/rightMask/MCUCXR_0070_0.png,12545,e5f68c40b1081219c2736237157412c92cf81e7b3076d7936aa9f44c2d18eb89
montgomery_mascara_der,Montgomery,MontgomerySet/ManualMask/rightMask/MCUCXR_0071_0.png,14927,a03463b9c17eea389fea2e1c7f8b128fecf09210f881da253afb1dfd1e43d537
montgomery_mascara_der,Montgomery,MontgomerySet/ManualMask/rightMask/MCUCXR_0072_0.png,14622,2a81808eff8953e5dbe49bcecf35a05ba3fbffe77fcfb9d456e92f8dde78047b
montgomery_mascara_der,Montgomery,MontgomerySet/ManualMask/rightMask/MCUCXR_0074_0.png,12618,fa85ea4e3fb93535d7d9ad2ae9ffa7f6f3264b7214646142ebd3e9a4e7ed72f1
montgomery_mascara_der,Montgomery,MontgomerySet/ManualMask/rightMask/MCUCXR_0075_0.png,13431,e2fe955afa0ddd27f8bea3a1ab4606d44cc526ccfcea0a421f5b0b08e1cb79a2
montgomery_mascara_der,Montgomery,MontgomerySet/ManualMask/rightMask/MCUCXR_0077_0.png,11005,11147e256966daf99ffb02e3031d3795eec3efbbc44eee84257ae3b843aed9dc
montgomery_mascara_der,Montgomery,MontgomerySet/ManualMask/rightMask/MCUCXR_0079_0.png,20014,fbe0dd6c97d067d03fbac0582d4498a0f42678522a4b40417590adfb27974b6d
montgomery_mascara_der,Montgomery,MontgomerySet/ManualMask/rightMask/MCUCXR_0080_0.png,9988,72af8704bcf47ec84231bb6385d95e3b7c7b4c645fc7bcb6b870607e266d28fa
montgomery_mascara_der,Montgomery,MontgomerySet/ManualMask/rightMask/MCUCXR_0081_0.png,15897,4364fabd5296cc566826d2e12400171297b6e93adaeaf459fcd74356c40186f2
montgomery_mascara_der,Montgomery,MontgomerySet/ManualMask/rightMask/MCUCXR_0082_0.png,15556,026bf86f0351a5c10d157e14ea23233705a23959308d12017fb01c6f3fd8ee86
montgomery_mascara_der,Montgomery,MontgomerySet/ManualMask/rightMask/MCUCXR_0083_0.png,19961,87efe4d7d14ca63af5842df5b2d02539c04f6338b3ccb0dcdd74a9766b8827bd
montgomery_mascara_der,Montgomery,MontgomerySet/ManualMask/rightMask/MCUCXR_0084_0.png,13745,9175e00749c81e9a2f841faf4f3b7a2fac323a241819f99a1e7bc80e67bc472d
montgomery_mascara_der,Montgomery,MontgomerySet/ManualMask/rightMask/MCUCXR_0085_0.png,15227,81ecd365e72005b092eae352e1712c7d574157ab7c3b6708f94897b7f60f1a4e
montgomery_mascara_der,Montgomery,MontgomerySet/ManualMask/rightMask/MCUCXR_0086_0.png,11735,23d7c77f735a87d1c304dc3bb5b579c47c8142d974ce83ff1790bd6c9e798330
montgomery_mascara_der,Montgomery,MontgomerySet/ManualMask/rightMask/MCUCXR_0087_0.png,16022,80b209a0c17817ef3245274b6225ea1cd92ced6c4d4c95d6969cb9cda3a37520
montgomery_mascara_der,Montgomery,MontgomerySet/ManualMask/rightMask/MCUCXR_0089_0.png,20253,20686dbdcffdc6b6fe65060c44faea3d1e5f6e700143b66989b1496409260f21
montgomery_mascara_der,Montgomery,MontgomerySet/ManualMask/rightMask/MCUCXR_0090_0.png,20168,f832bf1689eca9f67ad957e0b0f6c0d4935f344a78fa93fafab58c7df6070fe3
montgomery_mascara_der,Montgomery,MontgomerySet/ManualMask/rightMask/MCUCXR_0091_0.png,15856,216097ec51406552d2175fda7feeba6e3a9d7289988e41474c31104689355144
montgomery_mascara_der,Montgomery,MontgomerySet/ManualMask/rightMask/MCUCXR_0092_0.png,15655,ef44efe2981c0bfbe9972732dd1a0a7b449e1adc6121cd044d27ae15a301c3e0
montgomery_mascara_der,Montgomery,MontgomerySet/ManualMask/rightMask/MCUCXR_0094_0.png,14386,17160ff06a2d6a0eb22e32113163792bb9ba8bbd36ae5bed145d642d100bb56f
montgomery_mascara_der,Montgomery,MontgomerySet/ManualMask/rightMask/MCUCXR_0095_0.png,18369,88f5a91709081daa44e9b8e4177cf0e4d3db213b2ce76378d71571ab3ad9e11a
montgomery_mascara_der,Montgomery,MontgomerySet/ManualMask/rightMask/MCUCXR_0096_0.png,16463,0f61663d76e3ffd2da6f5ea746b3e97dc5d9a2e924e2066c1c8e68d1bc7d6584
montgomery_mascara_der,Montgomery,MontgomerySet/ManualMask/rightMask/MCUCXR_0097_0.png,13510,0d8dbd0e70d3fd94318a59c34e473ce9ab326c50818e00b0d24d12b85886cdbe
montgomery_mascara_der,Montgomery,MontgomerySet/ManualMask/rightMask/MCUCXR_0099_0.png,17389,4aebc998fdd37699acd31b587f593117c9ed31ae170eaab9c0e874ffc4564dea
montgomery_mascara_der,Montgomery,MontgomerySet/ManualMask/rightMask/MCUCXR_0100_0.png,16039,ebbd9c28e93f2963242f153533948c4a605bf76c2c34eb4fce4c846fe8c8a4e4
montgomery_mascara_der,Montgomery,MontgomerySet/ManualMask/rightMask/MCUCXR_0101_0.png,14356,c991b753e904316f8ece384e0bc44658a80bc1336cae4f960c681f0579d10f0c
montgomery_mascara_der,Montgomery,MontgomerySet/ManualMask/rightMask/MCUCXR_0102_0.png,20076,d297abcb638d2dfb850ec4ca3902cd86a65efa265a68cbab433cd3ed405eef8f
montgomery_mascara_der,Montgomery,MontgomerySet/ManualMask/rightMask/MCUCXR_0103_0.png,17434,9812b54f635d8789aa330b831c9762f84b0080fc8cfe6093e3ae06c73e0730a7
montgomery_mascara_der,Montgomery,MontgomerySet/ManualMask/rightMask/MCUCXR_0104_1.png,17123,0cc080e93e08ce6555214c10003276d0626a669e024deb97573b1e59c06c886e
montgomery_mascara_der,Montgomery,MontgomerySet/ManualMask/rightMask/MCUCXR_0108_1.png,14841,48e9d207b71d3e5efcf931b2112a51c6b469afd0a0590ca1b4c0108398eddaf0
montgomery_mascara_der,Montgomery,MontgomerySet/ManualMask/rightMask/MCUCXR_0113_1.png,13988,805fa9d3ac53f4d6aa434cccc078d71a5ec918c290a4d149a19e2ce4325eb020
montgomery_mascara_der,Montgomery,MontgomerySet/ManualMask/rightMask/MCUCXR_0117_1.png,12740,32a32d2639b7cf9968079c1177451abce23a2cfffe88687d7c176d08f05d325b
montgomery_mascara_der,Montgomery,MontgomerySet/ManualMask/rightMask/MCUCXR_0126_1.png,16222,5354975c30536b3823fe42db9532e28a686f9705b6d367f04890733c471dca14
montgomery_mascara_der,Montgomery,MontgomerySet/ManualMask/rightMask/MCUCXR_0140_1.png,16941,be851db01a177c27a5bedc83bf8dc10160601169a87b8b86e5ca87de23d5a53a
montgomery_mascara_der,Montgomery,MontgomerySet/ManualMask/rightMask/MCUCXR_0141_1.png,19211,3e5289048b2dc726eb8499df0c1e09737522066310a8bc840d32969f1b6ccd8a
montgomery_mascara_der,Montgomery,MontgomerySet/ManualMask/rightMask/MCUCXR_0142_1.png,15609,839f11d294dde028541aec84909a1a617dd3e106f26bf1093ec43196995e7c5c
montgomery_mascara_der,Montgomery,MontgomerySet/ManualMask/rightMask/MCUCXR_0144_1.png,15246,c873ac8c132e6aff3365ad665ac1937b3b09129f8f70fa07c4f232ffe97e6d50
montgomery_mascara_der,Montgomery,MontgomerySet/ManualMask/rightMask/MCUCXR_0150_1.png,16684,38f876bc73baa7e3499516611a30c7ce72bd6d05c9b4dccad8e63f7ccbc8c864
montgomery_mascara_der,Montgomery,MontgomerySet/ManualMask/rightMask/MCUCXR_0162_1.png,21447,47fc185ae75343cae1db1e0c230b7c681c6dbe5755cd542224d474476e0fa570
montgomery_mascara_der,Montgomery,MontgomerySet/ManualMask/rightMask/MCUCXR_0166_1.png,19291,606f59a7bed645ae5a8a12b26c7a59733f4a980bf92ff47ff6b0056cb819006c
montgomery_mascara_der,Montgomery,MontgomerySet/ManualMask/rightMask/MCUCXR_0170_1.png,20156,339011b4ba073b188b9126d0e491935d248baaaf11f0ee4ccbe0770dce4723a4
montgomery_mascara_der,Montgomery,MontgomerySet/ManualMask/rightMask/MCUCXR_0173_1.png,19843,fee79586a85289d5e98c263eae91124a3e13bf1aba4aa72dc5c354136b55e215
montgomery_mascara_der,Montgomery,MontgomerySet/ManualMask/rightMask/MCUCXR_0182_1.png,18068,6dfc5f63c94430af54d182657760a9985c66e27a08e5d341633a3d77b8f5fca0
montgomery_mascara_der,Montgomery,MontgomerySet/ManualMask/rightMask/MCUCXR_0188_1.png,18912,9eb76083953448ea01b7487c73c76d042818ecbe8afcdcda5e7ba356088a04c6
montgomery_mascara_der,Montgomery,MontgomerySet/ManualMask/rightMask/MCUCXR_0194_1.png,14308,4e419196528490c43524e907ac6ef9acf57b49d8e7df83285e3cf58560147609
montgomery_mascara_der,Montgomery,MontgomerySet/ManualMask/rightMask/MCUCXR_0195_1.png,13141,122f63a09401b05cdd26b40ee83d2954797dde34ec8221fd3ca69b8ce512d821
montgomery_mascara_der,Montgomery,MontgomerySet/ManualMask/rightMask/MCUCXR_0196_1.png,12119,ef1c41f3b42e9d860a668eac1861705b004e41d875fa5dc43c71f95ad06eebe6
montgomery_mascara_der,Montgomery,MontgomerySet/ManualMask/rightMask/MCUCXR_0203_1.png,15870,0945af892a37959039a3ba9cae9695865fb62062ccf765a87779a3c479b5eaac
montgomery_mascara_der,Montgomery,MontgomerySet/ManualMask/rightMask/MCUCXR_0213_1.png,14558,1060b540d53cb240811fba0ee09efdd2b69af7042b3a487bf78e5dc8adfa6175
montgomery_mascara_der,Montgomery,MontgomerySet/ManualMask/rightMask/MCUCXR_0218_1.png,16704,abbe47d4c0fd24daaed28166b3834ccb5386455b261970f6d1eb3e72ba37080b
montgomery_mascara_der,Montgomery,MontgomerySet/ManualMask/rightMask/MCUCXR_0223_1.png,14414,d21ba49ab05d6b5e5299c7debe381ae21b80b836b3be149cfc6c9dacb60ffcab
montgomery_mascara_der,Montgomery,MontgomerySet/ManualMask/rightMask/MCUCXR_0228_1.png,16325,4e636f595cc9889418e225867fdf433c48bd4e86f654b23a2031ce585c388ca2
montgomery_mascara_der,Montgomery,MontgomerySet/ManualMask/rightMask/MCUCXR_0243_1.png,19248,4030107bef4cc8b1de49ef241ea9ae4406506fb5f8630a4ffb4fa6b4ae695b35
montgomery_mascara_der,Montgomery,MontgomerySet/ManualMask/rightMask/MCUCXR_0251_1.png,13888,9d47a265724fd90e280e91df219d1c6117bbcd9ea02998ae66e4c244391dafcd
montgomery_mascara_der,Montgomery,MontgomerySet/ManualMask/rightMask/MCUCXR_0253_1.png,16037,d12107a252ed8ae4e1c589db10ff172e4f4cb35ed231012979f55484ca730c5a
montgomery_mascara_der,Montgomery,MontgomerySet/ManualMask/rightMask/MCUCXR_0254_1.png,17905,a2e33df0b73f499c8c57d1a3c0e1d0df5b576f144bd68d669ef57791301a68d7
montgomery_mascara_der,Montgomery,MontgomerySet/ManualMask/rightMask/MCUCXR_0255_1.png,18937,843aa1c1d9d3cbea7b2555916264cb477965b23a2660b0bdef46fc07953971fb
montgomery_mascara_der,Montgomery,MontgomerySet/ManualMask/rightMask/MCUCXR_0258_1.png,11299,f7a201730532f92e981a1fdd6012f543214898d7c48eef89c40ee517a1b7c3ca
montgomery_mascara_der,Montgomery,MontgomerySet/ManualMask/rightMask/MCUCXR_0264_1.png,14073,082314f8a41b549064e395923f35e88261bdea5a0081ee423eea13cff7d64693
montgomery_mascara_der,Montgomery,MontgomerySet/ManualMask/rightMask/MCUCXR_0266_1.png,14286,5d9438eb09d8a1cda46a9f1dee8ac7078b5142401eb6266abae520d284be6796
montgomery_mascara_der,Montgomery,MontgomerySet/ManualMask/rightMask/MCUCXR_0275_1.png,13271,ea893e23daaee5a678e9d52e0eb4735d99de9201afa9ddba4d2efd4bc009c418
montgomery_mascara_der,Montgomery,MontgomerySet/ManualMask/rightMask/MCUCXR_0282_1.png,14863,c11eed11536f97d543227962515cc83e5282109abd263a35b4f7fd0382379749
montgomery_mascara_der,Montgomery,MontgomerySet/ManualMask/rightMask/MCUCXR_0289_1.png,14569,5dafdbcad14ce58c3c13713b8b68fdf4f658f75a6dd5999d6e1a6b5b48251aa9
montgomery_mascara_der,Montgomery,MontgomerySet/ManualMask/rightMask/MCUCXR_0294_1.png,13131,985f4acf66814be8d1ba353153b939cc96c994950c56f3fd76ccbf3537c7a862
montgomery_mascara_der,Montgomery,MontgomerySet/ManualMask/rightMask/MCUCXR_0301_1.png,17147,5d404c960ad1969e93fc7ad22db01df91017cc2069cfe80b24d98f6a2bafc936
montgomery_mascara_der,Montgomery,MontgomerySet/ManualMask/rightMask/MCUCXR_0309_1.png,11083,f68784c6e995535e31746de22e0fee3f473ace613e21f10dddda6faf0fd5a386
montgomery_mascara_der,Montgomery,MontgomerySet/ManualMask/rightMask/MCUCXR_0311_1.png,10402,6062407b4d02bd39008b374b38a35c51f69fdfd4f67c6eb477e32ab6b881d154
montgomery_mascara_der,Montgomery,MontgomerySet/ManualMask/rightMask/MCUCXR_0313_1.png,13701,173fece8061859382a1e881c5d78bd9ad979247afbce731b774310ec0cf8e8f5
montgomery_mascara_der,Montgomery,MontgomerySet/ManualMask/rightMask/MCUCXR_0316_1.png,14389,0d6745f40bbda7f75bb33feac20c46df2a13bcfb6d0838cfcb7d2bea4b6a8f95
montgomery_mascara_der,Montgomery,MontgomerySet/ManualMask/rightMask/MCUCXR_0331_1.png,18416,55b69244a21d06d7787bb59e16a71258a162b44aa887b2d32900b6911634d0a5
montgomery_mascara_der,Montgomery,MontgomerySet/ManualMask/rightMask/MCUCXR_0334_1.png,14553,38937e19caf7d1c4f61dc0c3c52780b0a204db681943138e6f37a2a1ad9b0af6
montgomery_mascara_der,Montgomery,MontgomerySet/ManualMask/rightMask/MCUCXR_0338_1.png,20073,a912c722fe756f0a4ac8f03d03fc4de73dd2cfe03872c31a2cadcdaf787e4149
montgomery_mascara_der,Montgomery,MontgomerySet/ManualMask/rightMask/MCUCXR_0348_1.png,11437,207c0edd2aa08efbf50bd16223043e012d0be604ce0f99999b6ea232284e4ffa
montgomery_mascara_der,Montgomery,MontgomerySet/ManualMask/rightMask/MCUCXR_0350_1.png,18316,eff20116a0a23e1e057fa7b3a5f054afb2774dde07dd39431d73f081c50a9dac
montgomery_mascara_der,Montgomery,MontgomerySet/ManualMask/rightMask/MCUCXR_0352_1.png,15363,3d03b6fbbc219ae821bd384fe1fa0ba80691b1485f2717e4cfe4acc2ce9d52f5
montgomery_mascara_der,Montgomery,MontgomerySet/ManualMask/rightMask/MCUCXR_0354_1.png,17848,c38766396c44d5cc8b3cc3cf6019d3bf7f7709a836da63fc1103adc6c6d885b0
montgomery_mascara_der,Montgomery,MontgomerySet/ManualMask/rightMask/MCUCXR_0362_1.png,15769,75b36b59f8f276b8d50c2c6ee30b6362eb6c87333fde25716012aae1101d7743
montgomery_mascara_der,Montgomery,MontgomerySet/ManualMask/rightMask/MCUCXR_0367_1.png,14091,a002e1952995fd38ff83aed9281fc8e01e97253e57de37e34ca2101a2826e22a
montgomery_mascara_der,Montgomery,MontgomerySet/ManualMask/rightMask/MCUCXR_0369_1.png,15101,5d78891977a4daa8d8c9ea6cf71c5e0046483d6bd21f4bc1a8c16858da40bd00
montgomery_mascara_der,Montgomery,MontgomerySet/ManualMask/rightMask/MCUCXR_0372_1.png,14443,8f1c6adaaebafafa381abdb06dfd5377933ad72dc054733c24488d702cf34768
montgomery_mascara_der,Montgomery,MontgomerySet/ManualMask/rightMask/MCUCXR_0375_1.png,16124,6bc0da8411f0bbe402843c6395ca059ca940054b08cd54154a8a18e94f47e6fe
montgomery_mascara_der,Montgomery,MontgomerySet/ManualMask/rightMask/MCUCXR_0383_1.png,13759,6aaefd4ee9471a04434624574f7f3604c5a6926056c32d14a7f0c964e29926ad
montgomery_mascara_der,Montgomery,MontgomerySet/ManualMask/rightMask/MCUCXR_0387_1.png,17308,434c15f4ff1482f05d17176487e2e57bb7afe7425fac2b0ca620ba968a046f6c
montgomery_mascara_der,Montgomery,MontgomerySet/ManualMask/rightMask/MCUCXR_0390_1.png,14909,80be196587fe5d2cf2e2708ac11df8c882d02254dbcc63e0464b05e9bdd7c571
montgomery_mascara_der,Montgomery,MontgomerySet/ManualMask/rightMask/MCUCXR_0393_1.png,13735,2e29103ada4c0402752d28526047f28fa94c190acd85d89ca9fc2bd5080070c5
montgomery_mascara_der,Montgomery,MontgomerySet/ManualMask/rightMask/MCUCXR_0399_1.png,14114,0395022d31db63467b303afbcbb1e9687afc1d4732e0a27a432ddbbbe9cb4390
montgomery_lecturas,Montgomery,MontgomerySet/ClinicalReadings/MCUCXR_0001_0.txt,45,671f208e19dfd2c395ef72d0ffe8c4e80b0bbd43dcd0b939300e6b46b631036b
montgomery_lecturas,Montgomery,MontgomerySet/ClinicalReadings/MCUCXR_0002_0.txt,45,049e91e512f2f0133971bfd805c265ab8ce1ded018a787762c23de031cfaca8f
montgomery_lecturas,Montgomery,MontgomerySet/ClinicalReadings/MCUCXR_0003_0.txt,45,ea00ea0efe7dc384afe87a89a830ff4b7188387db14f92eb50367394e60f9912
montgomery_lecturas,Montgomery,MontgomerySet/ClinicalReadings/MCUCXR_0004_0.txt,45,30b0b239b372d1c4f449739367dc77f0fe5615aad1126d2437d138c0b8e3a839
montgomery_lecturas,Montgomery,MontgomerySet/ClinicalReadings/MCUCXR_0005_0.txt,45,02ca85c40782e1be3adafd581d49f07cb43723c42f1b4187b165788ae4697438
montgomery_lecturas,Montgomery,MontgomerySet/ClinicalReadings/MCUCXR_0006_0.txt,45,ba55eafbb852d7340778fe39982b9d7e0cf4997178f814babde053a8a35b83b3
montgomery_lecturas,Montgomery,MontgomerySet/ClinicalReadings/MCUCXR_0008_0.txt,45,ca36cad8fa8cda765b79c68e2cba71c40cee5082536539459b8d920c4a441125
montgomery_lecturas,Montgomery,MontgomerySet/ClinicalReadings/MCUCXR_0011_0.txt,45,9dae175d83b66e391c39be8bf6cf8954a79096c7371d3fa0bf73d8f64c9e5c1d
montgomery_lecturas,Montgomery,MontgomerySet/ClinicalReadings/MCUCXR_0013_0.txt,45,080e171561f53c37c3e2e0c11188c027cf88b7bf418a6772e4c822d435d108b4
montgomery_lecturas,Montgomery,MontgomerySet/ClinicalReadings/MCUCXR_0015_0.txt,45,d3343851a6ef33453587ce2a7b34cda7c3da1ad5c13890d68e3782a1787e182a
montgomery_lecturas,Montgomery,MontgomerySet/ClinicalReadings/MCUCXR_0016_0.txt,45,0d16b2f9ad082b0d7b0509973636048b5e7461215465c60713297e41d77df0cc
montgomery_lecturas,Montgomery,MontgomerySet/ClinicalReadings/MCUCXR_0017_0.txt,45,4307bed803330ab5ecd9a52b6314592bbca7e2b08a3e9475244ee14cebe605f4
montgomery_lecturas,Montgomery,MontgomerySet/ClinicalReadings/MCUCXR_0019_0.txt,45,02ca85c40782e1be3adafd581d49f07cb43723c42f1b4187b165788ae4697438
montgomery_lecturas,Montgomery,MontgomerySet/ClinicalReadings/MCUCXR_0020_0.txt,45,3fcfaeb70bab317a538a9c9ed36f1a3f2f4e4670a8939b2629d10b7ea36eddaf
montgomery_lecturas,Montgomery,MontgomerySet/ClinicalReadings/MCUCXR_0021_0.txt,45,ad31c725055581b7dfceac247c25a049e0ff955c260bcf5aba31c2b6a465e0d6
montgomery_lecturas,Montgomery,MontgomerySet/ClinicalReadings/MCUCXR_0022_0.txt,45,ec1bf6697a95be05dc119d04b17bc52d3ef81e2e5e0c1d713e642171724ece4b
montgomery_lecturas,Montgomery,MontgomerySet/ClinicalReadings/MCUCXR_0023_0.txt,45,ec1bf6697a95be05dc119d04b17bc52d3ef81e2e5e0c1d713e642171724ece4b
montgomery_lecturas,Montgomery,MontgomerySet/ClinicalReadings/MCUCXR_0024_0.txt,45,5dfb17c9397c5261b9ead5e3082046f9ed7d3f94cc50af07f521cd2b79e5e95c
montgomery_lecturas,Montgomery,MontgomerySet/ClinicalReadings/MCUCXR_0026_0.txt,45,074313ce1fddb3d23f6ae902b9ca72f2589fdf4e3bf11828077dab1760b4d5dd
montgomery_lecturas,Montgomery,MontgomerySet/ClinicalReadings/MCUCXR_0027_0.txt,45,054d37f97a320f8100b14e8f3316ec9ed86a0110b135a717573b46536cadf43a
montgomery_lecturas,Montgomery,MontgomerySet/ClinicalReadings/MCUCXR_0028_0.txt,45,d7779ddb198ef1b5295dea88dc60a3b4122cce79c3d845bd8f43faca491330ee
montgomery_lecturas,Montgomery,MontgomerySet/ClinicalReadings/MCUCXR_0029_0.txt,45,29b199d1613b9ac6af3a205d682f66b1ed8d7c08133859d96856696edcd46107
montgomery_lecturas,Montgomery,MontgomerySet/ClinicalReadings/MCUCXR_0030_0.txt,45,7c94444defd24ffc27f17832064ace9856e5f694f341706c2afe1c0c9e4f84fc
montgomery_lecturas,Montgomery,MontgomerySet/ClinicalReadings/MCUCXR_0031_0.txt,45,7c94444defd24ffc27f17832064ace9856e5f694f341706c2afe1c0c9e4f84fc
montgomery_lecturas,Montgomery,MontgomerySet/ClinicalReadings/MCUCXR_0035_0.txt,45,8cac431397a839944cf91b8eacc360a00e6f4d36656dc48eb8cbab49ca261af7
montgomery_lecturas,Montgomery,MontgomerySet/ClinicalReadings/MCUCXR_0038_0.txt,45,d7779ddb198ef1b5295dea88dc60a3b4122cce79c3d845bd8f43faca491330ee
montgomery_lecturas,Montgomery,MontgomerySet/ClinicalReadings/MCUCXR_0040_0.txt,45,994364feac940aae059a061687a8879dca3b126ec5b0048f3cefc1dd13597cab
montgomery_lecturas,Montgomery,MontgomerySet/ClinicalReadings/MCUCXR_0041_0.txt,45,30b0b239b372d1c4f449739367dc77f0fe5615aad1126d2437d138c0b8e3a839
montgomery_lecturas,Montgomery,MontgomerySet/ClinicalReadings/MCUCXR_0042_0.txt,45,b9797b9f4b568df2bbf892df304a8b1134b63f114d05b6c813563752a5c101d0
montgomery_lecturas,Montgomery,MontgomerySet/ClinicalReadings/MCUCXR_0043_0.txt,45,d3343851a6ef33453587ce2a7b34cda7c3da1ad5c13890d68e3782a1787e182a
montgomery_lecturas,Montgomery,MontgomerySet/ClinicalReadings/MCUCXR_0044_0.txt,45,054177caf10955b91de9398b5d20500b4074785aff765b8fcb6df866f17a0dd2
montgomery_lecturas,Montgomery,MontgomerySet/ClinicalReadings/MCUCXR_0045_0.txt,45,4bbbf597aa90d423c33f9ce2e9cbfca642360d2baaca92a0a30e5576e526868c
montgomery_lecturas,Montgomery,MontgomerySet/ClinicalReadings/MCUCXR_0046_0.txt,45,60c1c49ba350c3f6a8886079ae23eb20cd9dbc1abb20147c98d23fa47f33f762
montgomery_lecturas,Montgomery,MontgomerySet/ClinicalReadings/MCUCXR_0047_0.txt,45,1b5e09468c23811b5af947f1d8cc7834f48f71d429f232e6972d2341de5d8c59
montgomery_lecturas,Montgomery,MontgomerySet/ClinicalReadings/MCUCXR_0048_0.txt,45,02a0f4982d0b49ed07bbc96ee3a6face6ba2f82514f254d4315f0cb3c8c1ea73
montgomery_lecturas,Montgomery,MontgomerySet/ClinicalReadings/MCUCXR_0049_0.txt,45,686775ac05f005d976e42f3dd8e2cd0ebac077763f2266bf3d9d7a206a4e34c0
montgomery_lecturas,Montgomery,MontgomerySet/ClinicalReadings/MCUCXR_0051_0.txt,45,b073550e2f471b79db3494efc0f0bccdaa13bdb0719eda34ccdd75a2aa3e8ca6
montgomery_lecturas,Montgomery,MontgomerySet/ClinicalReadings/MCUCXR_0052_0.txt,45,ad09becc9d08ee3487efec66342338fe0366e68dfdac2e502f8d6416825190cd
montgomery_lecturas,Montgomery,MontgomerySet/ClinicalReadings/MCUCXR_0053_0.txt,45,ad09becc9d08ee3487efec66342338fe0366e68dfdac2e502f8d6416825190cd
montgomery_lecturas,Montgomery,MontgomerySet/ClinicalReadings/MCUCXR_0054_0.txt,45,6091a797841a51e32717b48bfeb177e77b1bf3a73bedcd7dd9416c85a77141ea
montgomery_lecturas,Montgomery,MontgomerySet/ClinicalReadings/MCUCXR_0055_0.txt,45,7199e3108eef544579e46bce56cfe9e646523dc1a68bf66582509ce4a179c664
montgomery_lecturas,Montgomery,MontgomerySet/ClinicalReadings/MCUCXR_0056_0.txt,45,77f99283244e2029164bac0d3d9ebcc01403aed85ee3481c86451cd172132cbc
montgomery_lecturas,Montgomery,MontgomerySet/ClinicalReadings/MCUCXR_0057_0.txt,45,77f99283244e2029164bac0d3d9ebcc01403aed85ee3481c86451cd172132cbc
montgomery_lecturas,Montgomery,MontgomerySet/ClinicalReadings/MCUCXR_0058_0.txt,45,1fa143c13d7c6c56b5d0bd7dfc9e2223753b6f85adf48e891295c5c86e321625
montgomery_lecturas,Montgomery,MontgomerySet/ClinicalReadings/MCUCXR_0059_0.txt,45,1b5e09468c23811b5af947f1d8cc7834f48f71d429f232e6972d2341de5d8c59
montgomery_lecturas,Montgomery,MontgomerySet/ClinicalReadings/MCUCXR_0060_0.txt,45,03feff484b40a15605a7f0d188787fee53b7e73b3ad5f49b5e7176b0223ddea4
montgomery_lecturas,Montgomery,MontgomerySet/ClinicalReadings/MCUCXR_0061_0.txt,45,1bf521330d0f6bdbd85817e4b757a75820c9ecf742e3b720f5e9e862141433ae
montgomery_lecturas,Montgomery,MontgomerySet/ClinicalReadings/MCUCXR_0062_0.txt,45,6091a797841a51e32717b48bfeb177e77b1bf3a73bedcd7dd9416c85a77141ea
montgomery_lecturas,Montgomery,MontgomerySet/ClinicalReadings/MCUCXR_0063_0.txt,45,054177caf10955b91de9398b5d20500b4074785aff765b8fcb6df866f17a0dd2
montgomery_lecturas,Montgomery,MontgomerySet/ClinicalReadings/MCUCXR_0064_0.txt,45,080e171561f53c37c3e2e0c11188c027cf88b7bf418a6772e4c822d435d108b4
montgomery_lecturas,Montgomery,MontgomerySet/ClinicalReadings/MCUCXR_0068_0.txt,45,f1d69568c4e74b4b25bd0c9b7c6cd93280c58db7dce62ac87061cf4fb8e6f871
montgomery_lecturas,Montgomery,MontgomerySet/ClinicalReadings/MCUCXR_0069_0.txt,45,d4c8187755e41a01c7fb5361876be769f748c8fdb2de8a89c8b159345f382256
montgomery_lecturas,Montgomery,MontgomerySet/ClinicalReadings/MCUCXR_0070_0.txt,45,b44de6ef241ee6e101d2450b1973bbf5619db70709efa34980a1d77e4183930a
montgomery_lecturas,Montgomery,MontgomerySet/ClinicalReadings/MCUCXR_0071_0.txt,45,c75d9b26759827d6890258fb61661b48cf75d32f0852e45db1ee6d9ba4aacef3
montgomery_lecturas,Montgomery,MontgomerySet/ClinicalReadings/MCUCXR_0072_0.txt,45,70f499f3fe22d85693ad4b7c89236a763dab157bc7f6a97c03b6283ffba511de
montgomery_lecturas,Montgomery,MontgomerySet/ClinicalReadings/MCUCXR_0074_0.txt,45,f1d69568c4e74b4b25bd0c9b7c6cd93280c58db7dce62ac87061cf4fb8e6f871
montgomery_lecturas,Montgomery,MontgomerySet/ClinicalReadings/MCUCXR_0075_0.txt,45,68582793ac87e4f9abc17a95135375e19b6d046fe6ee3f83f486676be452231d
montgomery_lecturas,Montgomery,MontgomerySet/ClinicalReadings/MCUCXR_0077_0.txt,45,1bf521330d0f6bdbd85817e4b757a75820c9ecf742e3b720f5e9e862141433ae
montgomery_lecturas,Montgomery,MontgomerySet/ClinicalReadings/MCUCXR_0079_0.txt,45,45e29ae4596f02dbd9e676c4427e42ffb486dae6bf7054a9d91324fbb76b7406
montgomery_lecturas,Montgomery,MontgomerySet/ClinicalReadings/MCUCXR_0080_0.txt,45,64b9edcc17c08e760d6d7d64b1e03ddabc8e8077fc5dd396f3f9dd5f44745d0d
montgomery_lecturas,Montgomery,MontgomerySet/ClinicalReadings/MCUCXR_0081_0.txt,45,ad26ae318f9933b3d765b94904a80a842e07bc2d138ffcc80b3aa6fea17b859c
montgomery_lecturas,Montgomery,MontgomerySet/ClinicalReadings/MCUCXR_0082_0.txt,45,8cac431397a839944cf91b8eacc360a00e6f4d36656dc48eb8cbab49ca261af7
montgomery_lecturas,Montgomery,MontgomerySet/ClinicalReadings/MCUCXR_0083_0.txt,45,4bbbf597aa90d423c33f9ce2e9cbfca642360d2baaca92a0a30e5576e526868c
montgomery_lecturas,Montgomery,MontgomerySet/ClinicalReadings/MCUCXR_0084_0.txt,45,70f499f3fe22d85693ad4b7c89236a763dab157bc7f6a97c03b6283ffba511de
montgomery_lecturas,Montgomery,MontgomerySet/ClinicalReadings/MCUCXR_0085_0.txt,45,f1d69568c4e74b4b25bd0c9b7c6cd93280c58db7dce62ac87061cf4fb8e6f871
montgomery_lecturas,Montgomery,MontgomerySet/ClinicalReadings/MCUCXR_0086_0.txt,45,686775ac05f005d976e42f3dd8e2cd0ebac077763f2266bf3d9d7a206a4e34c0
montgomery_lecturas,Montgomery,MontgomerySet/ClinicalReadings/MCUCXR_0087_0.txt,45,1fa143c13d7c6c56b5d0bd7dfc9e2223753b6f85adf48e891295c5c86e321625
montgomery_lecturas,Montgomery,MontgomerySet/ClinicalReadings/MCUCXR_0089_0.txt,45,45e29ae4596f02dbd9e676c4427e42ffb486dae6bf7054a9d91324fbb76b7406
montgomery_lecturas,Montgomery,MontgomerySet/ClinicalReadings/MCUCXR_0090_0.txt,45,45e29ae4596f02dbd9e676c4427e42ffb486dae6bf7054a9d91324fbb76b7406
montgomery_lecturas,Montgomery,MontgomerySet/ClinicalReadings/MCUCXR_0091_0.txt,45,6432e139888b5598b1e3fdc6e4e1f4e9240381bf4331bb56cd783ced6e73ceca
montgomery_lecturas,Montgomery,MontgomerySet/ClinicalReadings/MCUCXR_0092_0.txt,45,45e29ae4596f02dbd9e676c4427e42ffb486dae6bf7054a9d91324fbb76b7406
montgomery_lecturas,Montgomery,MontgomerySet/ClinicalReadings/MCUCXR_0094_0.txt,45,ae917a701bea454fd2a09ecdedc430b133dc13c498b1031d4623f355e3a862e3
montgomery_lecturas,Montgomery,MontgomerySet/ClinicalReadings/MCUCXR_0095_0.txt,45,7c94444defd24ffc27f17832064ace9856e5f694f341706c2afe1c0c9e4f84fc
montgomery_lecturas,Montgomery,MontgomerySet/ClinicalReadings/MCUCXR_0096_0.txt,45,70f499f3fe22d85693ad4b7c89236a763dab157bc7f6a97c03b6283ffba511de
montgomery_lecturas,Montgomery,MontgomerySet/ClinicalReadings/MCUCXR_0097_0.txt,45,60c1c49ba350c3f6a8886079ae23eb20cd9dbc1abb20147c98d23fa47f33f762
montgomery_lecturas,Montgomery,MontgomerySet/ClinicalReadings/MCUCXR_0099_0.txt,45,ad09becc9d08ee3487efec66342338fe0366e68dfdac2e502f8d6416825190cd
montgomery_lecturas,Montgomery,MontgomerySet/ClinicalReadings/MCUCXR_0100_0.txt,45,0f416f237cda4127a1cd4aab897087b1ba843fe4edd2f1ee20fc4b57b62c828d
montgomery_lecturas,Montgomery,MontgomerySet/ClinicalReadings/MCUCXR_0101_0.txt,45,20ac25b0162ea627297b60ab046ea11e6b74020cc348885cfaae53e23df99ba9
montgomery_lecturas,Montgomery,MontgomerySet/ClinicalReadings/MCUCXR_0102_0.txt,45,ba0cf7c3751dedee7940f303e63224840bfc24c3af095fe5fc22486d1f6ed915
montgomery_lecturas,Montgomery,MontgomerySet/ClinicalReadings/MCUCXR_0103_0.txt,45,7b3b4c6017f7c936c51b8495f1aa316603dd03d2e892df1bdb72f018d92d825d
montgomery_lecturas,Montgomery,MontgomerySet/ClinicalReadings/MCUCXR_0104_1.txt,141,007a29f004333d5efb824c2566b5cf179d7c3d7a74c09a3047cc89f96cbc35b0
montgomery_lecturas,Montgomery,MontgomerySet/ClinicalReadings/MCUCXR_0108_1.txt,228,e97fb58b0db3e1a75cfa3231d0d91d727aab38f426b10e024caa4f5c7c1c5606
montgomery_lecturas,Montgomery,MontgomerySet/ClinicalReadings/MCUCXR_0113_1.txt,224,b61ec16025191e6b9b4f72964e521b8b6a735b7c2796d10a3a8ff6e1cf64231c
montgomery_lecturas,Montgomery,MontgomerySet/ClinicalReadings/MCUCXR_0117_1.txt,107,e7e8f1cafb55b3353180aa4ffd901c26c1aac131ae4a003e57f0148ffb0b1ae3
montgomery_lecturas,Montgomery,MontgomerySet/ClinicalReadings/MCUCXR_0126_1.txt,109,bf7619c1e91a365d444df169b9ac44259fedd42746adab5079d6de8b632b48ba
montgomery_lecturas,Montgomery,MontgomerySet/ClinicalReadings/MCUCXR_0140_1.txt,153,2dbaa9c1b8aef8ad9d6f297deb30a509244737844a4c54377cd5d5f87e958d9f
montgomery_lecturas,Montgomery,MontgomerySet/ClinicalReadings/MCUCXR_0141_1.txt,98,470c81bab2e585a78cfda8b3b5e992f70bcd9d1e6a1274a13a3c6fb4d88871c7
montgomery_lecturas,Montgomery,MontgomerySet/ClinicalReadings/MCUCXR_0142_1.txt,117,cebd03af901f5a8bbe8b2288539f4cb4aa6cce653aaabd936528ddbd4e0da15b
montgomery_lecturas,Montgomery,MontgomerySet/ClinicalReadings/MCUCXR_0144_1.txt,73,a31bcecca7354f3235681bc3092cefeff6f45afff37e7857b385801ed366fbed
montgomery_lecturas,Montgomery,MontgomerySet/ClinicalReadings/MCUCXR_0150_1.txt,202,c211d576c7421d4e9726c9294c06178b1b0c7ceb22fb893840a51e74bbfcab45
montgomery_lecturas,Montgomery,MontgomerySet/ClinicalReadings/MCUCXR_0162_1.txt,373,acdd40e3f4289be25f5485b9800c435615341026c3e65aa5dff2380c3384442e
montgomery_lecturas,Montgomery,MontgomerySet/ClinicalReadings/MCUCXR_0166_1.txt,80,0641e3729aae99aa94685d01f62561d2cbd257c7e7bab3628c1f142ba83969aa
montgomery_lecturas,Montgomery,MontgomerySet/ClinicalReadings/MCUCXR_0170_1.txt,219,1c700fa406b48aba8fbeb330c19bb81ce980e88dd66168c31d1b248c59d9591d
montgomery_lecturas,Montgomery,MontgomerySet/ClinicalReadings/MCUCXR_0173_1.txt,183,ad29ade18c64827d31c5108d7778359ca591e08cad149f5c62ada6d61b1d05c8
montgomery_lecturas,Montgomery,MontgomerySet/ClinicalReadings/MCUCXR_0182_1.txt,63,c007dd4b82ca1b14de84f2c916c62026a5a352a06a71cd0bfd3681b566684ca5
montgomery_lecturas,Montgomery,MontgomerySet/ClinicalReadings/MCUCXR_0188_1.txt,331,099596df5282c1c284f83b71be0271301ffc3bc36411e679f23dc8057bc6be31
montgomery_lecturas,Montgomery,MontgomerySet/ClinicalReadings/MCUCXR_0194_1.txt,224,fa20ab2e022d18f716f907515bf2199643def0ff3688a1236a8925ba7701b335
montgomery_lecturas,Montgomery,MontgomerySet/ClinicalReadings/MCUCXR_0195_1.txt,231,d9e7e0f1c607cd6a46e3886ddd69871fb141d2bc62d322c2d49ef5c4c0d8d663
montgomery_lecturas,Montgomery,MontgomerySet/ClinicalReadings/MCUCXR_0196_1.txt,199,04de4111e7149d6ea104a74c3b143bf2c1b23faa59266055e2c051942120043c
montgomery_lecturas,Montgomery,MontgomerySet/ClinicalReadings/MCUCXR_0203_1.txt,156,fc14e4b0c1e29a2cb0650febf5895578d8233d504f9bc2a53730bfeb9cc93305
montgomery_lecturas,Montgomery,MontgomerySet/ClinicalReadings/MCUCXR_0213_1.txt,82,74697cd5dc56c7d99dfc4749edbe4643d9c7ef51d5cafa9f57b56a1b56a8a9b1
montgomery_lecturas,Montgomery,MontgomerySet/ClinicalReadings/MCUCXR_0218_1.txt,165,96ba9db4c2504b173324dc0f8c78462c18e6bf0d8f87d13833b6d8f206695b20
montgomery_lecturas,Montgomery,MontgomerySet/ClinicalReadings/MCUCXR_0223_1.txt,66,1d2b93512606f10a68283cdafc1ae115237acf6fc313d4034064ca728163387e
montgomery_lecturas,Montgomery,MontgomerySet/ClinicalReadings/MCUCXR_0228_1.txt,103,0132d1f6f62a36fbe4aa4b4c4d17b5daa562320e2d90d40be5c1097963764855
montgomery_lecturas,Montgomery,MontgomerySet/ClinicalReadings/MCUCXR_0243_1.txt,70,d76b50d8941423db907d78c753af9e134c2cb7e9fa3073bfee89edfb82c1a909
montgomery_lecturas,Montgomery,MontgomerySet/ClinicalReadings/MCUCXR_0251_1.txt,130,6a7811779508945b08b09ba7c3961adefd46fa2bcd2688c23a54b04674d6d040
montgomery_lecturas,Montgomery,MontgomerySet/ClinicalReadings/MCUCXR_0253_1.txt,190,cf4dc133df4e87451990a958cc1d4b00f1a88533f327db2166df9609cff80b4f
montgomery_lecturas,Montgomery,MontgomerySet/ClinicalReadings/MCUCXR_0254_1.txt,101,81f178753304109135fc44ff0f487e9b96ec0681bf6f0df67876e57f93f10feb
montgomery_lecturas,Montgomery,MontgomerySet/ClinicalReadings/MCUCXR_0255_1.txt,101,81f178753304109135fc44ff0f487e9b96ec0681bf6f0df67876e57f93f10feb
montgomery_lecturas,Montgomery,MontgomerySet/ClinicalReadings/MCUCXR_0258_1.txt,80,c9a1f5a0864c9ba763df2d4fe93e6ccd9aa9706e05e9cfe8a5bac5857ec38440
montgomery_lecturas,Montgomery,MontgomerySet/ClinicalReadings/MCUCXR_0264_1.txt,93,c4627af60047d699fbbf60dd393931f7688f9fc76210208c9e6f9ff605902942
montgomery_lecturas,Montgomery,MontgomerySet/ClinicalReadings/MCUCXR_0266_1.txt,101,5cb684b5c721cf1a6c7aedfb16d89f608422a2646a6fd535fa78f790abb36238
montgomery_lecturas,Montgomery,MontgomerySet/ClinicalReadings/MCUCXR_0275_1.txt,70,19dd332a2446cf8d5f0b81639c2fb1a335d31e3471b85955be1c0c88ab444da6
montgomery_lecturas,Montgomery,MontgomerySet/ClinicalReadings/MCUCXR_0282_1.txt,56,009785cd521c9e45f809e98dc604e40f26aaee9bbe862bed1aad4fa0abefe36d
montgomery_lecturas,Montgomery,MontgomerySet/ClinicalReadings/MCUCXR_0289_1.txt,78,768c7adf70308d8e1ac03085f13dc1b2368cf8f70c25ef7e520ee88c48801e00
montgomery_lecturas,Montgomery,MontgomerySet/ClinicalReadings/MCUCXR_0294_1.txt,60,7b94c570828b268f64f7517bc58e01ddda77142612c118db7b6d3c54db4b3319
montgomery_lecturas,Montgomery,MontgomerySet/ClinicalReadings/MCUCXR_0301_1.txt,270,d28cdb65df1f1cd16296f79b2319c714cccae8985a3297e06333ca536cf30d7a
montgomery_lecturas,Montgomery,MontgomerySet/ClinicalReadings/MCUCXR_0309_1.txt,127,6b8985ccc9cda7af468829c4de975b36c48f1bc1663ae51a23fb5c63a91a5bbd
montgomery_lecturas,Montgomery,MontgomerySet/ClinicalReadings/MCUCXR_0311_1.txt,192,3f71630904cc41f73f78ce55db5ecb60ed47904be696aa10b3083cd7e01f0088
montgomery_lecturas,Montgomery,MontgomerySet/ClinicalReadings/MCUCXR_0313_1.txt,75,d2cbabe45ae2865f410a7b991d73bc3220ca46fa586b175ba10dc1d8b36c6d49
montgomery_lecturas,Montgomery,MontgomerySet/ClinicalReadings/MCUCXR_0316_1.txt,96,d7b0d2ce27af918fe6be9b9211c2f72a67953f80938207bb724b4dbc7c5f9da7
montgomery_lecturas,Montgomery,MontgomerySet/ClinicalReadings/MCUCXR_0331_1.txt,70,0dbdafc0a3e06181525cf414b68fc5c9a1e8c28a16781726ac06f29034a8438a
montgomery_lecturas,Montgomery,MontgomerySet/ClinicalReadings/MCUCXR_0334_1.txt,72,cd03142fba427b283f9cbf1bf0085b0dd318f10f4aa63529f94e8dc054172aaf
montgomery_lecturas,Montgomery,MontgomerySet/ClinicalReadings/MCUCXR_0338_1.txt,106,7c3674cf9f4c30b62be612d6a05aee42e622617e594bd61a024d37ad9f159a31
montgomery_lecturas,Montgomery,MontgomerySet/ClinicalReadings/MCUCXR_0348_1.txt,174,9c64d2804ca7901444c0ce6b8fd4f807191bc5657d072f1855c6956a28be2c9c
montgomery_lecturas,Montgomery,MontgomerySet/ClinicalReadings/MCUCXR_0350_1.txt,64,1bd3418dee2e967ea6bb53f8da0730f73e32b869eeca4a41076a119691883748
montgomery_lecturas,Montgomery,MontgomerySet/ClinicalReadings/MCUCXR_0352_1.txt,139,7aafe71b34621720f602aa0ffe4748ed029167d939634e14818316aea2ebd76a
montgomery_lecturas,Montgomery,MontgomerySet/ClinicalReadings/MCUCXR_0354_1.txt,104,ffc66a6fbe0b5c7f77f71e13c4e07d569c4f2216310c1beb6c10d81f351bc2ff
montgomery_lecturas,Montgomery,MontgomerySet/ClinicalReadings/MCUCXR_0362_1.txt,184,146c1b200428167541e9bf368d0e0dd9df9e3a8700c5e135c90419794e2b18ca
montgomery_lecturas,Montgomery,MontgomerySet/ClinicalReadings/MCUCXR_0367_1.txt,109,125d26c3ae2ff91bc43088799186a757eaae0e6d3b5edc0731c16240daea8ca6
montgomery_lecturas,Montgomery,MontgomerySet/ClinicalReadings/MCUCXR_0369_1.txt,84,39346f0fcdbfd9fb58f2a2dcbe22e65423b6ceb08528751d706768b81afb7c8d
montgomery_lecturas,Montgomery,MontgomerySet/ClinicalReadings/MCUCXR_0372_1.txt,94,3f912379dd6e9c9f97af9a8bd2e8f128762261c6e0be162f08d825678e8ed56c
montgomery_lecturas,Montgomery,MontgomerySet/ClinicalReadings/MCUCXR_0375_1.txt,108,4c00eb621e37bc1f76391a9fb48430b1f14a8ed32ff7ed4deab596cf47120f28
montgomery_lecturas,Montgomery,MontgomerySet/ClinicalReadings/MCUCXR_0383_1.txt,86,85e766d60266d4f16e85bae918ea9e9e38c1df32034d8e8ca822cc539de83115
montgomery_lecturas,Montgomery,MontgomerySet/ClinicalReadings/MCUCXR_0387_1.txt,57,48dcae7fe09e293d772ad8bd5ffaada644c9644c20d531195c3b56f400be1f5b
montgomery_lecturas,Montgomery,MontgomerySet/ClinicalReadings/MCUCXR_0390_1.txt,135,677154ee0eeed43a8e52b8cafd52e7c5e5877c9aa7c6fb5ef729a71ae3d6b694
montgomery_lecturas,Montgomery,MontgomerySet/ClinicalReadings/MCUCXR_0393_1.txt,201,5e83f286f703b1eb157b742873aea610f2ef8913a112c1f9e2f09c5ac58a20e0
montgomery_lecturas,Montgomery,MontgomerySet/ClinicalReadings/MCUCXR_0399_1.txt,134,cfac2953eed2d806263913e6b5bb2c06e47a26f0d4cc351edb2a29e55ee51ca0
shenzhen_imagenes,Shenzhen,ChinaSet_AllFiles/CXR_png/CHNCXR_0001_0.png,5920202,e464a828425fe77ecebfcae955db4f9b9f1cf608a3fcb69a30e33a99eabd9459
shenzhen_imagenes,Shenzhen,ChinaSet_AllFiles/CXR_png/CHNCXR_0002_0.png,6025191,961172cfd3c727cf06f208edca3b42000afde99fd870bbfdd9cecd543229a566
shenzhen_imagenes,Shenzhen,ChinaSet_AllFiles/CXR_png/CHNCXR_0003_0.png,6129094,ba565d47973df598ab8ccdafb9170cc2dae3d6de9ef2e7a52ce97c4e352749dd
shenzhen_imagenes,Shenzhen,ChinaSet_AllFiles/CXR_png/CHNCXR_0004_0.png,6287940,96c984c930c21eb79a171e23ba28e846d4b2762f9910b02523d1e55986558cb6
shenzhen_imagenes,Shenzhen,ChinaSet_AllFiles/CXR_png/CHNCXR_0005_0.png,6275542,b6ecef531c122e6d6a22cb0628ae72780bbbb86205a3bd5190c71fe1c8172075
shenzhen_imagenes,Shenzhen,ChinaSet_AllFiles/CXR_png/CHNCXR_0006_0.png,5620453,9f7ee8bd6bb23e97d137078da9e367b9035152cca133381028c98b0f63bbb142
shenzhen_imagenes,Shenzhen,ChinaSet_AllFiles/CXR_png/CHNCXR_0007_0.png,3579760,6809cf0ef3e88d291c4a5ac171bd694b75a51c39a96c1874d51d57e59888439a
shenzhen_imagenes,Shenzhen,ChinaSet_AllFiles/CXR_png/CHNCXR_0008_0.png,5783950,93041839b9773ea21a5d4aab1e9ee95890d8de93c61899f22f9b88797b63a8bb
shenzhen_imagenes,Shenzhen,ChinaSet_AllFiles/CXR_png/CHNCXR_0009_0.png,4876097,e545a56ebc40176f5fa22b100cc293d184af38305dc4ec142e96413a7041a9b1
shenzhen_imagenes,Shenzhen,ChinaSet_AllFiles/CXR_png/CHNCXR_0010_0.png,6192287,8bf14d1e70fef244af43f6d4f3728400bf70d708d6584118044e49c8e573b253
shenzhen_imagenes,Shenzhen,ChinaSet_AllFiles/CXR_png/CHNCXR_0011_0.png,5902532,62f9294553130eefc35efb4618ae35ee62917e3cbfe510ace66e17d7e262a7f7
shenzhen_imagenes,Shenzhen,ChinaSet_AllFiles/CXR_png/CHNCXR_0012_0.png,6536225,7c98e3e7bee28e39e4919b3cf8ad058501974471fc94fa7454c10e1912b32a00
shenzhen_imagenes,Shenzhen,ChinaSet_AllFiles/CXR_png/CHNCXR_0013_0.png,5808241,122f400edbabaadfd37c3529890edf510645da373ca8860db8ab986faebeb85d
shenzhen_imagenes,Shenzhen,ChinaSet_AllFiles/CXR_png/CHNCXR_0014_0.png,5881280,dce39f08c52afc4e38b323fe6937d3695150a972856c55e25952690cfa104041
shenzhen_imagenes,Shenzhen,ChinaSet_AllFiles/CXR_png/CHNCXR_0015_0.png,6282232,512de712b2b119e9d441cc20b2f9b81fd8e39f5e18cb86e75677067b40248c4b
shenzhen_imagenes,Shenzhen,ChinaSet_AllFiles/CXR_png/CHNCXR_0016_0.png,5861799,2d90ea0403dc2480eb3d15f5d5dbf748d818f541136da588a708abcf51b2b32b
shenzhen_imagenes,Shenzhen,ChinaSet_AllFiles/CXR_png/CHNCXR_0017_0.png,5510609,ac18f60fa689b5834779165496bc496452bce70f538cb872baf34be152e4fbe9
shenzhen_imagenes,Shenzhen,ChinaSet_AllFiles/CXR_png/CHNCXR_0018_0.png,5946264,076f8a776a47a400775cbb33e10e4c13b5ef881c4ea6d4f7de6f32a4b9dc3c93
shenzhen_imagenes,Shenzhen,ChinaSet_AllFiles/CXR_png/CHNCXR_0019_0.png,5969317,7c2bfbc90f7180498261df75db45a0f711fe9b626b7dcc132089d5f53481856d
shenzhen_imagenes,Shenzhen,ChinaSet_AllFiles/CXR_png/CHNCXR_0020_0.png,5819219,ff8f78526be35227dc73eff00a2e82f26a8bd74b48b48279afebf7a13b3bfba1
shenzhen_imagenes,Shenzhen,ChinaSet_AllFiles/CXR_png/CHNCXR_0021_0.png,5820832,2ff45c8985022b737ea9fd035b376ed5609d912ccfa0f3a23e8d0b2aeae305f0
shenzhen_imagenes,Shenzhen,ChinaSet_AllFiles/CXR_png/CHNCXR_0022_0.png,6399108,1c5832bd61daf883d82625861a247a1e5e9a4894b018aef4feee08b14f1c3fda
shenzhen_imagenes,Shenzhen,ChinaSet_AllFiles/CXR_png/CHNCXR_0023_0.png,6463402,23d1a114e7ba1239f394baca87a86f099a85ae5c6a9b75ad0fb80eb5981b7553
shenzhen_imagenes,Shenzhen,ChinaSet_AllFiles/CXR_png/CHNCXR_0024_0.png,6339411,a2c82a034abb2609a9901a18aa2ac04ab32bd003662be2c6b1f2c6d74985e468
shenzhen_imagenes,Shenzhen,ChinaSet_AllFiles/CXR_png/CHNCXR_0025_0.png,6305830,d1d8f1a14e100e16d501ef4478f08cac8c9acac9562b18b0f84187dd89c87865
shenzhen_imagenes,Shenzhen,ChinaSet_AllFiles/CXR_png/CHNCXR_0026_0.png,5837658,058ffccd5e2fec056024cc1b9f3a8714bdbf91e07b4fff2acc3bee4694a0fcfb
shenzhen_imagenes,Shenzhen,ChinaSet_AllFiles/CXR_png/CHNCXR_0027_0.png,6298682,a60456fdb942358f5aa509ca8a7f46eb45f6423edb66aa098cf89b12cf81978e
shenzhen_imagenes,Shenzhen,ChinaSet_AllFiles/CXR_png/CHNCXR_0028_0.png,6402529,4ed3c271b22f7d074743ca17a8ead97ad518ba811165890d9cdc04165e0cf827
shenzhen_imagenes,Shenzhen,ChinaSet_AllFiles/CXR_png/CHNCXR_0029_0.png,5597547,1291d429e2a0f6224759be411ec5fff8e4339f892a29d14b14fcbdf24b39b767
shenzhen_imagenes,Shenzhen,ChinaSet_AllFiles/CXR_png/CHNCXR_0030_0.png,4764439,db239ab00a774d8b14498ece2609990c15f1a36718f980639eee5d1c7f89cb63
shenzhen_imagenes,Shenzhen,ChinaSet_AllFiles/CXR_png/CHNCXR_0031_0.png,6392075,68ab351e18357d008cb55b8638ca4f48a03cdc95f36e3ab11e98334671205cdf
shenzhen_imagenes,Shenzhen,ChinaSet_AllFiles/CXR_png/CHNCXR_0032_0.png,6194280,553fe638faeb2365fbc12e0d1cf9289a19f6c30c6cf0790c9bbf03757dd32be9
shenzhen_imagenes,Shenzhen,ChinaSet_AllFiles/CXR_png/CHNCXR_0033_0.png,6217394,d5ca162bdd8362937ea3028ce32765198f998e4b03122d7fadc93c1f1075f09f
shenzhen_imagenes,Shenzhen,ChinaSet_AllFiles/CXR_png/CHNCXR_0034_0.png,3831702,e224b2c5e4381867a96a4e71bfb711970a7be20c996dba5a2e2ee12216c68a97
shenzhen_imagenes,Shenzhen,ChinaSet_AllFiles/CXR_png/CHNCXR_0035_0.png,6171187,eaf59cfcf1ee2c9e13f60cdc326cd4c715ec7852cf32eb7b0309cfb9551abd86
shenzhen_imagenes,Shenzhen,ChinaSet_AllFiles/CXR_png/CHNCXR_0036_0.png,6551384,40f6e4faed40da5eb65b20ab9d80e1cf6d2f5b6c3935ae6c5684936d2e986a3b
shenzhen_imagenes,Shenzhen,ChinaSet_AllFiles/CXR_png/CHNCXR_0037_0.png,6182168,92e56701b198644e73bfd77c0d568c261ff4522658ad47a55f1ae5aa2a976cd6
shenzhen_imagenes,Shenzhen,ChinaSet_AllFiles/CXR_png/CHNCXR_0038_0.png,5873564,8c8f87344ae8d1d06643883f3e9d7551a7d89c8d5722ad08126522bbf72018fc
shenzhen_imagenes,Shenzhen,ChinaSet_AllFiles/CXR_png/CHNCXR_0039_0.png,5860655,c4d97eb1a7995be2dba51c5e0725e6f7587fb4b5011fba7ca8cd9d9f667d190c
shenzhen_imagenes,Shenzhen,ChinaSet_AllFiles/CXR_png/CHNCXR_0040_0.png,5846434,bf4c0368efe8444fece2ba5632de9e88e1760a8e31c1cad78c2d0296e8334d7b
shenzhen_imagenes,Shenzhen,ChinaSet_AllFiles/CXR_png/CHNCXR_0041_0.png,5184655,0b3955f6365c0418fb2fafcfb736d067877e065d74f1f78de838344586491b2f
shenzhen_imagenes,Shenzhen,ChinaSet_AllFiles/CXR_png/CHNCXR_0042_0.png,6436663,6f165345cb3ba8f71201b23639dacbe1e28e8ed12f0e9ad08a44077de2cda6e7
shenzhen_imagenes,Shenzhen,ChinaSet_AllFiles/CXR_png/CHNCXR_0043_0.png,5515188,e7d37b208111e8f6c4da46048579cf2fa833cc1e8c1720c0cd98bc17f304d18a
shenzhen_imagenes,Shenzhen,ChinaSet_AllFiles/CXR_png/CHNCXR_0044_0.png,3848030,ecb8bbe639b2e1b6267dc9e1c34867546160b6a1e9c0f72d1c3b1869629df7a3
shenzhen_imagenes,Shenzhen,ChinaSet_AllFiles/CXR_png/CHNCXR_0045_0.png,5432687,1e4712f33d0ddc202c42077ba4bac837d54a294b0c7e7015ffe998b7ebca6ec7
shenzhen_imagenes,Shenzhen,ChinaSet_AllFiles/CXR_png/CHNCXR_0046_0.png,5800479,00196577201f6f8750669c3bd4c7faca6af63ae8fd8eac72f8f14cb364df3de2
shenzhen_imagenes,Shenzhen,ChinaSet_AllFiles/CXR_png/CHNCXR_0047_0.png,5650088,34b01ca2a5be77df39e47251614cd1dfb26056bce638e8d3367942c4baee9cf2
shenzhen_imagenes,Shenzhen,ChinaSet_AllFiles/CXR_png/CHNCXR_0048_0.png,6148878,1203417ebc682697d56efdb771b91e9a6fb6da3f65b03ad82edd74c17e792d4a
shenzhen_imagenes,Shenzhen,ChinaSet_AllFiles/CXR_png/CHNCXR_0049_0.png,5989591,9f341ff76468810a20f15200623090d5abeb160d4fba53430eb9691960cbcb2c
shenzhen_imagenes,Shenzhen,ChinaSet_AllFiles/CXR_png/CHNCXR_0050_0.png,6179961,7f2ed87c1158850566677377aa5bf2f8f2458c2453046a38e0228f58144b952f
shenzhen_imagenes,Shenzhen,ChinaSet_AllFiles/CXR_png/CHNCXR_0051_0.png,6385449,0223b27b57c116d3d64573e03cca9229f46898abeed7fba8eb606742fbd99aae
shenzhen_imagenes,Shenzhen,ChinaSet_AllFiles/CXR_png/CHNCXR_0052_0.png,4384800,29233bb6e15218fa650cb85f60a9800c40c1a4284d1ff597ce87976a8811034e
shenzhen_imagenes,Shenzhen,ChinaSet_AllFiles/CXR_png/CHNCXR_0053_0.png,5069677,9c0c6586424b98e96a4d520578bef6126ca52129572cbd3b11a21f7fab7e6767
shenzhen_imagenes,Shenzhen,ChinaSet_AllFiles/CXR_png/CHNCXR_0054_0.png,7117948,3cdef3384252496dbdfc75b4d2b814a3d19007fc0dd2ea85b05ab61880d55f8d
shenzhen_imagenes,Shenzhen,ChinaSet_AllFiles/CXR_png/CHNCXR_0055_0.png,5430555,2e3affdf18406edd4d4f535f601ab336f43fc05b54985683e628f4cc9e771df0
shenzhen_imagenes,Shenzhen,ChinaSet_AllFiles/CXR_png/CHNCXR_0056_0.png,5958140,68fa7714d351cd104536bda0e63d9544f04ebf6c26660630dff3dbdb9892adf0
shenzhen_imagenes,Shenzhen,ChinaSet_AllFiles/CXR_png/CHNCXR_0057_0.png,6096893,8c2d453181a69e7b60fd55bfc8dee86e218ca62192b095d4c419f9062d3706f3
shenzhen_imagenes,Shenzhen,ChinaSet_AllFiles/CXR_png/CHNCXR_0058_0.png,5573023,fcc615e7d62f5263739bbae8c0c08e21daffe1fc493319515890d98a6c82a18b
shenzhen_imagenes,Shenzhen,ChinaSet_AllFiles/CXR_png/CHNCXR_0059_0.png,5860417,acb50bd026bdf75a76bf1f73e9edb9870a6296d319d37118cc27c896e4c15376
shenzhen_imagenes,Shenzhen,ChinaSet_AllFiles/CXR_png/CHNCXR_0060_0.png,6327392,18ed5b055e0205e34e07e307c010ddc26bb4a22ab578b9636c2e9f5959130294
shenzhen_imagenes,Shenzhen,ChinaSet_AllFiles/CXR_png/CHNCXR_0061_0.png,6505990,780e5e9f148a11c196f745f16f7a6ac3aeedd7b812be33d4f7332b34941b63a4
shenzhen_imagenes,Shenzhen,ChinaSet_AllFiles/CXR_png/CHNCXR_0062_0.png,6409208,b4254617a9a1d96957776826d4be6d932413fc2f52ba89b04efe9cec89eea20a
shenzhen_imagenes,Shenzhen,ChinaSet_AllFiles/CXR_png/CHNCXR_0063_0.png,6233645,f6f936c5a5adbf6112268baf16369cbb6708258a57cf3dd272df4155aa1e87e2
shenzhen_imagenes,Shenzhen,ChinaSet_AllFiles/CXR_png/CHNCXR_0064_0.png,6251148,43646855bb46c90e1516523f5dbeb9e7dc49f30135989ea45255edb9e14a73ec
shenzhen_imagenes,Shenzhen,ChinaSet_AllFiles/CXR_png/CHNCXR_0065_0.png,6711992,169550fe3f33d9e74804273c2b0bf4e3ea04622342ae1a1f813fbb8aa3ddcc67
shenzhen_imagenes,Shenzhen,ChinaSet_AllFiles/CXR_png/CHNCXR_0066_0.png,6002386,5cdcc05b6667e152c291a85cb83f9ce3c3dc233f1c93c24b4314f5c62c2872c4
shenzhen_imagenes,Shenzhen,ChinaSet_AllFiles/CXR_png/CHNCXR_0067_0.png,6372166,d38b010867a874da25ee971171d005d92ecac273e0659aa88da22f65febd552b
shenzhen_imagenes,Shenzhen,ChinaSet_AllFiles/CXR_png/CHNCXR_0068_0.png,5801414,abdfd5a73adbea1371adc4602e0e0ac0ee6321e19b59fd55ca73694ba033ed54
shenzhen_imagenes,Shenzhen,ChinaSet_AllFiles/CXR_png/CHNCXR_0069_0.png,4259470,c5a69526e9c5b6e9e0f43e3c0f1be71e994eb5c950d70442629edc5d8b31a052
shenzhen_imagenes,Shenzhen,ChinaSet_AllFiles/CXR_png/CHNCXR_0070_0.png,4687462,811de53ca3fb4255490c8065d4003e5bbbfa38d0ff8f99c1962fb09e2b135edb
shenzhen_imagenes,Shenzhen,ChinaSet_AllFiles/CXR_png/CHNCXR_0071_0.png,4274874,f33a0de7284c54e84516ad1546c68f897528f88dbacd6b125cabacd64599fcc7
shenzhen_imagenes,Shenzhen,ChinaSet_AllFiles/CXR_png/CHNCXR_0072_0.png,5176733,8a8f8b8f473a08858594bc8084d0f30f699b77de3b76170098a2b8d9aca74953
shenzhen_imagenes,Shenzhen,ChinaSet_AllFiles/CXR_png/CHNCXR_0073_0.png,5989891,6f7a0a34f5b44619d8deaa847d7ea9e09df85ba7e1fd21994343bfce71d414de
shenzhen_imagenes,Shenzhen,ChinaSet_AllFiles/CXR_png/CHNCXR_0074_0.png,920955,15dcdfe1346d6bc1700075523ba75598923a68feda47ca065a3364583c750c11
shenzhen_imagenes,Shenzhen,ChinaSet_AllFiles/CXR_png/CHNCXR_0075_0.png,1009907,75964ccbbdc20225d576682c2f9064916861058d9f9c3455653ab0b042f82b4d
shenzhen_imagenes,Shenzhen,ChinaSet_AllFiles/CXR_png/CHNCXR_0076_0.png,1099891,69a4048210434feb96122aed542ecb3dbd7d2bac5989e9bcbd760ac54745f0e6
shenzhen_imagenes,Shenzhen,ChinaSet_AllFiles/CXR_png/CHNCXR_0077_0.png,5712239,f3124f61b1d2387c4ccb4a11c3bf5852bfc61581d35269e1e881fcf9784afc80
shenzhen_imagenes,Shenzhen,ChinaSet_AllFiles/CXR_png/CHNCXR_0078_0.png,6308139,c48f0362ac0160c190bfcf06c56f7cba3b2608ef4e37bd29b4dbb05a6c98fc2a
shenzhen_imagenes,Shenzhen,ChinaSet_AllFiles/CXR_png/CHNCXR_0079_0.png,6209456,afa1e96920314781a11ca4d6502dfa20865531266569e2353acc3ce0990adca0
shenzhen_imagenes,Shenzhen,ChinaSet_AllFiles/CXR_png/CHNCXR_0080_0.png,5862287,3f187151bb5f24a64e9db3d1f08ba93b7013a57461a20e8433c32cb0210e25a8
shenzhen_imagenes,Shenzhen,ChinaSet_AllFiles/CXR_png/CHNCXR_0081_0.png,6284011,c61a6a403283e2ddd5dcbaea9f45219ea1a7c3b411bdc648388aa9507e42d7ff
shenzhen_imagenes,Shenzhen,ChinaSet_AllFiles/CXR_png/CHNCXR_0082_0.png,6265380,eef5914e44f3f0613abd3e12d51482423eff84298f04c23d3af8771e69309983
shenzhen_imagenes,Shenzhen,ChinaSet_AllFiles/CXR_png/CHNCXR_0083_0.png,5857133,11fe4dedcf8bb4aeec16bed0c8b5dfd29ae9824f0727f07fb3d3ce76e06df4b3
shenzhen_imagenes,Shenzhen,ChinaSet_AllFiles/CXR_png/CHNCXR_0084_0.png,5457893,2f103b7a797b16021281518f27e6695047fb8b2a35e99ee7a4271de673402eb5
shenzhen_imagenes,Shenzhen,ChinaSet_AllFiles/CXR_png/CHNCXR_0085_0.png,5986530,519197c380245c0e04e17b2c713d3918413e4090623fb8fcd2eb817b8521fa74
shenzhen_imagenes,Shenzhen,ChinaSet_AllFiles/CXR_png/CHNCXR_0086_0.png,5968493,713b778555efec24a1dfc52a4a99b977b5c1c02d5ab289406b7d49f29c2c4360
shenzhen_imagenes,Shenzhen,ChinaSet_AllFiles/CXR_png/CHNCXR_0087_0.png,5546996,0df2d6ce10f3b18e3d6741b8d2328785fbf79dd1e0775fb88fe1c8095e9dd75f
shenzhen_imagenes,Shenzhen,ChinaSet_AllFiles/CXR_png/CHNCXR_0088_0.png,6681443,f86f857f92c25f2c643ff15fbf8982b6366e634b623fe97473a3cd47ded8b4b1
shenzhen_imagenes,Shenzhen,ChinaSet_AllFiles/CXR_png/CHNCXR_0089_0.png,4995291,59ba63bad7def904f305ab08d3c0f7d09dac70ec43b0a2f51a9207ed6170133d
shenzhen_imagenes,Shenzhen,ChinaSet_AllFiles/CXR_png/CHNCXR_0090_0.png,5458530,79158a3c9561c37d3e5739173c82eb9ed7a6811e97ff3714d7bc44288876de4d
shenzhen_imagenes,Shenzhen,ChinaSet_AllFiles/CXR_png/CHNCXR_0091_0.png,6319285,5975cab108875de97aafc2c3cbcba324a968b2e4f370868196aa768ed416bf42
shenzhen_imagenes,Shenzhen,ChinaSet_AllFiles/CXR_png/CHNCXR_0092_0.png,4936160,a8ca4c78bf0673f9da4cb46dcd365bb567674c4f4ded3a4eb2816365859cc830
shenzhen_imagenes,Shenzhen,ChinaSet_AllFiles/CXR_png/CHNCXR_0093_0.png,6753804,95e189970c757367dc3fb3dc76a8f316385174d09c4d26a9071dda8027f6a44c
shenzhen_imagenes,Shenzhen,ChinaSet_AllFiles/CXR_png/CHNCXR_0094_0.png,6320983,6850698f01234af65760719282114f4817bd5c27ba817edc8649bb84f6afdd20
shenzhen_imagenes,Shenzhen,ChinaSet_AllFiles/CXR_png/CHNCXR_0095_0.png,6360348,d8efad2a54da68de29e6c759719875fbad135df3e42ad0d6766691cf3416bb00
shenzhen_imagenes,Shenzhen,ChinaSet_AllFiles/CXR_png/CHNCXR_0096_0.png,2967116,39a3f8374267c668ced0c6846c26b470e76df96fec072995e41f506dab20a9bb
shenzhen_imagenes,Shenzhen,ChinaSet_AllFiles/CXR_png/CHNCXR_0097_0.png,3276594,36ea4532c4955bae200778d0b90ea79c7982e96e843d1f03d72b5f5350d7464f
shenzhen_imagenes,Shenzhen,ChinaSet_AllFiles/CXR_png/CHNCXR_0098_0.png,5802386,300577fcbc4486d0106b23534c8bed7853f15531d1767ba6cf8cb5a151415264
shenzhen_imagenes,Shenzhen,ChinaSet_AllFiles/CXR_png/CHNCXR_0099_0.png,5372338,3d81ff5e65dc8340767939b8a0d6a9c256a9c06eeb6ef25988040e80a9917757
shenzhen_imagenes,Shenzhen,ChinaSet_AllFiles/CXR_png/CHNCXR_0100_0.png,4267068,0377048204a782f9e19e5ddf428fee6326b9f832d4a4252c8cae6584a2de5c9e
shenzhen_imagenes,Shenzhen,ChinaSet_AllFiles/CXR_png/CHNCXR_0101_0.png,6423928,c94a35f824e28a0dc114d84532f356bd7e294b9d99cf0a82b4231a08df803190
shenzhen_imagenes,Shenzhen,ChinaSet_AllFiles/CXR_png/CHNCXR_0102_0.png,3437609,ff7250f0f7cc65c86dbb4e97701c801856fe35885bbcb7a6e1fa7ed3900290e2
shenzhen_imagenes,Shenzhen,ChinaSet_AllFiles/CXR_png/CHNCXR_0103_0.png,4593264,56b92d13a0bc3e93579003d546194194f88e7e9dc08fbf301ae5d0cf0609dc36
shenzhen_imagenes,Shenzhen,ChinaSet_AllFiles/CXR_png/CHNCXR_0104_0.png,6879166,7cd509e525feaa2ae39b3cc5e289e00d3d34e638c60ebbf57108832dfbfa7e22
shenzhen_imagenes,Shenzhen,ChinaSet_AllFiles/CXR_png/CHNCXR_0105_0.png,5267949,2cf9f9475a88721b5ad200247d0051a3370fedd6b776ddb5d4060dc136bcdfdb
shenzhen_imagenes,Shenzhen,ChinaSet_AllFiles/CXR_png/CHNCXR_0106_0.png,6442115,da8506020a7dc7d17b08365a31907db63d22b16cf1ea3a512697af6389019cd3
shenzhen_imagenes,Shenzhen,ChinaSet_AllFiles/CXR_png/CHNCXR_0107_0.png,3912700,54cb981f0c81faa0a48c4c77747b7bc3759b136cd87a27a3c81e74167009df14
shenzhen_imagenes,Shenzhen,ChinaSet_AllFiles/CXR_png/CHNCXR_0108_0.png,5942323,c4d095b50e76098ab1e7f5f059507b945e35bae0e9552ca0956b960a06870f9e
shenzhen_imagenes,Shenzhen,ChinaSet_AllFiles/CXR_png/CHNCXR_0109_0.png,4574332,9394fd05cef3e81c5b549a1f5f9d7c215baf8e1f9e92ca7757d4a1953e037433
shenzhen_imagenes,Shenzhen,ChinaSet_AllFiles/CXR_png/CHNCXR_0110_0.png,5538084,539d96f52c192ad65975eb03f6f9cf8efebf92fd4f19d07ed4530f513f3ea1ad
shenzhen_imagenes,Shenzhen,ChinaSet_AllFiles/CXR_png/CHNCXR_0111_0.png,4379338,07fad9a66852cf34fdb835cd5bdc32955a58b089e91e26ba566180aa44a5d5bd
shenzhen_imagenes,Shenzhen,ChinaSet_AllFiles/CXR_png/CHNCXR_0112_0.png,4609578,1849bd9986c40209b7be4903ed3e5d0fde7fe3b46ef16649f0342b4c32865701
shenzhen_imagenes,Shenzhen,ChinaSet_AllFiles/CXR_png/CHNCXR_0113_0.png,6139626,d341298f913dbb4ad0021d0c89963c26af67c8ad00cea8048eaedfc91cdd9ee7
shenzhen_imagenes,Shenzhen,ChinaSet_AllFiles/CXR_png/CHNCXR_0114_0.png,6436092,04068abab993879bdd7023dcbd88553f6ae6edfb49faf6406815508794ae42a3
shenzhen_imagenes,Shenzhen,ChinaSet_AllFiles/CXR_png/CHNCXR_0115_0.png,1089572,7ef73890746c4024e2e1a66712435eed6368728b8d69c989bc11e17626292f4a
shenzhen_imagenes,Shenzhen,ChinaSet_AllFiles/CXR_png/CHNCXR_0116_0.png,6328960,5f124a9d69dcd8287c97db8deb0ba4fd572da76740fd213584da54e12fd39e9c
shenzhen_imagenes,Shenzhen,ChinaSet_AllFiles/CXR_png/CHNCXR_0117_0.png,4897391,6aa3646420d87891b5ed0c370d039077404015bf90ab434dc33c90f12976c344
shenzhen_imagenes,Shenzhen,ChinaSet_AllFiles/CXR_png/CHNCXR_0118_0.png,6566802,dfd4e8718ef2ff041769e2f23b6ec0c497e293f49c82fdbe3428123832513c15
shenzhen_imagenes,Shenzhen,ChinaSet_AllFiles/CXR_png/CHNCXR_0119_0.png,5924771,b51f58dff2ae861cd336f556883ec22db1f93d6c5112486a69e9b38eee6f786c
shenzhen_imagenes,Shenzhen,ChinaSet_AllFiles/CXR_png/CHNCXR_0120_0.png,6302795,6c474df9133d1a05a923cae6cf1681f6bab390a6613766620e77cb4d88b069d2
shenzhen_imagenes,Shenzhen,ChinaSet_AllFiles/CXR_png/CHNCXR_0121_0.png,6366241,ccd22e36ba403ef64bba4a770923f0046746e80281357bbcdb689008b7bbddfa
shenzhen_imagenes,Shenzhen,ChinaSet_AllFiles/CXR_png/CHNCXR_0122_0.png,5614665,1092f2b037a4e0d968548effe8d4e04e9da7541df361d7d3d521f8e68b7c4aae
shenzhen_imagenes,Shenzhen,ChinaSet_AllFiles/CXR_png/CHNCXR_0123_0.png,5824306,9d627581291641726a27dafa533de0fb2340712a6469bfe4382d29307dfa7861
shenzhen_imagenes,Shenzhen,ChinaSet_AllFiles/CXR_png/CHNCXR_0124_0.png,4078962,223a6bc2916a7b1ddbc86072ad40d26c65b717ee8f6aa355e09635d6eb3211eb
shenzhen_imagenes,Shenzhen,ChinaSet_AllFiles/CXR_png/CHNCXR_0125_0.png,6859262,36659bf2760006c0e6c135230bdd8e40f7184608782ccbb1c8d8f6a0548f1e00
shenzhen_imagenes,Shenzhen,ChinaSet_AllFiles/CXR_png/CHNCXR_0126_0.png,5652168,6a55bc65425d22c36869edbcbdf1d3d6e8258a376268deee06cdae958d7cd084
shenzhen_imagenes,Shenzhen,ChinaSet_AllFiles/CXR_png/CHNCXR_0127_0.png,3999785,856207321562e9f136d919b8e05d37cc5426f6fa4dd49b00128d86664d612886
shenzhen_imagenes,Shenzhen,ChinaSet_AllFiles/CXR_png/CHNCXR_0128_0.png,6704290,d960285d9dc7b622c79051252980e369cc83c2e7b1a8abc72afa13ad4e14b4c1
shenzhen_imagenes,Shenzhen,ChinaSet_AllFiles/CXR_png/CHNCXR_0129_0.png,4751839,edfc0f0fccd7567d8b776e5371667781b2a74e497da0317378c13150ae7c7782
shenzhen_imagenes,Shenzhen,ChinaSet_AllFiles/CXR_png/CHNCXR_0130_0.png,6819063,3d2a48a4716ca5be99640d66e466cb547753976c75171abd81b9842424db57f9
shenzhen_imagenes,Shenzhen,ChinaSet_AllFiles/CXR_png/CHNCXR_0131_0.png,5997323,4bf439b71e30486422264b55ef5e2a1a037aa721f4755ae551bb753186dce8d8
shenzhen_imagenes,Shenzhen,ChinaSet_AllFiles/CXR_png/CHNCXR_0132_0.png,6113261,27568c87d0594916544ea2f8372121c392a61f7bbf7d835f49ac00c53a225f91
shenzhen_imagenes,Shenzhen,ChinaSet_AllFiles/CXR_png/CHNCXR_0133_0.png,6097369,fce03d68f53eafc51280b00b2e3b30df4e1df3c6a2981524333174d26de60021
shenzhen_imagenes,Shenzhen,ChinaSet_AllFiles/CXR_png/CHNCXR_0134_0.png,5147579,f34eb3feeb79cd5816837e439585ed1138ac282ba892b2156a4fa689539037b1
shenzhen_imagenes,Shenzhen,ChinaSet_AllFiles/CXR_png/CHNCXR_0135_0.png,6158576,2844fc94b0f25ad1878e692207e385c5938a65ac94d731acb3e9b523371f019e
shenzhen_imagenes,Shenzhen,ChinaSet_AllFiles/CXR_png/CHNCXR_0136_0.png,6005766,f79a14eebee9fbced6bc6aac324bad2aec51b7c99b1a5977dc669c30d168b0b1
shenzhen_imagenes,Shenzhen,ChinaSet_AllFiles/CXR_png/CHNCXR_0137_0.png,5926436,c7a39dbb042d9a9b7dd260cd0b7d7fb7311f078bba16afb67e28e814ef813f78
shenzhen_imagenes,Shenzhen,ChinaSet_AllFiles/CXR_png/CHNCXR_0138_0.png,5795874,575f5fcb12b03f787863b3ba08caf0ed2b9abfa60b6ac0985addb3204b982d1f
shenzhen_imagenes,Shenzhen,ChinaSet_AllFiles/CXR_png/CHNCXR_0139_0.png,5596445,092cdb70708f95032728f10d7f89dc53d9a4e17dabc8c5bf357379d42fe4ecb4
shenzhen_imagenes,Shenzhen,ChinaSet_AllFiles/CXR_png/CHNCXR_0140_0.png,3229782,4a461369ad4c9fa33059ea610a702a22b259e2f8b2f715ccdaa3a06a353b354f
shenzhen_imagenes,Shenzhen,ChinaSet_AllFiles/CXR_png/CHNCXR_0141_0.png,6012402,1419998310231f2a95106762c4b62a43248c2d7e78e9ea5a606314a9b8596a11
shenzhen_imagenes,Shenzhen,ChinaSet_AllFiles/CXR_png/CHNCXR_0142_0.png,3818068,aa53911f4ceaf6eab0e86c18d2efb7d568e0249cc4fe89a491b5739ff005eead
shenzhen_imagenes,Shenzhen,ChinaSet_AllFiles/CXR_png/CHNCXR_0143_0.png,6348364,3b1342fc28386b7ad23f1b5858723ac307024cffb4430e7c9505286f4a54f18c
shenzhen_imagenes,Shenzhen,ChinaSet_AllFiles/CXR_png/CHNCXR_0144_0.png,4341336,0b63d6be464adb97c70e64ba8fbbad68c0208068cac39dd84c66704b0c138756
shenzhen_imagenes,Shenzhen,ChinaSet_AllFiles/CXR_png/CHNCXR_0145_0.png,6899695,6eb1549be5f77779e1ca370888ae3219ee8dc80fdc61791ad2865b5fb47f2d65
shenzhen_imagenes,Shenzhen,ChinaSet_AllFiles/CXR_png/CHNCXR_0146_0.png,6491518,7679cedf4b26c50dc3d34a836a32f3075b0952b99c66d38cc4799d93985f7f89
shenzhen_imagenes,Shenzhen,ChinaSet_AllFiles/CXR_png/CHNCXR_0147_0.png,6492011,26169d79c4df70f3119f38322403983abe9adf33ff03445330df23be80c8d9ef
shenzhen_imagenes,Shenzhen,ChinaSet_AllFiles/CXR_png/CHNCXR_0148_0.png,5270137,079c7d5f4b4baf08141bb84e72acc785ddef208071eaa97862f0af2a3f24b924
shenzhen_imagenes,Shenzhen,ChinaSet_AllFiles/CXR_png/CHNCXR_0149_0.png,6341836,f3d7b463d140f4b6071762cfa030a3ddba81f10824cfb7439673ff03cf796a3d
shenzhen_imagenes,Shenzhen,ChinaSet_AllFiles/CXR_png/CHNCXR_0150_0.png,5379184,78b0722bd23c446d3eb0d5414b84c16391f637e56e8fc4928108dd4a54398478
shenzhen_imagenes,Shenzhen,ChinaSet_AllFiles/CXR_png/CHNCXR_0151_0.png,6156883,1ab88025be6eac6eb1526e46e353b7fab158407fd7d609a98369315c23f55b02
shenzhen_imagenes,Shenzhen,ChinaSet_AllFiles/CXR_png/CHNCXR_0152_0.png,4855817,75795c602625c2624baff83b81650c35c0b6dcec49fdf12be4b3ddb9c25f7074
shenzhen_imagenes,Shenzhen,ChinaSet_AllFiles/CXR_png/CHNCXR_0153_0.png,6248759,00f858efb2e1758210dcab040246e7eb1d2300ab8df2e612300132d0781cd9fe
shenzhen_imagenes,Shenzhen,ChinaSet_AllFiles/CXR_png/CHNCXR_0154_0.png,6033694,6dad5f0c63edbcccc54155d5156997c57731fd55f093e17d25bdcc7628bc75fb
shenzhen_imagenes,Shenzhen,ChinaSet_AllFiles/CXR_png/CHNCXR_0155_0.png,2860956,ea284f4fcbcc056719f984665c3110731124d5cefb087f542fa92b20dc990373
shenzhen_imagenes,Shenzhen,ChinaSet_AllFiles/CXR_png/CHNCXR_0156_0.png,6430301,3210cb8ce85ea0fa94e5e56d7518085126e697c101d0eff00b3dbccafb94ac2c
shenzhen_imagenes,Shenzhen,ChinaSet_AllFiles/CXR_png/CHNCXR_0157_0.png,6230671,031559952d5dc363cb8ba0ca40f2e4fb192c5df7b33c27ecb4fdd2228d59847f
shenzhen_imagenes,Shenzhen,ChinaSet_AllFiles/CXR_png/CHNCXR_0158_0.png,5493337,a8434f88f5c2d1c9b18e2c2645fdabbf83ca1fe2e04b65bfb0adcaa788d0b67a
shenzhen_imagenes,Shenzhen,ChinaSet_AllFiles/CXR_png/CHNCXR_0159_0.png,6748848,e82282515e94c5935c6582c6f60a0dad9de4ec14e2a71071e08de51794e9fb0a
shenzhen_imagenes,Shenzhen,ChinaSet_AllFiles/CXR_png/CHNCXR_0160_0.png,5530080,5673c5f6c13ff18049d0fe9ee3de00427b863dcf3ebc87c3eca7e88e94c0e635
shenzhen_imagenes,Shenzhen,ChinaSet_AllFiles/CXR_png/CHNCXR_0161_0.png,6231393,4000cae36eac4f323fdb9f8c7a16d9dfc582403a769cb58628f125217563d300
shenzhen_imagenes,Shenzhen,ChinaSet_AllFiles/CXR_png/CHNCXR_0162_0.png,6451805,8d8908bbe6d83557d18611e9e55100ee72cd27bde315cfa039ddfc2995a5dbfa
shenzhen_imagenes,Shenzhen,ChinaSet_AllFiles/CXR_png/CHNCXR_0163_0.png,6129814,7d82e420050e7cdbf5a09eebef12e64382b2b0254f088da92e79d7e6ce4c6cc1
shenzhen_imagenes,Shenzhen,ChinaSet_AllFiles/CXR_png/CHNCXR_0164_0.png,5780067,4c8fe3f2f796c44188a62da4b5f7f0f70803073e3687b33b061c2a7f430df522
shenzhen_imagenes,Shenzhen,ChinaSet_AllFiles/CXR_png/CHNCXR_0165_0.png,5558156,2563008506f64d0f893b37224f9bade17ff438e3d7f7760ab17d3e09027e8838
shenzhen_imagenes,Shenzhen,ChinaSet_AllFiles/CXR_png/CHNCXR_0166_0.png,4632848,1b677ad4571f4b99002b00c43e81bed2fac1193a1adc9ed2fde2585031d39f87
shenzhen_imagenes,Shenzhen,ChinaSet_AllFiles/CXR_png/CHNCXR_0167_0.png,6598131,2557b507f4d35e00db966746fdad7ef239dbf72404e401f9b20e434f31f42892
shenzhen_imagenes,Shenzhen,ChinaSet_AllFiles/CXR_png/CHNCXR_0168_0.png,6357428,3ab9ad4b983b4439f08f5f84381b760b2cf02f88bb0f23ab32e8535e62f8fbfd
shenzhen_imagenes,Shenzhen,ChinaSet_AllFiles/CXR_png/CHNCXR_0169_0.png,2431870,9bda74787e851d18e4ae1b54a885d2dd6f02435ea80b3a05803201f752cb5084
shenzhen_imagenes,Shenzhen,ChinaSet_AllFiles/CXR_png/CHNCXR_0170_0.png,5680895,edd789285a4692f06c4391b401170db1cffa5c2bc4fb715be7a0b9351c9a55e6
shenzhen_imagenes,Shenzhen,ChinaSet_AllFiles/CXR_png/CHNCXR_0171_0.png,6934968,384989f0981c19baf5f7025829f170e5a54036b47ef37c821f6f84b8a2ecb3f3
shenzhen_imagenes,Shenzhen,ChinaSet_AllFiles/CXR_png/CHNCXR_0172_0.png,4531828,e569a4212f9e2e2a05048d1522dd0932fba9065b55bcbfb4649def2b0c9771ae
shenzhen_imagenes,Shenzhen,ChinaSet_AllFiles/CXR_png/CHNCXR_0173_0.png,5184998,ce4b36191623f44491d8071305e23c758f4253b5531f204bbf32dab842e77dbe
shenzhen_imagenes,Shenzhen,ChinaSet_AllFiles/CXR_png/CHNCXR_0174_0.png,5256801,3bb15ec0a3ec88ac78fd8037affb8541011220ae17b8148929346513f2c6a5d6
shenzhen_imagenes,Shenzhen,ChinaSet_AllFiles/CXR_png/CHNCXR_0175_0.png,2706846,74b69b92cfb273cfd5bf5ffc082a1bc402eb0a24ca1f4914f6c3f84284e46b7a
shenzhen_imagenes,Shenzhen,ChinaSet_AllFiles/CXR_png/CHNCXR_0176_0.png,5821425,e94878891ff8f0d743bb7743ae06709a2af35abe9bc9c731a69873476e05120f
shenzhen_imagenes,Shenzhen,ChinaSet_AllFiles/CXR_png/CHNCXR_0177_0.png,4725903,ce9adb72484b529109444e4a3e888f893838b375083ec86209666b42bc6515ad
shenzhen_imagenes,Shenzhen,ChinaSet_AllFiles/CXR_png/CHNCXR_0178_0.png,1512422,e5fbc51a5089d4739c4f19df4c9f7c59c3b6c68d743bc8ff3e9ce75c404243cb
shenzhen_imagenes,Shenzhen,ChinaSet_AllFiles/CXR_png/CHNCXR_0179_0.png,5712801,1b7e95c05c47b6f5da941068af280027b666e053ac60d5aae878a8b3f85a00ee
shenzhen_imagenes,Shenzhen,ChinaSet_AllFiles/CXR_png/CHNCXR_0180_0.png,5031748,01f2647efeab06674fd0ccf3b06a47e16f6b71acaf0412e5da0e2aff188fedd4
shenzhen_imagenes,Shenzhen,ChinaSet_AllFiles/CXR_png/CHNCXR_0181_0.png,5540280,def22992743fb87a21fdbeb3579d7bd54e7d9b632db4c6707b5287eedb1d524c
shenzhen_imagenes,Shenzhen,ChinaSet_AllFiles/CXR_png/CHNCXR_0182_0.png,6038685,fe655b3f70616925bb9fee763341eaa877500ff5a665043a1377dfb6a873c60e
shenzhen_imagenes,Shenzhen,ChinaSet_AllFiles/CXR_png/CHNCXR_0183_0.png,6326059,d577b028768d2a81e91ea931a821b57ddfacca24604c6ade06a7dc073e4c8e90
shenzhen_imagenes,Shenzhen,ChinaSet_AllFiles/CXR_png/CHNCXR_0184_0.png,6262756,e2e39ca7eb7e1c1725d40cae00aaf32453485fe97c2a5006306a60c295883f87
shenzhen_imagenes,Shenzhen,ChinaSet_AllFiles/CXR_png/CHNCXR_0185_0.png,5418701,015de05b7bc5719cd6013b857681a74012a27e31ad4be10b390b695c91a96c6c
shenzhen_imagenes,Shenzhen,ChinaSet_AllFiles/CXR_png/CHNCXR_0186_0.png,4544670,217b7b0f810a32df08797e8d6a22be2723c858e5e96299e9fdaaad24af8ffa3b
shenzhen_imagenes,Shenzhen,ChinaSet_AllFiles/CXR_png/CHNCXR_0187_0.png,4837765,b2e8c54b73b9d49051b41ee54dbf362658831dca20034bec9f5368af21d4b6e6
shenzhen_imagenes,Shenzhen,ChinaSet_AllFiles/CXR_png/CHNCXR_0188_0.png,6742910,6b580784fbeb8deb9f0e11bf50b05b73bca2c3bea76aa64b4ac0db4ecc140af3
shenzhen_imagenes,Shenzhen,ChinaSet_AllFiles/CXR_png/CHNCXR_0189_0.png,5459378,f8800e7c3f37589b45b0b598f192b92e542d7e250aaddf710a9a4223412a02f1
shenzhen_imagenes,Shenzhen,ChinaSet_AllFiles/CXR_png/CHNCXR_0190_0.png,5974258,2f64c05902ca3bb6060f99c4daca836773632b68cad0178de97ec07b33ab58f0
shenzhen_imagenes,Shenzhen,ChinaSet_AllFiles/CXR_png/CHNCXR_0191_0.png,6165312,d035dd9c55db9aecd587b2bd46693bbd1e5adfcaeaabf084a08e6b11c5192d8f
shenzhen_imagenes,Shenzhen,ChinaSet_AllFiles/CXR_png/CHNCXR_0192_0.png,6635820,7213eebd670ec88845b6e5bd367bd123beff19ce35d39dcd2002368450531641
shenzhen_imagenes,Shenzhen,ChinaSet_AllFiles/CXR_png/CHNCXR_0193_0.png,5190527,3c38b25018d5e991da9f9a43e05f4634e915220a700be5477453110721779a43
shenzhen_imagenes,Shenzhen,ChinaSet_AllFiles/CXR_png/CHNCXR_0194_0.png,6693192,32f78bec07a68679ed4fa53db2c11b557d23b117dc5dbfe90e6f11731d7ae7b4
shenzhen_imagenes,Shenzhen,ChinaSet_AllFiles/CXR_png/CHNCXR_0195_0.png,6752046,83046d1144eb559ba67a7942686a261abe32c1db690678cd5fcd5818e8d9ea03
shenzhen_imagenes,Shenzhen,ChinaSet_AllFiles/CXR_png/CHNCXR_0196_0.png,6554938,d031a3c854cff56f3d2046d5511760c467c0de2ba8c4d440765fb97ae8e6db06
shenzhen_imagenes,Shenzhen,ChinaSet_AllFiles/CXR_png/CHNCXR_0197_0.png,5594826,f46f8c888815795306bb20e85dcad07a1700e4d77e7193d8f09f79edd8c2efef
shenzhen_imagenes,Shenzhen,ChinaSet_AllFiles/CXR_png/CHNCXR_0198_0.png,6736937,763b3ac7736099e8ec23ef665d24854464a0a319ba9db8c2dcabb39e4067ca45
shenzhen_imagenes,Shenzhen,ChinaSet_AllFiles/CXR_png/CHNCXR_0199_0.png,2977809,aa731f612f73612ba31f9faea56e8c25e9f26d04351b9f4218aa93066e77edf3
shenzhen_imagenes,Shenzhen,ChinaSet_AllFiles/CXR_png/CHNCXR_0200_0.png,6889590,6b2ef9707c846f3646c9e0ace1c10cc8ab2d3c88470ee490bc1cb624648d5290
shenzhen_imagenes,Shenzhen,ChinaSet_AllFiles/CXR_png/CHNCXR_0201_0.png,2141595,f4e169aa2c564614daf3a791412db23f86a9716f47965729dc5b404f47e4972f
shenzhen_imagenes,Shenzhen,ChinaSet_AllFiles/CXR_png/CHNCXR_0202_0.png,786661,887d2966fb9c0e0d3de654963684e17ed678373df2953282aa55672c95dd89a0
shenzhen_imagenes,Shenzhen,ChinaSet_AllFiles/CXR_png/CHNCXR_0203_0.png,6696174,43cd999fbc1415f6c88deb141f98c359d8d29f7b6f7d1042837ceb8555160080
shenzhen_imagenes,Shenzhen,ChinaSet_AllFiles/CXR_png/CHNCXR_0204_0.png,6888409,1a6093d85d8fb48da370a3632de518739a17affe150cf5f8700276fe0896557f
shenzhen_imagenes,Shenzhen,ChinaSet_AllFiles/CXR_png/CHNCXR_0205_0.png,2778140,430923da63781e0476753f367d62bb37173a0280ed769f3d5a0640dfac0666d8
shenzhen_imagenes,Shenzhen,ChinaSet_AllFiles/CXR_png/CHNCXR_0206_0.png,2250884,690493cfca161d3c4a5e6e93acd66a4313c50606cfe631083bf50a600088b48f
shenzhen_imagenes,Shenzhen,ChinaSet_AllFiles/CXR_png/CHNCXR_0207_0.png,6637141,5bbbe5f522b239f7ae7b0a84cac1d3a032ff975787daf039f8217c5979517b52
shenzhen_imagenes,Shenzhen,ChinaSet_AllFiles/CXR_png/CHNCXR_0208_0.png,5232833,7f8774510769d022e6a003d8db2b3b933bcaeec503853b5e3f7e9225048062da
shenzhen_imagenes,Shenzhen,ChinaSet_AllFiles/CXR_png/CHNCXR_0209_0.png,6614878,419c669b158f5b66c005c487680954708fba115864a0a0e046f4c5b4fa60f243
shenzhen_imagenes,Shenzhen,ChinaSet_AllFiles/CXR_png/CHNCXR_0210_0.png,6703400,afe28585597dd5e1bb5cc9af15f5e7158bf9d1b42c59e87f1dc4ed11a4064e15
shenzhen_imagenes,Shenzhen,ChinaSet_AllFiles/CXR_png/CHNCXR_0211_0.png,6728649,6ec1d06674963c2b7bee6fa950ce1342d59d40d33e11320004ff7ac8c986aaf3
shenzhen_imagenes,Shenzhen,ChinaSet_AllFiles/CXR_png/CHNCXR_0212_0.png,4884210,f205fbc42003c4b895eeb89c6fe6d89467ea10833dc31177c06dab6fe2a54ac9
shenzhen_imagenes,Shenzhen,ChinaSet_AllFiles/CXR_png/CHNCXR_0213_0.png,5810406,24654737e13753525cb8ba891b3abfef471a61c1afa1a1adfaaad9d09c149f08
shenzhen_imagenes,Shenzhen,ChinaSet_AllFiles/CXR_png/CHNCXR_0214_0.png,4862793,26dd4a4e91702d0cb8942a45d9387832261becc228651e48ae805565a9b59d62
shenzhen_imagenes,Shenzhen,ChinaSet_AllFiles/CXR_png/CHNCXR_0215_0.png,3071358,5a719ff63308f6a20732f6a8a587636559ed267ab75112172f4845cd08215aea
shenzhen_imagenes,Shenzhen,ChinaSet_AllFiles/CXR_png/CHNCXR_0216_0.png,5945920,f434afd27ad9084171f70303054699f941daad8591113f8157dff3b08be54979
shenzhen_imagenes,Shenzhen,ChinaSet_AllFiles/CXR_png/CHNCXR_0217_0.png,5582913,da617386dbe032d50dc17d1b49f014ce142a48badb2d3581d49542510eaf37f9
shenzhen_imagenes,Shenzhen,ChinaSet_AllFiles/CXR_png/CHNCXR_0218_0.png,6350437,fc58b6e7816f959d1d198082d83055fcd399ebfd32f0bdff7eb5bf6c293ce653
shenzhen_imagenes,Shenzhen,ChinaSet_AllFiles/CXR_png/CHNCXR_0219_0.png,6470247,ab97f3eeedfee37f9f8dca433c87da399253d975f886dd99d0fed48c298b0d6a
shenzhen_imagenes,Shenzhen,ChinaSet_AllFiles/CXR_png/CHNCXR_0220_0.png,4733008,6302c806161ce7fe79ee621196ec739a06318710a4ef344696aee04aecf8036c
shenzhen_imagenes,Shenzhen,ChinaSet_AllFiles/CXR_png/CHNCXR_0221_0.png,4973083,6bfd13c299fdea1d16116c1a8534c8e9f363eddeba3b582f44a7fbb615ed6073
shenzhen_imagenes,Shenzhen,ChinaSet_AllFiles/CXR_png/CHNCXR_0222_0.png,6728767,1ae1cc7aed7ab5d31dd07d69be935cd98346ce471ee5d06812a40382af8f5acf
shenzhen_imagenes,Shenzhen,ChinaSet_AllFiles/CXR_png/CHNCXR_0223_0.png,5687214,c3b88b42612c4363814bce4fd08b8b1a6be4ba6649855e8e22a2fa44a5b844e5
shenzhen_imagenes,Shenzhen,ChinaSet_AllFiles/CXR_png/CHNCXR_0224_0.png,6669915,465d161e16b6f46fa95d58ac237f3f393fe91531a404622182b3b7b8453c4ce2
shenzhen_imagenes,Shenzhen,ChinaSet_AllFiles/CXR_png/CHNCXR_0225_0.png,6261318,2d4868ab6f45c66f5fa32b0693551d5fdfb162aac654913b0a15e6ab9b74e443
shenzhen_imagenes,Shenzhen,ChinaSet_AllFiles/CXR_png/CHNCXR_0226_0.png,6685687,06d48c58b0998cd064ffcb3650d17bc7b11536a6427506a197a65522f9973056
shenzhen_imagenes,Shenzhen,ChinaSet_AllFiles/CXR_png/CHNCXR_0227_0.png,6882250,570fb0e6592b4fdc8201e08a73464f40fda15e75297c0d23ba58fad3b075f131
shenzhen_imagenes,Shenzhen,ChinaSet_AllFiles/CXR_png/CHNCXR_0228_0.png,1197041,e7b2c0b420d372b784f989ae7ae54ed1d72ed0d301c00e1f178806b5ca2947bf
shenzhen_imagenes,Shenzhen,ChinaSet_AllFiles/CXR_png/CHNCXR_0229_0.png,6358375,8886632b35a9a0733f250e646621c01beae2b2a8ff0b74fc08a7c97e74d71ab0
shenzhen_imagenes,Shenzhen,ChinaSet_AllFiles/CXR_png/CHNCXR_0230_0.png,6633277,e600f17352b3e569b7fdf05cd02db036dad7014ea8f3f947605d01983e126b5d
shenzhen_imagenes,Shenzhen,ChinaSet_AllFiles/CXR_png/CHNCXR_0231_0.png,6698071,7087fe92dbcc51424a6cfaa62504ebe2013cd1b2fba6aec34c5e14c51eb5b787
shenzhen_imagenes,Shenzhen,ChinaSet_AllFiles/CXR_png/CHNCXR_0232_0.png,6524760,b67decbf7b2f8ee84ad711fa50ae11ff2a0b382b50f3dbbdce56736807ae6d2c
shenzhen_imagenes,Shenzhen,ChinaSet_AllFiles/CXR_png/CHNCXR_0233_0.png,5865210,cceb502bbeb1e8ff09919b8c75832fb87f38daaae2c447c60a99161066c31fc3
shenzhen_imagenes,Shenzhen,ChinaSet_AllFiles/CXR_png/CHNCXR_0234_0.png,6607165,7db24e985daeac2a2cdea2e026d13d5c2b1b9f734ed45540244693d7b230214c
shenzhen_imagenes,Shenzhen,ChinaSet_AllFiles/CXR_png/CHNCXR_0235_0.png,4103241,a7dfab2dc27a88f5613ce84f6711289e03f6fabd4c94807b37f8f4e4fcc1c9d3
shenzhen_imagenes,Shenzhen,ChinaSet_AllFiles/CXR_png/CHNCXR_0236_0.png,6303420,a7e71a4f5aeb44e8c36d85c3d0d0a0b4bfb38c47e377e069ed8d6f9b55bb9c49
shenzhen_imagenes,Shenzhen,ChinaSet_AllFiles/CXR_png/CHNCXR_0237_0.png,5711445,e4e0628fe5380fbe1c20bc37f08a43687542a742a5e928bc8b4959d8bd8619aa
shenzhen_imagenes,Shenzhen,ChinaSet_AllFiles/CXR_png/CHNCXR_0238_0.png,5899771,d201cb87529737abb4931b873e9be56de999772eaf74aa47a0d81c493893eb26
shenzhen_imagenes,Shenzhen,ChinaSet_AllFiles/CXR_png/CHNCXR_0239_0.png,6981997,030eacd94b9d6fd290be0c561fc07541cc0ab22498f1ebf5ff24f13ae92175ed
shenzhen_imagenes,Shenzhen,ChinaSet_AllFiles/CXR_png/CHNCXR_0240_0.png,6652383,7e7d49a4dbe3acc10480e63d3fe74a3c75013dc9e95ee2abc5af995bc9f35173
shenzhen_imagenes,Shenzhen,ChinaSet_AllFiles/CXR_png/CHNCXR_0241_0.png,3935211,81caefc25e73565642db27fe55c90ebf2be792ae190d782566e663bb2f47fb28
shenzhen_imagenes,Shenzhen,ChinaSet_AllFiles/CXR_png/CHNCXR_0242_0.png,4014252,b475348de0e5278f45677b76336ddd24dba55e88b7699d56c4507caa1f1e6008
shenzhen_imagenes,Shenzhen,ChinaSet_AllFiles/CXR_png/CHNCXR_0243_0.png,6202713,2e20d9b9c9d489bc3dc72a1f99dbc0c1e5883b943ac121eedf460992a2025ba8
shenzhen_imagenes,Shenzhen,ChinaSet_AllFiles/CXR_png/CHNCXR_0244_0.png,3904370,f03478db4ce0795e6e7fb13b5dc1e3f971078efa7be5b7822653634c75fda77b
shenzhen_imagenes,Shenzhen,ChinaSet_AllFiles/CXR_png/CHNCXR_0245_0.png,6848717,e77964ef7bf93f4a5e78a4f02255025dbc61b8699011807dadcd08d4913dcf5b
shenzhen_imagenes,Shenzhen,ChinaSet_AllFiles/CXR_png/CHNCXR_0246_0.png,5961310,6d8a8510083e57c3d22517ac5bc09f7777ba00eff32ebc4bc6a29360f90fc56f
shenzhen_imagenes,Shenzhen,ChinaSet_AllFiles/CXR_png/CHNCXR_0247_0.png,6373640,fe3d6f42db0c4f9121e65b95aecd4d254871da5952324ee30ea7bd443ddb2722
shenzhen_imagenes,Shenzhen,ChinaSet_AllFiles/CXR_png/CHNCXR_0248_0.png,1468872,85a48b226d7f324ecdc38c81df2853366771a27da9b97e7572585197408561a2
shenzhen_imagenes,Shenzhen,ChinaSet_AllFiles/CXR_png/CHNCXR_0249_0.png,6765317,8ec417dc8d8e1508bcb69542681be8cc43b4456bc220bf282466e90d6b958eb3
shenzhen_imagenes,Shenzhen,ChinaSet_AllFiles/CXR_png/CHNCXR_0250_0.png,6230171,3bc32e6abe6704526d647c87b8c3893b774b70cae5708236e5bce795a50493b8
shenzhen_imagenes,Shenzhen,ChinaSet_AllFiles/CXR_png/CHNCXR_0251_0.png,3952690,7e001ff1a2eb7f7474c9351ee8aedd7a5c0f5c69e80265af81e5f3e58c19225b
shenzhen_imagenes,Shenzhen,ChinaSet_AllFiles/CXR_png/CHNCXR_0252_0.png,6844043,86c8c7674589f8a455fc5bf9ea81630d95ac3d15cfb5f81b0cb73bb67602f874
shenzhen_imagenes,Shenzhen,ChinaSet_AllFiles/CXR_png/CHNCXR_0253_0.png,5811039,c65d2f868a9af8f27c4573f79af3cdedcf2ddc10467872b6d3162cc051a5b258
shenzhen_imagenes,Shenzhen,ChinaSet_AllFiles/CXR_png/CHNCXR_0254_0.png,5975500,2cde6ee99467421b79a88fb7b6a206b363999cf74d0879c92629a47a60eb9e8a
shenzhen_imagenes,Shenzhen,ChinaSet_AllFiles/CXR_png/CHNCXR_0255_0.png,5272111,bc60f14bfd58332b4acc3bf5ab1b1fc1aeed99c3b0450a1d977fc7418d223dec
shenzhen_imagenes,Shenzhen,ChinaSet_AllFiles/CXR_png/CHNCXR_0256_0.png,2373603,ccda821f07088a937e67ea2ed321e435cf057d1f04a53448d70df9132a25a2b8
shenzhen_imagenes,Shenzhen,ChinaSet_AllFiles/CXR_png/CHNCXR_0257_0.png,6848473,30c18537a598bb519adeb77c97cfb13a444705b205406f9f45641e34f8ce60a1
shenzhen_imagenes,Shenzhen,ChinaSet_AllFiles/CXR_png/CHNCXR_0258_0.png,6267487,dab90a752d0fd8a309df367b01b4d8993489e3ee199ee80a02bf4b22789db90e
shenzhen_imagenes,Shenzhen,ChinaSet_AllFiles/CXR_png/CHNCXR_0259_0.png,2767758,0c6dc8092b6f4674247320c5832aaa289107a72be7b666422fe5f61fb6028f58
shenzhen_imagenes,Shenzhen,ChinaSet_AllFiles/CXR_png/CHNCXR_0260_0.png,5944626,553c18e3e270ac6d44d4742348dde3637dee3be628f291826fac97181c3f9cd5
shenzhen_imagenes,Shenzhen,ChinaSet_AllFiles/CXR_png/CHNCXR_0261_0.png,7085238,497569344010ea5debacbcec9030d390fed4fef68e0087aa98a31147125207e4
shenzhen_imagenes,Shenzhen,ChinaSet_AllFiles/CXR_png/CHNCXR_0262_0.png,6221617,b08932b88c6abd74941219b66a5a6264278a83566c4d23afb2a201186112f264
shenzhen_imagenes,Shenzhen,ChinaSet_AllFiles/CXR_png/CHNCXR_0263_0.png,6058086,b0bca07c6c85a95d36821157abef6a60400167a8adcf0680b123621d899dffb1
shenzhen_imagenes,Shenzhen,ChinaSet_AllFiles/CXR_png/CHNCXR_0264_0.png,6837546,c08b7e4ee3200f3a49c4fbd39199041504c05a8406ca6640cd833d6649ae5dcd
shenzhen_imagenes,Shenzhen,ChinaSet_AllFiles/CXR_png/CHNCXR_0265_0.png,3125343,94954bc99bc445e2f5bf5151ead432d53d6b4ac26f79cee9c593f2cb9a80a2a1
shenzhen_imagenes,Shenzhen,ChinaSet_AllFiles/CXR_png/CHNCXR_0266_0.png,6681764,03023c4521e01a8a19a2046a1b37dc0a9bc8d4feeea2a4f5ce56471d8588dc0b
shenzhen_imagenes,Shenzhen,ChinaSet_AllFiles/CXR_png/CHNCXR_0267_0.png,5708767,2f90ea42067aafd4db7c47a419914faec3c33d212abca156f21d54f98110baa9
shenzhen_imagenes,Shenzhen,ChinaSet_AllFiles/CXR_png/CHNCXR_0268_0.png,5951699,22cc9e0655256abe032010af8d27b54bc75086115412b7f4c8a71dc4cd04c44a
shenzhen_imagenes,Shenzhen,ChinaSet_AllFiles/CXR_png/CHNCXR_0269_0.png,5404097,578d0b371010ed53f15fa3f88d049309cf2488532d77043b41ebf0f3f05a04f4
shenzhen_imagenes,Shenzhen,ChinaSet_AllFiles/CXR_png/CHNCXR_0270_0.png,6628050,d82a7cc73d46821a5fd9e6453ab282f0527dd2e1600bcf033c5290105e6f1537
shenzhen_imagenes,Shenzhen,ChinaSet_AllFiles/CXR_png/CHNCXR_0271_0.png,6830371,929d22f2cb52b282d38086a0c02f8e5d7df3cdaf71a24183fe24fa2f8ad6b24d
shenzhen_imagenes,Shenzhen,ChinaSet_AllFiles/CXR_png/CHNCXR_0272_0.png,3823681,701136b4fcda3c8e29e5b515121865a9478738d5f3918337219654d13fe5b1d8
shenzhen_imagenes,Shenzhen,ChinaSet_AllFiles/CXR_png/CHNCXR_0273_0.png,3469307,fe57c5709cc21a020154aaaad5b68b83dfa4a7a5ee4b9710a10e5ff61bdcd60f
shenzhen_imagenes,Shenzhen,ChinaSet_AllFiles/CXR_png/CHNCXR_0274_0.png,5050063,d2ede69166b0aadb32d6f1c514532212c768e85834401cd29cf24602d77cca64
shenzhen_imagenes,Shenzhen,ChinaSet_AllFiles/CXR_png/CHNCXR_0275_0.png,6608288,00494cd79d63856c73c71b48d3571fba107a0f4f340c20e5d94a3d455317ed2b
shenzhen_imagenes,Shenzhen,ChinaSet_AllFiles/CXR_png/CHNCXR_0276_0.png,7288144,ecae67e792ec4d8849b0fef121801c52229b3c244e5d79b0d869c431a865888e
shenzhen_imagenes,Shenzhen,ChinaSet_AllFiles/CXR_png/CHNCXR_0277_0.png,5246348,e2a5a79a5ab435011ce882658347c36b11cd21ff21fa6225bae47bafd9440f00
shenzhen_imagenes,Shenzhen,ChinaSet_AllFiles/CXR_png/CHNCXR_0278_0.png,4996408,354a7f474fa00ceebebde04e72e87be15c52c8556485ab8620e3b991b4b0fe02
shenzhen_imagenes,Shenzhen,ChinaSet_AllFiles/CXR_png/CHNCXR_0279_0.png,4778659,fece2d8d262fd53eefcc459667dd15b514a16f9dff2509d54925354c574b9f47
shenzhen_imagenes,Shenzhen,ChinaSet_AllFiles/CXR_png/CHNCXR_0280_0.png,5460631,209417c0dfadfd7ad869fc7b76847d4108792fab98e4964195d6c08238ce357d
shenzhen_imagenes,Shenzhen,ChinaSet_AllFiles/CXR_png/CHNCXR_0281_0.png,6109812,0255e0635a76d11879e75f0203d460feeee58c441dcc5f665f5c71b97c4d5ddf
shenzhen_imagenes,Shenzhen,ChinaSet_AllFiles/CXR_png/CHNCXR_0282_0.png,6103493,5aecaf2f9f6537cc2a31a9253fe55a78324b8cf0c1bdddbc4cfc536f008ab5cf
shenzhen_imagenes,Shenzhen,ChinaSet_AllFiles/CXR_png/CHNCXR_0283_0.png,6152528,5b22260aa23e0880c763342d6f0caa29314f45905642735f03e83fb980241f5c
shenzhen_imagenes,Shenzhen,ChinaSet_AllFiles/CXR_png/CHNCXR_0284_0.png,5724676,41109afe3b29b86769360f3519b869ae0063e9ec60d6a7833e6cd8a186572520
shenzhen_imagenes,Shenzhen,ChinaSet_AllFiles/CXR_png/CHNCXR_0285_0.png,5916998,b7bae0771a4c3f1f47bea613115bfd8e15bd46653f78eb85c173d6efab8a59e7
shenzhen_imagenes,Shenzhen,ChinaSet_AllFiles/CXR_png/CHNCXR_0286_0.png,6338516,04c85c72282903f2241fc37dd491d91c552986454b48a191fb69c45b826c44e4
shenzhen_imagenes,Shenzhen,ChinaSet_AllFiles/CXR_png/CHNCXR_0287_0.png,5214823,f152233f70f2b5cea7801371adb520c9c1c3a86e98131a5711f10e26605813d0
shenzhen_imagenes,Shenzhen,ChinaSet_AllFiles/CXR_png/CHNCXR_0288_0.png,4631396,801c6ed9a321890e5fb5afda73bde5f5828d8ce122222dbd67b9c16e81f61073
shenzhen_imagenes,Shenzhen,ChinaSet_AllFiles/CXR_png/CHNCXR_0289_0.png,5887282,68f3216225692954ad70007bbc4ca11146f4a1d2c53590a8d67c637da4c0aa77
shenzhen_imagenes,Shenzhen,ChinaSet_AllFiles/CXR_png/CHNCXR_0290_0.png,6213793,5cbc8d71d6964dfdf6af2502c2e1fb977399012409b698689e7a4ba88c19fd1a
shenzhen_imagenes,Shenzhen,ChinaSet_AllFiles/CXR_png/CHNCXR_0291_0.png,4907887,06f02296b9a781ffbe09020fc2626bb37a87aed8008fe24ed4b356ac83b23c62
shenzhen_imagenes,Shenzhen,ChinaSet_AllFiles/CXR_png/CHNCXR_0292_0.png,5929252,ab0bf791168125b1698fce2a59396ae0bec01565ea13f1f098b74bc04b166229
shenzhen_imagenes,Shenzhen,ChinaSet_AllFiles/CXR_png/CHNCXR_0293_0.png,6254490,dc66f5b385751c03f3ff03a08d612bf0f8d602377d0e38414adc97d0f4dd7810
shenzhen_imagenes,Shenzhen,ChinaSet_AllFiles/CXR_png/CHNCXR_0294_0.png,6122336,8607188d6e32d8471c768739ebf299382be7c5de6ed0da9c22dd26fbcf5db4a8
shenzhen_imagenes,Shenzhen,ChinaSet_AllFiles/CXR_png/CHNCXR_0295_0.png,3852190,e38ccb4639489ad59f456819ba651eecad9b7e5a0379f2d3598c8fd8f4821f7e
shenzhen_imagenes,Shenzhen,ChinaSet_AllFiles/CXR_png/CHNCXR_0296_0.png,5224192,13178a21acd328748d2a3d27f9eba746c0739e37baebcc8c7ed20b06ea360091
shenzhen_imagenes,Shenzhen,ChinaSet_AllFiles/CXR_png/CHNCXR_0297_0.png,1795020,35951ffddc82d33271d57eff682d98ad73f247375680f7dfde33ef3d84ada89b
shenzhen_imagenes,Shenzhen,ChinaSet_AllFiles/CXR_png/CHNCXR_0298_0.png,5934277,9b53719a61c90c3bd8d70362ad29dca9d41c781b5fdff731ef530d6e7303fd47
shenzhen_imagenes,Shenzhen,ChinaSet_AllFiles/CXR_png/CHNCXR_0299_0.png,2985653,3d3b3c6b5e809f78ab1e0e77267099ddd1f332c8c0d387c57dece70bce784db4
shenzhen_imagenes,Shenzhen,ChinaSet_AllFiles/CXR_png/CHNCXR_0300_0.png,6433632,afb4586a02fa39db6c65f24256a818df5d063fa5e80d5fdeb4698a06dc0951e3
shenzhen_imagenes,Shenzhen,ChinaSet_AllFiles/CXR_png/CHNCXR_0301_0.png,6153207,1833696f340214956e70ef0efbce9cb6442889bd0f809782b98b6d410f9bc2a7
shenzhen_imagenes,Shenzhen,ChinaSet_AllFiles/CXR_png/CHNCXR_0302_0.png,5453193,d625d5235e08ed17102730141913151ecff4ff9f09cedcaffd1d911b93c47ca1
shenzhen_imagenes,Shenzhen,ChinaSet_AllFiles/CXR_png/CHNCXR_0303_0.png,2715777,aac243997a81265af61c9bb30606fc4859c98e161d2a24bae494b1fd9977ae73
shenzhen_imagenes,Shenzhen,ChinaSet_AllFiles/CXR_png/CHNCXR_0304_0.png,6215349,46632021f312b6953ca92eabce58e58131c619e20fec6bd70946cbce2cce5539
shenzhen_imagenes,Shenzhen,ChinaSet_AllFiles/CXR_png/CHNCXR_0305_0.png,5890413,220fe7b4ada83837f479fc205b5d66ee76c1762e32a058610633de8e782542b7
shenzhen_imagenes,Shenzhen,ChinaSet_AllFiles/CXR_png/CHNCXR_0306_0.png,5767959,07628ddc15c0e632ef48efa52f931d5f8b9a780c19e5ff110e7a17bdd7748dae
shenzhen_imagenes,Shenzhen,ChinaSet_AllFiles/CXR_png/CHNCXR_0307_0.png,6146548,c00a9d6f55c4544cee49bbbb68d3ae76d187008349d4a3c65740522797a90826
shenzhen_imagenes,Shenzhen,ChinaSet_AllFiles/CXR_png/CHNCXR_0308_0.png,6120163,0de0538a9ed19affba8d4c487766317341362fc78fbd3b58d937d688c27802e5
shenzhen_imagenes,Shenzhen,ChinaSet_AllFiles/CXR_png/CHNCXR_0309_0.png,6363839,b7211b9be607323b69156fddffd43656f912555097b0b0f33ed0dba3b16536b4
shenzhen_imagenes,Shenzhen,ChinaSet_AllFiles/CXR_png/CHNCXR_0310_0.png,4273931,f033d86dc9e6468c3d4db59237ab0e8b579c052c368fe86d10de73a2f413acd6
shenzhen_imagenes,Shenzhen,ChinaSet_AllFiles/CXR_png/CHNCXR_0311_0.png,6323067,3bbf042614dab88e614c6d2ab063c6f2ac7b8383eff6b1c71211232eed29f892
shenzhen_imagenes,Shenzhen,ChinaSet_AllFiles/CXR_png/CHNCXR_0312_0.png,5841711,6b4f38ddd8a54b55a6e15bd75f829bbc4af6f6bbf757d37f1d27d27a49ce9f62
shenzhen_imagenes,Shenzhen,ChinaSet_AllFiles/CXR_png/CHNCXR_0313_0.png,3013950,338831ebf2ee14f8f4539bec7d3efde45270f6e426c5c67cfe4e49a3f06acc80
shenzhen_imagenes,Shenzhen,ChinaSet_AllFiles/CXR_png/CHNCXR_0314_0.png,5307486,0e766d6a1fe8bf66e4b06a4bf39610cb362e38cf6def05cdfb4fe86722007ea9
shenzhen_imagenes,Shenzhen,ChinaSet_AllFiles/CXR_png/CHNCXR_0315_0.png,6288514,e60a371675dfd49b8f73f49d1e61a3b14200ea140c5558f6868c39600c429070
shenzhen_imagenes,Shenzhen,ChinaSet_AllFiles/CXR_png/CHNCXR_0316_0.png,4192953,d28cbc5ea78512664fe028590d5503b4ec40ac247a55a1aab3a13b8886b849e0
shenzhen_imagenes,Shenzhen,ChinaSet_AllFiles/CXR_png/CHNCXR_0317_0.png,6013391,8963fa72987ee5b3b2b705641ad3bc0021abb53b67c8f5788c400572249e4d00
shenzhen_imagenes,Shenzhen,ChinaSet_AllFiles/CXR_png/CHNCXR_0318_0.png,6528011,e5f69a98be0f6364a1525e4f5764d82b6b79b5b28dd75b1c1bdfefc59171d75d
shenzhen_imagenes,Shenzhen,ChinaSet_AllFiles/CXR_png/CHNCXR_0319_0.png,6292422,171715cda459753ea9a52644b8665040f6424efe247283b3d1d5dc16ebc8b2ef
shenzhen_imagenes,Shenzhen,ChinaSet_AllFiles/CXR_png/CHNCXR_0320_0.png,5973792,e6cc3554f1e1780024e97d928f943581724582307c7cdad932fef19fe31a3a5c
shenzhen_imagenes,Shenzhen,ChinaSet_AllFiles/CXR_png/CHNCXR_0321_0.png,6023126,2e2c8b16e5f79a5a6968b424234c132d4e52b7ec1bab926e3a63238f27f00490
shenzhen_imagenes,Shenzhen,ChinaSet_AllFiles/CXR_png/CHNCXR_0322_0.png,6297078,bf3186a4c8824c4ea96e9229be18423e3563f1476e965fca1c269c019f69fa6a
shenzhen_imagenes,Shenzhen,ChinaSet_AllFiles/CXR_png/CHNCXR_0323_0.png,5949187,cd4c85bf80bf7d3fd9a92b511a0b25139569618f40df4af71380d7006c704cb1
shenzhen_imagenes,Shenzhen,ChinaSet_AllFiles/CXR_png/CHNCXR_0324_0.png,6361103,5067bb1f7a2a292b0d0803feb8129e0543ba1c57cd02515a85dbc324177631a8
shenzhen_imagenes,Shenzhen,ChinaSet_AllFiles/CXR_png/CHNCXR_0325_0.png,6085913,22669fc26ad01d93be8b52ff9b5fef29ffa059f7614e683a4b8552144582a105
shenzhen_imagenes,Shenzhen,ChinaSet_AllFiles/CXR_png/CHNCXR_0326_0.png,6027117,963ce6b71710d4f3fcc1ac473231faee9025a0cc0d0ed07c166431a50b09fef1
shenzhen_imagenes,Shenzhen,ChinaSet_AllFiles/CXR_png/CHNCXR_0327_1.png,5553963,3fd59f333e1525751037be898644c254d163e0fc5a1344fdc461ab654168ee56
shenzhen_imagenes,Shenzhen,ChinaSet_AllFiles/CXR_png/CHNCXR_0328_1.png,6258213,48f4fdbde094d1c3d5828968f21083cebbebdb92c33b4e6bf7d7b4d75222e92d
shenzhen_imagenes,Shenzhen,ChinaSet_AllFiles/CXR_png/CHNCXR_0329_1.png,4589064,72e6ff307f93a74d31f31199ac811d8caaae243b0af774bde268508ea5e6aa37
shenzhen_imagenes,Shenzhen,ChinaSet_AllFiles/CXR_png/CHNCXR_0330_1.png,6135478,1e37ea2862a88cc62dbb99daf6df7a2c65dacf81759de35ddcbd5053fd772382
shenzhen_imagenes,Shenzhen,ChinaSet_AllFiles/CXR_png/CHNCXR_0331_1.png,4325553,64dc244703aed883cfa5a264a6f89803cb4fc5a6017f6d5dc14e87181bdad263
shenzhen_imagenes,Shenzhen,ChinaSet_AllFiles/CXR_png/CHNCXR_0332_1.png,6045559,35f4fe05ed40485da401ef6a8d0ed4895d62919aba6c81f1e1be6615ff11e4b0
shenzhen_imagenes,Shenzhen,ChinaSet_AllFiles/CXR_png/CHNCXR_0333_1.png,5778365,bbb39c48b260ad591362d59913a5c6727ac6fdc9ab1e297df8ef84e1316f0c2d
shenzhen_imagenes,Shenzhen,ChinaSet_AllFiles/CXR_png/CHNCXR_0334_1.png,6368917,4f597a99acfa82855da45d0dffff762df4f496a621f60f5a515c252dabae8a69
shenzhen_imagenes,Shenzhen,ChinaSet_AllFiles/CXR_png/CHNCXR_0335_1.png,5112699,4beb801616103eb6ebe9b0b190664b9d2f011aa12485e0406b50fd1437ab0840
shenzhen_imagenes,Shenzhen,ChinaSet_AllFiles/CXR_png/CHNCXR_0336_1.png,5602227,a7d9f12830a80cd187eb62e5291d3ba5896bc16630635f71ba834d054dccbebe
shenzhen_imagenes,Shenzhen,ChinaSet_AllFiles/CXR_png/CHNCXR_0337_1.png,5243229,8c38a6765443adf778693f96db3a04735b778625fc3c52689dc251b5efd44b78
shenzhen_imagenes,Shenzhen,ChinaSet_AllFiles/CXR_png/CHNCXR_0338_1.png,5831161,a7b4c07d8d7bc4927279c608da7d794afe44ae948c7f4051d63a9eac83a1384d
shenzhen_imagenes,Shenzhen,ChinaSet_AllFiles/CXR_png/CHNCXR_0339_1.png,5348254,cb50916a1c5fa504a96f2a4c584114459f1b391c109898d01d47dfd12bbd2631
shenzhen_imagenes,Shenzhen,ChinaSet_AllFiles/CXR_png/CHNCXR_0340_1.png,6476801,52819e064dc0c42a10aad2ef7945ffaffa0ab2ffb63785d2499ba11463f62e9c
shenzhen_imagenes,Shenzhen,ChinaSet_AllFiles/CXR_png/CHNCXR_0341_1.png,6148591,e3a2fa9dbe006d1dcdc6998928ef1efd942ead567a0b755c500cd59c33dd3cf1
shenzhen_imagenes,Shenzhen,ChinaSet_AllFiles/CXR_png/CHNCXR_0342_1.png,6789039,277092d4cedbce3433fa121b3ce4a8f4194a905217de892fbe2e588d3967ff39
shenzhen_imagenes,Shenzhen,ChinaSet_AllFiles/CXR_png/CHNCXR_0343_1.png,6827472,eea010b09183f4b47a0af829ff8d9dd6b3f3dec8fe6f137aaa805c8a3b7dbc00
shenzhen_imagenes,Shenzhen,ChinaSet_AllFiles/CXR_png/CHNCXR_0344_1.png,5144783,9cd4382110f86514e98ac8440d197f648856c4223cef562e2e25b2a9ddab30bd
shenzhen_imagenes,Shenzhen,ChinaSet_AllFiles/CXR_png/CHNCXR_0345_1.png,5499162,f9a75e9167862d791528466cbf49f8f98c9bf6443612347a26fafce08959194f
shenzhen_imagenes,Shenzhen,ChinaSet_AllFiles/CXR_png/CHNCXR_0346_1.png,4151380,c0be9641a8adef4f699dfcd407cc18883922a84073691c9ad88df2c4cf7230df
shenzhen_imagenes,Shenzhen,ChinaSet_AllFiles/CXR_png/CHNCXR_0347_1.png,5460363,b223b0c2e62fe456baaad0f9e8811976ebeaa7900815cd6fc8a9fc3359566328
shenzhen_imagenes,Shenzhen,ChinaSet_AllFiles/CXR_png/CHNCXR_0348_1.png,4889578,b148e6f8864cd1634505cc4ad58d258b8991cac20071ba7cb35819c3cbdff11a
shenzhen_imagenes,Shenzhen,ChinaSet_AllFiles/CXR_png/CHNCXR_0349_1.png,6293726,5408ff12271e1a979c7c30b42b42b5e160ad8879a4d10f8aee806eec035f5677
shenzhen_imagenes,Shenzhen,ChinaSet_AllFiles/CXR_png/CHNCXR_0350_1.png,6638311,62641e9ccb88d9f0ea840065aaaec1f73960bd4f19050cc24ca10001137d5061
shenzhen_imagenes,Shenzhen,ChinaSet_AllFiles/CXR_png/CHNCXR_0351_1.png,6289137,89058b6dde007fa0f5e36f56066eef51da25537f1761931ce886d71f81043d0d
shenzhen_imagenes,Shenzhen,ChinaSet_AllFiles/CXR_png/CHNCXR_0352_1.png,6150613,6797640bd9572d2499f527fd350f00b003f6d89fe537adae7282edd433b8623b
shenzhen_imagenes,Shenzhen,ChinaSet_AllFiles/CXR_png/CHNCXR_0353_1.png,4768664,19b0e54acbc9d5c9d27543a15235ae2da4e13bdd2ca6c67dc5c57732e714f102
shenzhen_imagenes,Shenzhen,ChinaSet_AllFiles/CXR_png/CHNCXR_0354_1.png,6258740,b8c27d7b9b035bad4112e43b2c37bd9a11dd7d068cc04e547a3ef1a2656e6743
shenzhen_imagenes,Shenzhen,ChinaSet_AllFiles/CXR_png/CHNCXR_0355_1.png,7087062,9497d8ffc2831ee48aa0fc2f4fca7ff930c0a7434fb58d52c2244f48981b4fc2
shenzhen_imagenes,Shenzhen,ChinaSet_AllFiles/CXR_png/CHNCXR_0356_1.png,5329285,f961de919fdcb8bca759d312c369c7b5f24fcab7d73089f03205f096ee67594f
shenzhen_imagenes,Shenzhen,ChinaSet_AllFiles/CXR_png/CHNCXR_0357_1.png,6915716,bf8f5dadab0d0f8200ba8f395733405609f9a2a94d7e6f63847071e1aea704c8
shenzhen_imagenes,Shenzhen,ChinaSet_AllFiles/CXR_png/CHNCXR_0358_1.png,6041999,eb1707d9b18931c9dd8be132063bc9db1de5d780eadff6a174eb4ec64dbf4928
shenzhen_imagenes,Shenzhen,ChinaSet_AllFiles/CXR_png/CHNCXR_0359_1.png,5979997,503eab71977c8021ab3678eccd2608943313c73a6ca39a6ada09ae628c534410
shenzhen_imagenes,Shenzhen,ChinaSet_AllFiles/CXR_png/CHNCXR_0360_1.png,5807026,fff4ab169baa4b33b48f53d11653771497f9220bec3dc6968b29ec552b6427ee
shenzhen_imagenes,Shenzhen,ChinaSet_AllFiles/CXR_png/CHNCXR_0361_1.png,5737788,915db0f49ea8b63d330b9d4c0645b95eb724624dd9b4ca559f39ce3024353187
shenzhen_imagenes,Shenzhen,ChinaSet_AllFiles/CXR_png/CHNCXR_0362_1.png,7282508,ea93396261a9cf03cc7cb9d4530d0ef79822044e517cd4719d098a61c07957df
shenzhen_imagenes,Shenzhen,ChinaSet_AllFiles/CXR_png/CHNCXR_0363_1.png,5603102,7ec3f798d2b84f7efde3aab7861549bf777392c2df61f3dc056f43723316201b
shenzhen_imagenes,Shenzhen,ChinaSet_AllFiles/CXR_png/CHNCXR_0364_1.png,6629730,489c7741cb6da27c6146ed08fec9633111ee9159ffd09c363d47be3388962cc4
shenzhen_imagenes,Shenzhen,ChinaSet_AllFiles/CXR_png/CHNCXR_0365_1.png,5564614,2bb0ae74373c53ae877d51722a81f4a27f35f00469e60d4c51f03d39365284a9
shenzhen_imagenes,Shenzhen,ChinaSet_AllFiles/CXR_png/CHNCXR_0366_1.png,6597255,c6d34b743d73ae62906ec4fdaf5de9293f9725a79c8d13233ccc885953b240a9
shenzhen_imagenes,Shenzhen,ChinaSet_AllFiles/CXR_png/CHNCXR_0367_1.png,6123215,c4dc0b817d433fb81a1f135069576b64f8d91ebfa16da543ba4d32671858a844
shenzhen_imagenes,Shenzhen,ChinaSet_AllFiles/CXR_png/CHNCXR_0368_1.png,3939373,b0da69d095ba901561f7bb5179095bbfb3ffb5389a5e4287f88a031dcf3cb443
shenzhen_imagenes,Shenzhen,ChinaSet_AllFiles/CXR_png/CHNCXR_0369_1.png,6696309,efe2a9ae23bd88bcebea3b439805f6481935fe4adf770163df89720def67b9cc
shenzhen_imagenes,Shenzhen,ChinaSet_AllFiles/CXR_png/CHNCXR_0370_1.png,5776281,e18393b6eda24d6bc151e30eb60d5b720531db5c92ea3b368ffa56aafd8ef374
shenzhen_imagenes,Shenzhen,ChinaSet_AllFiles/CXR_png/CHNCXR_0371_1.png,6391729,fc5fa26df72175284e0226127fd06d403df7a2c46afb939cfb9d8617cf7250b5
shenzhen_imagenes,Shenzhen,ChinaSet_AllFiles/CXR_png/CHNCXR_0372_1.png,6394314,aa43028ad075847986c818d0866a461683a255181d6efd180178b549bc95e660
shenzhen_imagenes,Shenzhen,ChinaSet_AllFiles/CXR_png/CHNCXR_0373_1.png,5109237,2ee0ff01ccbdc064b364a1e457da7db3aae26f0bfaa341c3f15e4489915f49c9
shenzhen_imagenes,Shenzhen,ChinaSet_AllFiles/CXR_png/CHNCXR_0374_1.png,5878046,13cf35a302ac9c1f6db68d45ad651671e4ddac7ae7185b0e02dbff9a52ef67e1
shenzhen_imagenes,Shenzhen,ChinaSet_AllFiles/CXR_png/CHNCXR_0375_1.png,7026438,04225b5a986af37d761c6ca44f721964c88932486092efa43f12609747e261d2
shenzhen_imagenes,Shenzhen,ChinaSet_AllFiles/CXR_png/CHNCXR_0376_1.png,7262896,6b4f2f97b3bda9e24814a9b30fb377423e5720e74f1467ddb118e3a5dbdd69be
shenzhen_imagenes,Shenzhen,ChinaSet_AllFiles/CXR_png/CHNCXR_0377_1.png,5347623,0884c74aae9b1968fb82b52b48f34c19f065cdf2eb392a8dd4fe778ae8214311
shenzhen_imagenes,Shenzhen,ChinaSet_AllFiles/CXR_png/CHNCXR_0378_1.png,7013685,10cc9a2b28f1d9d6b9b97ebbbb40c96efee238bda10e8700f9b9501ed469b1ac
shenzhen_imagenes,Shenzhen,ChinaSet_AllFiles/CXR_png/CHNCXR_0379_1.png,4419463,e42505924420a827384ecf204254a46a2c369ddf7e7e87edf9ea6f8d98856726
shenzhen_imagenes,Shenzhen,ChinaSet_AllFiles/CXR_png/CHNCXR_0380_1.png,6809608,090f2e4c20f6a3f030d8e697a85c18e3745d2efdaf721be2985f1c7b936564c1
shenzhen_imagenes,Shenzhen,ChinaSet_AllFiles/CXR_png/CHNCXR_0381_1.png,7286325,e84beb2efc53da178129f494cd689f5819cf6a28ab36dc4ff6699fa844e89d92
shenzhen_imagenes,Shenzhen,ChinaSet_AllFiles/CXR_png/CHNCXR_0382_1.png,5823066,969fd2a0ec022cc290096794b73f5b950af7b497f6ba7142f9da7157e517d637
shenzhen_imagenes,Shenzhen,ChinaSet_AllFiles/CXR_png/CHNCXR_0383_1.png,5763518,bf68d76b6f36a408c0e60f2d3431ae260cd4e00a94a768b07f343533097a524d
shenzhen_imagenes,Shenzhen,ChinaSet_AllFiles/CXR_png/CHNCXR_0384_1.png,5865554,c97a2873db337011380bbf9d913b68082f52a528169979a2ead27f9c0538c0ef
shenzhen_imagenes,Shenzhen,ChinaSet_AllFiles/CXR_png/CHNCXR_0385_1.png,5817116,757755c10ab4fa6173c59851dc12d64e3a8e0250d2c23bed59e1531b003b6302
shenzhen_imagenes,Shenzhen,ChinaSet_AllFiles/CXR_png/CHNCXR_0386_1.png,6252151,e77d759af98712894776f54f63cbceb605f1952c171742fddd088fbffeb2ca9f
shenzhen_imagenes,Shenzhen,ChinaSet_AllFiles/CXR_png/CHNCXR_0387_1.png,5444397,1aa379c2bae8052b564d49cb31461f15d15fb3902b9477e13684157ab34a1ff3
shenzhen_imagenes,Shenzhen,ChinaSet_AllFiles/CXR_png/CHNCXR_0388_1.png,6616987,2e1e922988d984d7dde6d07ae949e0d1f5a8929f216885019bf04e5b354a5d19
shenzhen_imagenes,Shenzhen,ChinaSet_AllFiles/CXR_png/CHNCXR_0389_1.png,6077274,1f60fdbdc560f890bfc5a3e74f3f5687fc39abae2022fde6ace91ceb71f9759d
shenzhen_imagenes,Shenzhen,ChinaSet_AllFiles/CXR_png/CHNCXR_0390_1.png,6850792,46fd7803565da2170778fabaf0123c6989f99966e75abaa3fa722fd563b441f4
shenzhen_imagenes,Shenzhen,ChinaSet_AllFiles/CXR_png/CHNCXR_0391_1.png,3913223,8fa553552a0839380990c35312763ff112beb5bbbcf0b77711907d470e75497c
shenzhen_imagenes,Shenzhen,ChinaSet_AllFiles/CXR_png/CHNCXR_0392_1.png,5816290,803c5c2a52570e70ada0fede714f606e4197dc57dcb60cf110f4f863c4372953
shenzhen_imagenes,Shenzhen,ChinaSet_AllFiles/CXR_png/CHNCXR_0393_1.png,5033905,58b5292a89a6dde6e39677db8e8f0160adf472963b77a8a1154243ac1d2b456d
shenzhen_imagenes,Shenzhen,ChinaSet_AllFiles/CXR_png/CHNCXR_0394_1.png,7175879,0bf41e7990908be2856dd25b806414374682f515200b0a251ac27e53b3c0e998
shenzhen_imagenes,Shenzhen,ChinaSet_AllFiles/CXR_png/CHNCXR_0395_1.png,5679360,71b2362b383cd2799331b3e10262e8be9f521e7a7b60380ddd912e46e78d3acd
shenzhen_imagenes,Shenzhen,ChinaSet_AllFiles/CXR_png/CHNCXR_0396_1.png,6307090,b07e91ba6e9a17c97043fdfc5b3769c46925a2ea4f43b3ca57ef27c4989612c3
shenzhen_imagenes,Shenzhen,ChinaSet_AllFiles/CXR_png/CHNCXR_0397_1.png,5691299,0bf0774bc10ef7d0bdf4a7938310cdc6182d78dd7d9516b0d939c74784045751
shenzhen_imagenes,Shenzhen,ChinaSet_AllFiles/CXR_png/CHNCXR_0398_1.png,4796945,82da3c4f0c735bf37083cccca25c9cb341b6f86fe4f248a5bb7d9b41d1cc2997
shenzhen_imagenes,Shenzhen,ChinaSet_AllFiles/CXR_png/CHNCXR_0399_1.png,6504230,f4a4af4a62019282eb9168e5c6191c1caa1d70fff1d6e7e220de0f56053022f8
shenzhen_imagenes,Shenzhen,ChinaSet_AllFiles/CXR_png/CHNCXR_0400_1.png,5445208,5631e4b220148491ff0bd3f28c1fe96b80616ef57047fdc5c7f6ebeea13b9ad2
shenzhen_imagenes,Shenzhen,ChinaSet_AllFiles/CXR_png/CHNCXR_0401_1.png,5466445,baab64155e83d2d69c995a2c734d9c1b4fd1800492067a60ba7143a5216bf91b
shenzhen_imagenes,Shenzhen,ChinaSet_AllFiles/CXR_png/CHNCXR_0402_1.png,6193614,ebc007c04c9295f8d1f5a80aade7866971d6cbba5cc0bda3f69feb36fdde1b29
shenzhen_imagenes,Shenzhen,ChinaSet_AllFiles/CXR_png/CHNCXR_0403_1.png,6744559,4d77d18381314f7666cd52a4cf30bf21702b9287d2ae2fb05a1dba3898d53d46
shenzhen_imagenes,Shenzhen,ChinaSet_AllFiles/CXR_png/CHNCXR_0404_1.png,5045503,4615ed2238e174fca3db93044d9c9ff5859321263fb467c0382cce814388c057
shenzhen_imagenes,Shenzhen,ChinaSet_AllFiles/CXR_png/CHNCXR_0405_1.png,5550799,fc206867acb75d45269bd18d16f2fedc535d33a5ca73fb2a0d45332fb85b833b
shenzhen_imagenes,Shenzhen,ChinaSet_AllFiles/CXR_png/CHNCXR_0406_1.png,5312515,45d1940557860816994b47f3a489a4427fe75cb81d3ac0d290a782ae094b6e61
shenzhen_imagenes,Shenzhen,ChinaSet_AllFiles/CXR_png/CHNCXR_0407_1.png,7066196,698e8db9ac2fbd2cba925762129a50583f0c90bc5279e6c771dc2386b696ac09
shenzhen_imagenes,Shenzhen,ChinaSet_AllFiles/CXR_png/CHNCXR_0408_1.png,7367168,dfcdc44f97507e8ecdeeb2322df3d58ba0bb8f8fcc6f053a60bd63fa5874e182
shenzhen_imagenes,Shenzhen,ChinaSet_AllFiles/CXR_png/CHNCXR_0409_1.png,5578123,bfdb994ad4cf58f64e12691e7d83dda2686c9e56eea08a1976afaf988288cbe9
shenzhen_imagenes,Shenzhen,ChinaSet_AllFiles/CXR_png/CHNCXR_0410_1.png,4826752,5a37977e931c2629ad805c8eecbfbd516f950eb7824196af5f5dcb68f998eddb
shenzhen_imagenes,Shenzhen,ChinaSet_AllFiles/CXR_png/CHNCXR_0411_1.png,7070357,8df379350c160f23bd51ae8c69ae18ac87890bcad4879039c88ea346385ef2e2
shenzhen_imagenes,Shenzhen,ChinaSet_AllFiles/CXR_png/CHNCXR_0412_1.png,6926797,ab7b71b229844ec2cd7d95fcd5c939c46aa8af0857b81afa79526c1d90077f17
shenzhen_imagenes,Shenzhen,ChinaSet_AllFiles/CXR_png/CHNCXR_0413_1.png,4738535,c1451e080eb1af8fea3420009b6c0fe07e617be29f8c925d213eef9554d5d803
shenzhen_imagenes,Shenzhen,ChinaSet_AllFiles/CXR_png/CHNCXR_0414_1.png,4593296,54210982577bb6fd164cc6880cf97e18abd876dc23559fe6a8d62a146997c371
shenzhen_imagenes,Shenzhen,ChinaSet_AllFiles/CXR_png/CHNCXR_0415_1.png,4747691,3447bc72d8743c9d3944a68925c00207c7524def73ed1d26c36d21c5bcc6d069
shenzhen_imagenes,Shenzhen,ChinaSet_AllFiles/CXR_png/CHNCXR_0416_1.png,4864165,3353ccafdaabca4866576c11c3cb0ef6efacd127d4d66c0d74def0890bf466f7
shenzhen_imagenes,Shenzhen,ChinaSet_AllFiles/CXR_png/CHNCXR_0417_1.png,5583924,d518499ab1bfcc0b1d1364873e786ff2075a786163c2ab97234a6ae1f8283039
shenzhen_imagenes,Shenzhen,ChinaSet_AllFiles/CXR_png/CHNCXR_0418_1.png,5541078,cdba2e3119b88a076adccdf60f54fedbc0585e017f3204f63086b316574c7019
shenzhen_imagenes,Shenzhen,ChinaSet_AllFiles/CXR_png/CHNCXR_0419_1.png,4835885,15345f85a8df548cd0f7fce8fcc3be1721d24edca9f9f101733be36264f590b7
shenzhen_imagenes,Shenzhen,ChinaSet_AllFiles/CXR_png/CHNCXR_0420_1.png,6262829,7db99364d048d1cb5d926651fdd3122c0e6f322c8988885393571f69d9da6662
shenzhen_imagenes,Shenzhen,ChinaSet_AllFiles/CXR_png/CHNCXR_0421_1.png,6435547,19bf31b94cca0c657dcce9c9d099ba3d98259772a78e97ff513ff06877ddfc0f
shenzhen_imagenes,Shenzhen,ChinaSet_AllFiles/CXR_png/CHNCXR_0422_1.png,7104042,5bfc731d1866dc881582ae06ef2eaa6d0a14ea02aedd53c7da7cfce2b4465e73
shenzhen_imagenes,Shenzhen,ChinaSet_AllFiles/CXR_png/CHNCXR_0423_1.png,7100122,fe4203114de4bb60af211ad5cc46c8625b38851bd47866b2cc53015de259b491
shenzhen_imagenes,Shenzhen,ChinaSet_AllFiles/CXR_png/CHNCXR_0424_1.png,6965339,20ddb2de9ce6d0b560a1409f439afa5bc70089d80213f16604e48337e7eff925
shenzhen_imagenes,Shenzhen,ChinaSet_AllFiles/CXR_png/CHNCXR_0425_1.png,7113740,1a57162df4d38a04d8219dfa098d75f3402c5d353160a7fa4f0569c2b6419fde
shenzhen_imagenes,Shenzhen,ChinaSet_AllFiles/CXR_png/CHNCXR_0426_1.png,5158152,6f09f37206bccc22da607903f819bca99e8d42f74f3fad7ea67b36b16863f455
shenzhen_imagenes,Shenzhen,ChinaSet_AllFiles/CXR_png/CHNCXR_0427_1.png,6747153,3b68f17544e9cb67ff182a42192538ada599c78d3c107d9970474ddd4ea89c2b
shenzhen_imagenes,Shenzhen,ChinaSet_AllFiles/CXR_png/CHNCXR_0428_1.png,6926604,cc80ef8a837582f832047a1b25dd2004bb62a84ce856e188fa40230ac373a220
shenzhen_imagenes,Shenzhen,ChinaSet_AllFiles/CXR_png/CHNCXR_0429_1.png,7046544,3827b24bef19edb11c41688b52a2fa48729fe933953268a3c48e0aea8b34ff80
shenzhen_imagenes,Shenzhen,ChinaSet_AllFiles/CXR_png/CHNCXR_0430_1.png,6876376,799b10fd3f0eabfe34638ad77912ba60d58556df79761e4cca70cca691827b20
shenzhen_imagenes,Shenzhen,ChinaSet_AllFiles/CXR_png/CHNCXR_0431_1.png,7119982,045b8d4367925103357ee529895108d5f9b5ce89e0d29cd101544dae40834f1e
shenzhen_imagenes,Shenzhen,ChinaSet_AllFiles/CXR_png/CHNCXR_0432_1.png,6986470,592d522f5b89591a3539592157f95adbd484b7d57352ea0c855efec6145a05ff
shenzhen_imagenes,Shenzhen,ChinaSet_AllFiles/CXR_png/CHNCXR_0433_1.png,7206831,e5eb0ef99651fd6e3e3682b2cd564c9ae3aaf49780e54e094502483381bae74b
shenzhen_imagenes,Shenzhen,ChinaSet_AllFiles/CXR_png/CHNCXR_0434_1.png,6998550,dcb92727b581aa78e93fb6faf646d22f9045e5b3276ae4ef450e9ed179b9d106
shenzhen_imagenes,Shenzhen,ChinaSet_AllFiles/CXR_png/CHNCXR_0435_1.png,5073820,94fd5ce6fbaa6c0d47d5307c3ca018866be4ec9a6dadfe0414abe72dce88c914
shenzhen_imagenes,Shenzhen,ChinaSet_AllFiles/CXR_png/CHNCXR_0436_1.png,6883909,450c6b50f86c78906fce78eba2649b83099b6673edc0417a24b9ac8c8d47d18a
shenzhen_imagenes,Shenzhen,ChinaSet_AllFiles/CXR_png/CHNCXR_0437_1.png,4226643,3e66bbbaf5f5d4100269b1d303f18a225500eaa5b31e584d2d89efabdb752a5b
shenzhen_imagenes,Shenzhen,ChinaSet_AllFiles/CXR_png/CHNCXR_0438_1.png,5226240,2d1daec7ae9687d960b6360727e255045d9485727eb637671c80081922f9e8a1
shenzhen_imagenes,Shenzhen,ChinaSet_AllFiles/CXR_png/CHNCXR_0439_1.png,6267538,4ba15405418db691d5e564a331e51be40d1262c5fd59b7dd2cb3e4e962fda78d
shenzhen_imagenes,Shenzhen,ChinaSet_AllFiles/CXR_png/CHNCXR_0440_1.png,4229603,249d8b639a0846cfd7a0f5dda603d0ecfd3131e93c3fceebe04c74b4b0549fdd
shenzhen_imagenes,Shenzhen,ChinaSet_AllFiles/CXR_png/CHNCXR_0441_1.png,5500023,811b84345a78af6a98b4aa14b8d3b3112375972b6cb816aa974fd7a43a4c3d30
shenzhen_imagenes,Shenzhen,ChinaSet_AllFiles/CXR_png/CHNCXR_0442_1.png,6830361,50760cbceabc2d5aeb6a8f5f07efd461fbd0166329e48fd6e85156acf9f1ce2c
shenzhen_imagenes,Shenzhen,ChinaSet_AllFiles/CXR_png/CHNCXR_0443_1.png,6787106,ec157f86c104c30780b7fbbe38afb3bd12b16c5844ca5e074f5d277d8556dde9
shenzhen_imagenes,Shenzhen,ChinaSet_AllFiles/CXR_png/CHNCXR_0444_1.png,6954777,efd3b2fd57aec69c5e09cd16d71178fc5e4f2b58732caec6ad0f3fe582e2e7f7
shenzhen_imagenes,Shenzhen,ChinaSet_AllFiles/CXR_png/CHNCXR_0445_1.png,7171958,7029847f0eb40e09d200c8608235508bbade88e624e5a9b5daa5b1dee072af5d
shenzhen_imagenes,Shenzhen,ChinaSet_AllFiles/CXR_png/CHNCXR_0446_1.png,6244176,cc5092e6b73da60c4a650b4f5f04ca3bbc60ef08e5642899450d075ecad51d88
shenzhen_imagenes,Shenzhen,ChinaSet_AllFiles/CXR_png/CHNCXR_0447_1.png,6041500,22db1b31ea7f6dc23397469e6225595acd137148c2d7f861e8bbad46a3163cc3
shenzhen_imagenes,Shenzhen,ChinaSet_AllFiles/CXR_png/CHNCXR_0448_1.png,4354930,309b36fa1d60d8818f9060df8889ff9d0b57e5d30083344e1501be7bbc48d575
shenzhen_imagenes,Shenzhen,ChinaSet_AllFiles/CXR_png/CHNCXR_0449_1.png,6433258,1ca698ac17e74f4e30c7abde790550087b72097216a4e1bb93fc3051d0395bb4
shenzhen_imagenes,Shenzhen,ChinaSet_AllFiles/CXR_png/CHNCXR_0450_1.png,6911520,66c75a3c5ce63ba17a5200af2d9ab9547efa35d7e9f162fa9ab0e30b026e060b
shenzhen_imagenes,Shenzhen,ChinaSet_AllFiles/CXR_png/CHNCXR_0451_1.png,6835847,937240e5b6b101b95e0dcdf0a961b1f61a9a09cbc6fab04ce73be4477900779d
shenzhen_imagenes,Shenzhen,ChinaSet_AllFiles/CXR_png/CHNCXR_0452_1.png,5661396,1310028d91e65c93af9d66e364890344985ad118a748bb15dfbe1e95749a00e1
shenzhen_imagenes,Shenzhen,ChinaSet_AllFiles/CXR_png/CHNCXR_0453_1.png,6837268,433b94c319432d0af63f12c8d9ae6f6faf8cddbfc2a5bbe3664cae141e629f30
shenzhen_imagenes,Shenzhen,ChinaSet_AllFiles/CXR_png/CHNCXR_0454_1.png,6218657,d96c4015202fe6d66117a980cce8447756040d9c72b2ff9c711cca71062ceb0b
shenzhen_imagenes,Shenzhen,ChinaSet_AllFiles/CXR_png/CHNCXR_0455_1.png,6428589,df171820d2187764f4a1eeb5a2bda9336cb63eb179494cc029dd25d00fcd8821
shenzhen_imagenes,Shenzhen,ChinaSet_AllFiles/CXR_png/CHNCXR_0456_1.png,4668325,0cf4696c3e0d0f7f54514f6db0a53a69cf3e6dff690240fc4c6b928e6779d553
shenzhen_imagenes,Shenzhen,ChinaSet_AllFiles/CXR_png/CHNCXR_0457_1.png,5958236,0b371db7d3c2504a24efc061939f23a0e8d3fa408de870fe980f4875c3534924
shenzhen_imagenes,Shenzhen,ChinaSet_AllFiles/CXR_png/CHNCXR_0458_1.png,6630235,0df7eca50950c5ffbd1fd66bcf83624204201c4af80d0e88d5f3fab2d68d2d05
shenzhen_imagenes,Shenzhen,ChinaSet_AllFiles/CXR_png/CHNCXR_0459_1.png,5684439,2ed173e87e820344d8fbfcd7386cc127d8fc18f20324e767ceb521521a8e87c1
shenzhen_imagenes,Shenzhen,ChinaSet_AllFiles/CXR_png/CHNCXR_0460_1.png,6630547,acbf931eb45fc042711a0b136a9d3f885461ac719e98329a020b28b5f7b28922
shenzhen_imagenes,Shenzhen,ChinaSet_AllFiles/CXR_png/CHNCXR_0461_1.png,6148655,18508a01e84f7ffe3e351f046c5a54daaa9a6a2f1e6cd4156435312c2a8edabc
shenzhen_imagenes,Shenzhen,ChinaSet_AllFiles/CXR_png/CHNCXR_0462_1.png,6296095,25f45454b0eba20137f5c19442cb35c4436ce6a763b3dcab41305a1f040033de
shenzhen_imagenes,Shenzhen,ChinaSet_AllFiles/CXR_png/CHNCXR_0463_1.png,6098917,3f2965285f661e1232af473b37bf3ec2fa1b42cc2e12617323b321019beb24c4
shenzhen_imagenes,Shenzhen,ChinaSet_AllFiles/CXR_png/CHNCXR_0464_1.png,6709302,f0aa89e5ff6592cb42277ce938f6d3961380a65d1b53cbf7e009a6b5f79bbc36
shenzhen_imagenes,Shenzhen,ChinaSet_AllFiles/CXR_png/CHNCXR_0465_1.png,6095533,b19fd9fc3b7b81e1062076b802494b27e7e6b8ebe5da601e0f2085d764b21ab8
shenzhen_imagenes,Shenzhen,ChinaSet_AllFiles/CXR_png/CHNCXR_0466_1.png,5575166,f92d9194162552a1f922238154c3511261e0fbf841d851315212e8ecaa788d79
shenzhen_imagenes,Shenzhen,ChinaSet_AllFiles/CXR_png/CHNCXR_0467_1.png,4879739,b0b00c556e0e75872473caf3b8a2d8170610f9c6bf2ff17ca6160f04ea47a43c
shenzhen_imagenes,Shenzhen,ChinaSet_AllFiles/CXR_png/CHNCXR_0468_1.png,5373537,edc4ac77a596a79680a4bc2b5ac3a4bbd803205f7031274100c69eab15630c81
shenzhen_imagenes,Shenzhen,ChinaSet_AllFiles/CXR_png/CHNCXR_0469_1.png,4721396,b895d2b2c6a307b104fcca34e7dab7e33d9ed4bcb66ee17d2be9f1e91c4c9ac4
shenzhen_imagenes,Shenzhen,ChinaSet_AllFiles/CXR_png/CHNCXR_0470_1.png,4447757,5f598ec996f1e4296e78e13ad60e93fe220bb40a88a8884a33457e35cf046ccf
shenzhen_imagenes,Shenzhen,ChinaSet_AllFiles/CXR_png/CHNCXR_0471_1.png,4788526,9c5493dc45ca397501235cd622d5795c29323340ea125f7fc7162576cac6f8bd
shenzhen_imagenes,Shenzhen,ChinaSet_AllFiles/CXR_png/CHNCXR_0472_1.png,5621103,dd7aecf5aa48d9dcbcb1b2516181f28be63eab8d367e8c42b6f51ad8aecd4894
shenzhen_imagenes,Shenzhen,ChinaSet_AllFiles/CXR_png/CHNCXR_0473_1.png,6663458,79bc63cca7890185cab0743f9fadd161f79459d72683c67b31c341d7d9af7aa1
shenzhen_imagenes,Shenzhen,ChinaSet_AllFiles/CXR_png/CHNCXR_0474_1.png,5426644,5554265596c30955ee066d40728b5b5ad7362c969bd6b88d9820d5c2e5ca4848
shenzhen_imagenes,Shenzhen,ChinaSet_AllFiles/CXR_png/CHNCXR_0475_1.png,5949037,714f0acaa63462b77ecefd85ee367598b6c633f5bfac1cfc2515f059b116c0ef
shenzhen_imagenes,Shenzhen,ChinaSet_AllFiles/CXR_png/CHNCXR_0476_1.png,4945653,f83993f998cc134ce2f827a7560ec653f868b43e3d79f3cc3a818322408b5ed3
shenzhen_imagenes,Shenzhen,ChinaSet_AllFiles/CXR_png/CHNCXR_0477_1.png,5874589,4396e6c19bdf2baf4ca9ebfd687e9e4c656ba9c99fb018bdc3da4657f954a8b0
shenzhen_imagenes,Shenzhen,ChinaSet_AllFiles/CXR_png/CHNCXR_0478_1.png,4313915,5ac90f1c09a31011c3ec7afb1e9ef2d342e52fa1c76249cebcfc5c2857b1b089
shenzhen_imagenes,Shenzhen,ChinaSet_AllFiles/CXR_png/CHNCXR_0479_1.png,6718238,1795d3cfdf716af6ee2eb382a356a384498650bbfe52b2786a44c9f079c8e656
shenzhen_imagenes,Shenzhen,ChinaSet_AllFiles/CXR_png/CHNCXR_0480_1.png,5572463,b68d53d40120c453624901d633b4b03bc63d24819c9a51a8f7356c51928e47d4
shenzhen_imagenes,Shenzhen,ChinaSet_AllFiles/CXR_png/CHNCXR_0481_1.png,6352230,329f9205c928719c37f975efc24493c9c7f2fed70ac01c6d60ea694503cc8d6c
shenzhen_imagenes,Shenzhen,ChinaSet_AllFiles/CXR_png/CHNCXR_0482_1.png,4228536,645ee0998d11088af5f44288380ac85dd001792858860ad40fbe90e7490c8c7e
shenzhen_imagenes,Shenzhen,ChinaSet_AllFiles/CXR_png/CHNCXR_0483_1.png,5970459,237e22af4a473117d43e2ccce3a7e17084d99a9bf2949c044e34e12077e3089f
shenzhen_imagenes,Shenzhen,ChinaSet_AllFiles/CXR_png/CHNCXR_0484_1.png,5839555,114764be78f42d0e75d157e2d280fc11735b21e19a1ab9b4191b5d97d4be1ee5
shenzhen_imagenes,Shenzhen,ChinaSet_AllFiles/CXR_png/CHNCXR_0485_1.png,6330090,d111c29ca2b80e69a5f1908e75ad3e525384797399a3112a5926d8abd82e2698
shenzhen_imagenes,Shenzhen,ChinaSet_AllFiles/CXR_png/CHNCXR_0486_1.png,6374438,8588fa14189e4258b034721fd05af0fe77fd28a81a3de0441f35c2a8b150b5f9
shenzhen_imagenes,Shenzhen,ChinaSet_AllFiles/CXR_png/CHNCXR_0487_1.png,6132425,160c94cb9df09adf8a7879f4d9fc2ea85eb6dbc08c3e9030fdef08db0698b014
shenzhen_imagenes,Shenzhen,ChinaSet_AllFiles/CXR_png/CHNCXR_0488_1.png,5221512,dc104c464b468e0ac7fe59687665c2643f993fb439871ebb7a6eea264cff6b0f
shenzhen_imagenes,Shenzhen,ChinaSet_AllFiles/CXR_png/CHNCXR_0489_1.png,4620875,cf692ae6a4ce2194af5548d15916aaea162fa96649243ccb3c67f104e6f6e457
shenzhen_imagenes,Shenzhen,ChinaSet_AllFiles/CXR_png/CHNCXR_0490_1.png,6734876,186bdf1eea745c3f39f593d9ed84e2986ed691358512a231482e3445ee8663cb
shenzhen_imagenes,Shenzhen,ChinaSet_AllFiles/CXR_png/CHNCXR_0491_1.png,6578624,9651d20ff57c1db6ab48c36ac11ef0f0c3434600d3f37659d45d3c843b0e33d6
shenzhen_imagenes,Shenzhen,ChinaSet_AllFiles/CXR_png/CHNCXR_0492_1.png,5246100,bd780f81f2e92b6a14a69c3fcd53495628e67345acbca5f7a3bd843b28608088
shenzhen_imagenes,Shenzhen,ChinaSet_AllFiles/CXR_png/CHNCXR_0493_1.png,5518358,7cd87a76b295f71955e4400c09c46f3c0ba39038958b827f12019f1aae8105b4
shenzhen_imagenes,Shenzhen,ChinaSet_AllFiles/CXR_png/CHNCXR_0494_1.png,4837229,66d85bf33c69c86f0e6388b592392c6f5ec44695875c63e75eeaea4f02c1a42f
shenzhen_imagenes,Shenzhen,ChinaSet_AllFiles/CXR_png/CHNCXR_0495_1.png,5352173,aa246e8b3e5881af593f4a87d1199fd336cf4668ba8ae6b0519d7a911798db21
shenzhen_imagenes,Shenzhen,ChinaSet_AllFiles/CXR_png/CHNCXR_0496_1.png,4846076,f98b4d1e9d34439986fd4905cec5474204d0eeb09de76fe45193691aec485005
shenzhen_imagenes,Shenzhen,ChinaSet_AllFiles/CXR_png/CHNCXR_0497_1.png,5020013,b8fcdac40313242565c2233cc27725380c0aaa2a36a5b632dd46d7d35fface47
shenzhen_imagenes,Shenzhen,ChinaSet_AllFiles/CXR_png/CHNCXR_0498_1.png,5869121,255b109f2f627c8cf84b391eaa90ddb5dcdaa4ca7b439e9e5ce007b05976d398
shenzhen_imagenes,Shenzhen,ChinaSet_AllFiles/CXR_png/CHNCXR_0499_1.png,5014566,d0592690d6b6891c0523cf5156d645ce0bb69695fa0c678377bcd2a5a0ff2705
shenzhen_imagenes,Shenzhen,ChinaSet_AllFiles/CXR_png/CHNCXR_0500_1.png,5367025,b56bc5e903aef58cf7b368fc00d1483e7efcd0e4a6967fe49e947b124d200f8d
shenzhen_imagenes,Shenzhen,ChinaSet_AllFiles/CXR_png/CHNCXR_0501_1.png,5800022,29fdcadf9809df407e882ab3985c94b0dfd24478a1fc979bf4fe203033efa430
shenzhen_imagenes,Shenzhen,ChinaSet_AllFiles/CXR_png/CHNCXR_0502_1.png,5137339,4d04b12cffe1544fa67dccad39ff2ed49136ba66271794d3210b89568546047f
shenzhen_imagenes,Shenzhen,ChinaSet_AllFiles/CXR_png/CHNCXR_0503_1.png,6738721,a9f6091e503cf839d7303adf8ddfdb71609626b3f7c4218bc7f9a4990e5928cb
shenzhen_imagenes,Shenzhen,ChinaSet_AllFiles/CXR_png/CHNCXR_0504_1.png,6270873,d276626b46a02b19d77b8ba3b3c9e7da52113e3558e6aa55fd671801806887a7
shenzhen_imagenes,Shenzhen,ChinaSet_AllFiles/CXR_png/CHNCXR_0505_1.png,6180921,117c4b9ce760925bbc6897da1013a300e5b12e2b820d1356350d6a3a94fd3aa8
shenzhen_imagenes,Shenzhen,ChinaSet_AllFiles/CXR_png/CHNCXR_0506_1.png,6307448,0ccfb2809ca0aabcd8344cbfca2f7ee170e018515c213ba7b82dd40464ca43ef
shenzhen_imagenes,Shenzhen,ChinaSet_AllFiles/CXR_png/CHNCXR_0507_1.png,5081095,ab8e315cf9171222ea3ec972d4cc9309bffd2d8c66aa5ab3f6a0414528398a53
shenzhen_imagenes,Shenzhen,ChinaSet_AllFiles/CXR_png/CHNCXR_0508_1.png,6352241,46eb2507f028076cde0e2ab860b1e34e6db3a8a1124fdcfa59b80450953b511e
shenzhen_imagenes,Shenzhen,ChinaSet_AllFiles/CXR_png/CHNCXR_0509_1.png,6002629,412248fb0f99287de989ed2fd62abb8b033bac319b0f6d7e185e573c9ee68d74
shenzhen_imagenes,Shenzhen,ChinaSet_AllFiles/CXR_png/CHNCXR_0510_1.png,5342241,c74cc86f4efad491abed86dea5942efbf03cda4956efe21c12a23ce24d36b6f0
shenzhen_imagenes,Shenzhen,ChinaSet_AllFiles/CXR_png/CHNCXR_0511_1.png,6369872,a0833fbe8fe8a18bcd1141a01252ae13a82760fae8b4b50fc990fe862b1b9404
shenzhen_imagenes,Shenzhen,ChinaSet_AllFiles/CXR_png/CHNCXR_0512_1.png,7099643,6a07a0a1b826caad9f649f286a109d0f64dfcbe4a56abb70b0e09b2dfd5a8e68
shenzhen_imagenes,Shenzhen,ChinaSet_AllFiles/CXR_png/CHNCXR_0513_1.png,5466133,0574d53116809dfbd55c4ef4009d369c2df6417c3e3111627dd5b364ec2dcb45
shenzhen_imagenes,Shenzhen,ChinaSet_AllFiles/CXR_png/CHNCXR_0514_1.png,4754979,b8abba84bc766f3bf7c78bd4043c753e2792e4d8b36d6a43d63c5922ba7d880f
shenzhen_imagenes,Shenzhen,ChinaSet_AllFiles/CXR_png/CHNCXR_0515_1.png,5910462,17e76f8fd29d92b79b820c1b949c803f284509f8509a689296bebe556a31a8de
shenzhen_imagenes,Shenzhen,ChinaSet_AllFiles/CXR_png/CHNCXR_0516_1.png,6211014,94e4ea4c91c43bfa6c0d7e8b01ed33ae6fc947ea51c4c07bcaf13be769f5e2a6
shenzhen_imagenes,Shenzhen,ChinaSet_AllFiles/CXR_png/CHNCXR_0517_1.png,4601061,6d915ae9a195b251f32ccd2753b0c454fc3ff3137a0cefbfd88efdc7f77f5983
shenzhen_imagenes,Shenzhen,ChinaSet_AllFiles/CXR_png/CHNCXR_0518_1.png,6284450,febef1d4a4b6de45a0d156750b8025310015306d4caccffb25d1c1e66f468cfc
shenzhen_imagenes,Shenzhen,ChinaSet_AllFiles/CXR_png/CHNCXR_0519_1.png,5442222,a777f880eb87d8e31f2bdc245cc407befc48038db9dbc76b6cce535d25c8cc41
shenzhen_imagenes,Shenzhen,ChinaSet_AllFiles/CXR_png/CHNCXR_0520_1.png,6379260,c695f46350c5e7a11aca39730de97f677e0be8de68c46d0c28111712c9cf4dd2
shenzhen_imagenes,Shenzhen,ChinaSet_AllFiles/CXR_png/CHNCXR_0521_1.png,6216795,78b9730aed89cef66f54735e16f9dbf399b79412a9e2ef1d6d701bb5a24b2aaa
shenzhen_imagenes,Shenzhen,ChinaSet_AllFiles/CXR_png/CHNCXR_0522_1.png,6404592,9eeea69c640888630806380ac20fda770edadb191ff88245f737edd00d9ebf0f
shenzhen_imagenes,Shenzhen,ChinaSet_AllFiles/CXR_png/CHNCXR_0523_1.png,6345108,1dc894588b1c54dae7dc841619e21ed90992ecc7e0874cf7c97c4ec23118ee61
shenzhen_imagenes,Shenzhen,ChinaSet_AllFiles/CXR_png/CHNCXR_0524_1.png,6772245,278db7b1ffbd001d38550879a7346714001bdf562c1d05cc09ae557ade5a272a
shenzhen_imagenes,Shenzhen,ChinaSet_AllFiles/CXR_png/CHNCXR_0525_1.png,5752370,a92bf61ba9d0f4fd8b2b867003a4ac95a42c6992724a740a5c6b88b342fa7cdc
shenzhen_imagenes,Shenzhen,ChinaSet_AllFiles/CXR_png/CHNCXR_0526_1.png,4975176,51c983ac1dfb8c70ff120192735f614018d4f19e53f8b461068f0ee0d2f94685
shenzhen_imagenes,Shenzhen,ChinaSet_AllFiles/CXR_png/CHNCXR_0527_1.png,5489713,1a69207dba6efb27d459504dad96962c44020e61edecf41caf0dd5e40620f231
shenzhen_imagenes,Shenzhen,ChinaSet_AllFiles/CXR_png/CHNCXR_0528_1.png,4437663,f75d577f67cc3fe4c8d7d8b60bb1fec22355a81e98d5ef783f14e2a22e876f58
shenzhen_imagenes,Shenzhen,ChinaSet_AllFiles/CXR_png/CHNCXR_0529_1.png,5519095,5a36a877e91ee82c6abed1c42f2e18e39529e4ce7ba36546ae5e47149b3b1b18
shenzhen_imagenes,Shenzhen,ChinaSet_AllFiles/CXR_png/CHNCXR_0530_1.png,5546022,0e49876193f5cf6c93852fecb0913a04aef0d207424be6282aeae26eb8f023f7
shenzhen_imagenes,Shenzhen,ChinaSet_AllFiles/CXR_png/CHNCXR_0531_1.png,5314566,d54681f691e7357256b1a71e29161a66a1d3b8170803c9c8161a7fcd9c9d73a7
shenzhen_imagenes,Shenzhen,ChinaSet_AllFiles/CXR_png/CHNCXR_0532_1.png,4753109,8f0b3727dee81bdd15955a5dfb1ac5a9daa0c7a88af49109021c3da4d5dfaed5
shenzhen_imagenes,Shenzhen,ChinaSet_AllFiles/CXR_png/CHNCXR_0533_1.png,5646056,1c6d7b1703fc275dbda7e20d93075ac3e05e0a6be9705fe2e89a0f634e9e7270
shenzhen_imagenes,Shenzhen,ChinaSet_AllFiles/CXR_png/CHNCXR_0534_1.png,6741840,433c14772a8e82b3d5a0756acda55e31fc77d092b3fcec19fd54bd34f99d6169
shenzhen_imagenes,Shenzhen,ChinaSet_AllFiles/CXR_png/CHNCXR_0535_1.png,6009494,85253ef71cb4c4295abb6158c94833deb912ce82ec9f52244eaa0d6d65335d23
shenzhen_imagenes,Shenzhen,ChinaSet_AllFiles/CXR_png/CHNCXR_0536_1.png,5121040,ed06af852a31b9f5a721b0f596d130dccacf7783ad5cd9fffdc98c0b6435f274
shenzhen_imagenes,Shenzhen,ChinaSet_AllFiles/CXR_png/CHNCXR_0537_1.png,6412840,b3e87b814297ef963ac788249e59eea431f859d72c7f06a56261a6b9151823c2
shenzhen_imagenes,Shenzhen,ChinaSet_AllFiles/CXR_png/CHNCXR_0538_1.png,6320757,0c0c5ca835328944574de2b68e1c908f9b78d1398c36073308fe0e62e3454382
shenzhen_imagenes,Shenzhen,ChinaSet_AllFiles/CXR_png/CHNCXR_0539_1.png,6194596,548fd3b141fe2f6702e364a59d6bf701d18fa5a19ade267792f8cd37fc1d66dc
shenzhen_imagenes,Shenzhen,ChinaSet_AllFiles/CXR_png/CHNCXR_0540_1.png,5280564,8b53d451a72eabaa0c6ef84879fc28faaeb78d3f13b4744d54f32c2023f64ad7
shenzhen_imagenes,Shenzhen,ChinaSet_AllFiles/CXR_png/CHNCXR_0541_1.png,6613243,64ee61978bb46c8f70077c77770ff9f579b46e0264ed294d8934d6bc3128bf02
shenzhen_imagenes,Shenzhen,ChinaSet_AllFiles/CXR_png/CHNCXR_0542_1.png,4269062,346f4f6f4cd24cad8e012979591d30f01593d2b7a4fe5566097eb81489d58e7e
shenzhen_imagenes,Shenzhen,ChinaSet_AllFiles/CXR_png/CHNCXR_0543_1.png,4774081,9a26fbb63bc82b5bc8dfb5aa1a2728c0bed2d95ff847000240632fc1e0990e6d
shenzhen_imagenes,Shenzhen,ChinaSet_AllFiles/CXR_png/CHNCXR_0544_1.png,5205222,1c485d7a392ceaf73cc50d95cb28704627abf5baebfef0fd58e944f8435a6b3f
shenzhen_imagenes,Shenzhen,ChinaSet_AllFiles/CXR_png/CHNCXR_0545_1.png,5199547,10492c07f3ad109974789085a99d9216c0cc11175b5e680f95a474afbed70d1d
shenzhen_imagenes,Shenzhen,ChinaSet_AllFiles/CXR_png/CHNCXR_0546_1.png,5651814,e050a49f8faf30b5511424c3544900784bf97eb3e3d5c872f7a683761becc1ab
shenzhen_imagenes,Shenzhen,ChinaSet_AllFiles/CXR_png/CHNCXR_0547_1.png,5990489,f2783002e53fd749aecb8b4a38eea3160a474730087ab583155ec743c51d073e
shenzhen_imagenes,Shenzhen,ChinaSet_AllFiles/CXR_png/CHNCXR_0548_1.png,6029913,94891c9b9569b23111b06a1b2842c3e15fabd4e7e854a187dbcadc90b51ea10a
shenzhen_imagenes,Shenzhen,ChinaSet_AllFiles/CXR_png/CHNCXR_0549_1.png,4690571,b65c9beee33f55d5b8633f3bc4b14a8d65c63e980fc68d76e0effa42ab27a8d6
shenzhen_imagenes,Shenzhen,ChinaSet_AllFiles/CXR_png/CHNCXR_0550_1.png,5742253,eb2b4c94e580ef7d608816d51ed11bcce410dfcbf54d77ec9c086440f759c5dd
shenzhen_imagenes,Shenzhen,ChinaSet_AllFiles/CXR_png/CHNCXR_0551_1.png,5022166,56600b1b6e0e6d93b51dda2f4d361917dee34739441599a6b49f4c891639e628
shenzhen_imagenes,Shenzhen,ChinaSet_AllFiles/CXR_png/CHNCXR_0552_1.png,6984378,396d30e8ae8180d90228f9b7161ee5999e7e30c1b46aaa973d4bd67bd4b95c8c
shenzhen_imagenes,Shenzhen,ChinaSet_AllFiles/CXR_png/CHNCXR_0553_1.png,5729467,fea35413d89afd567802d223278a57bd358278c8dc9fa8d9c788d428fab7b073
shenzhen_imagenes,Shenzhen,ChinaSet_AllFiles/CXR_png/CHNCXR_0554_1.png,5797837,b9f8547c229c043c0de5acc1c3b3dfa8b9c6182a628a6728c9b38d8e52a9b3be
shenzhen_imagenes,Shenzhen,ChinaSet_AllFiles/CXR_png/CHNCXR_0555_1.png,5248020,0790cf5edaaee8d18ef5bf4a89709ffd3224b117b5dd0a4738958454370ffc5a
shenzhen_imagenes,Shenzhen,ChinaSet_AllFiles/CXR_png/CHNCXR_0556_1.png,5432173,5e23bb8c43a01fb32ecf94acae99d68b24cfd240fa54be05ac6411c6a8c47d1d
shenzhen_imagenes,Shenzhen,ChinaSet_AllFiles/CXR_png/CHNCXR_0557_1.png,6809787,71b6b7c9ed9269abddd2a6086cb97a6de30d094857293b843b82c15c2432d3d5
shenzhen_imagenes,Shenzhen,ChinaSet_AllFiles/CXR_png/CHNCXR_0558_1.png,6233246,ffc884fdec2cb839d7cb7eb0839e31cebdb9c1a224c6f81cc46722c5c40c72de
shenzhen_imagenes,Shenzhen,ChinaSet_AllFiles/CXR_png/CHNCXR_0559_1.png,6463446,9e040376be18dbdb2dac71aa18bc1b8052441e5e13528a6765db4af9b34971fa
shenzhen_imagenes,Shenzhen,ChinaSet_AllFiles/CXR_png/CHNCXR_0560_1.png,6189316,83b3db146e7058768ed60c6fb400e57dfbbff5a21cffb97b97792e06cd2b126d
shenzhen_imagenes,Shenzhen,ChinaSet_AllFiles/CXR_png/CHNCXR_0561_1.png,5329172,5374b6bda8f4e6596071dd1e507ee78017d997db2ce42e278e6fbbb67eb48a4c
shenzhen_imagenes,Shenzhen,ChinaSet_AllFiles/CXR_png/CHNCXR_0562_1.png,5405062,4eeea98fdce56de72fc54bed75f41878f16e0f4d3bd94aa7c23424f010352f41
shenzhen_imagenes,Shenzhen,ChinaSet_AllFiles/CXR_png/CHNCXR_0563_1.png,5709233,f8a4439427137c7e73d66518c64f145706d41b6107aa90b2226c26b374290c26
shenzhen_imagenes,Shenzhen,ChinaSet_AllFiles/CXR_png/CHNCXR_0564_1.png,6311823,829292060e6d8bcb1446a30b01f3491a428f7910b5d19928266299461cb75eea
shenzhen_imagenes,Shenzhen,ChinaSet_AllFiles/CXR_png/CHNCXR_0565_1.png,4521345,338f32c42d604e1b42ded7183c21ed5f322ede02d7e2056edf06b87d6c574169
shenzhen_imagenes,Shenzhen,ChinaSet_AllFiles/CXR_png/CHNCXR_0566_1.png,5518706,2646a6152805e6fceb87bfdbd8203624ef15b02235beb213664a52a7d6a4602b
shenzhen_imagenes,Shenzhen,ChinaSet_AllFiles/CXR_png/CHNCXR_0567_1.png,7077348,c180b663253bd2f7c3642c8b0d903c2a03bba9f74074a9f1783cb3be1f4f6ef6
shenzhen_imagenes,Shenzhen,ChinaSet_AllFiles/CXR_png/CHNCXR_0568_1.png,6363727,55c33aaa614b25adfdcf0a0a60caa92cff782919eedcc3bc619153cd4cb2c9b5
shenzhen_imagenes,Shenzhen,ChinaSet_AllFiles/CXR_png/CHNCXR_0569_1.png,6190027,292b29be37ee89ea384d4dbd2a37a2e45174ba5c691decc01884655507381a3b
shenzhen_imagenes,Shenzhen,ChinaSet_AllFiles/CXR_png/CHNCXR_0570_1.png,5991237,6484ac5d8b810a378aa17c3a7a2f24958a377138b28144222cd817a3c458e8ed
shenzhen_imagenes,Shenzhen,ChinaSet_AllFiles/CXR_png/CHNCXR_0571_1.png,6541087,0a0d05698e32f9cd9a2a1d7810714ddbdb0b659b0e70da5a2ca28fee0686a87e
shenzhen_imagenes,Shenzhen,ChinaSet_AllFiles/CXR_png/CHNCXR_0572_1.png,4420741,84be11695abe6eebff27309ed11dc3278a5e5d0b01bef220a3f11d4b1223ebf7
shenzhen_imagenes,Shenzhen,ChinaSet_AllFiles/CXR_png/CHNCXR_0573_1.png,6138413,83920074c99ffffd40eeaf5afb155e24c5de6b9f02ffee69f7e867bf81dfe6c1
shenzhen_imagenes,Shenzhen,ChinaSet_AllFiles/CXR_png/CHNCXR_0574_1.png,6392850,003944993c17ce9d52bde165ba05ba30ce2208b6ed22fd9289d60ceb7dadcd18
shenzhen_imagenes,Shenzhen,ChinaSet_AllFiles/CXR_png/CHNCXR_0575_1.png,4854848,3e3cf023da1b7f93f0a86f9de293daaa4493741347edacceb59f42e15d06f08a
shenzhen_imagenes,Shenzhen,ChinaSet_AllFiles/CXR_png/CHNCXR_0576_1.png,5664929,a4ede2274c3102c501992112c40b944db89aed6a9ea2d54f5d4897d46b7beec3
shenzhen_imagenes,Shenzhen,ChinaSet_AllFiles/CXR_png/CHNCXR_0577_1.png,4422225,866e9c7d2bbd60409469991a191b5680aa03dbb906165b1d823c77d44f8ab317
shenzhen_imagenes,Shenzhen,ChinaSet_AllFiles/CXR_png/CHNCXR_0578_1.png,7161722,8068f44ff6a9cd05fddbe54b23cfa8c0696405a7f7069ab7f93a5bd28f331a39
shenzhen_imagenes,Shenzhen,ChinaSet_AllFiles/CXR_png/CHNCXR_0579_1.png,5305329,017c124297193169ac916ce712b0f1cd2c63ef2861aca05938fb5fb441ac73d6
shenzhen_imagenes,Shenzhen,ChinaSet_AllFiles/CXR_png/CHNCXR_0580_1.png,6367259,17f723540360e171c147a5165f98d46c68a66278620423337af91dbceab19938
shenzhen_imagenes,Shenzhen,ChinaSet_AllFiles/CXR_png/CHNCXR_0581_1.png,5953340,5d72c42b5ad74a655bb2cb9f8808e7d0bfc6d82103295097c862b7b725713d63
shenzhen_imagenes,Shenzhen,ChinaSet_AllFiles/CXR_png/CHNCXR_0582_1.png,6624280,63c64f7a8f6b0dbf72cc40591ace551743bf86695a14277821e1d1ebb3aa4b6b
shenzhen_imagenes,Shenzhen,ChinaSet_AllFiles/CXR_png/CHNCXR_0583_1.png,7201297,5ebd8fdf1af677e95c6cca3c3ae7b5266464547fe1b8704118a256ecce5e8bf0
shenzhen_imagenes,Shenzhen,ChinaSet_AllFiles/CXR_png/CHNCXR_0584_1.png,5821090,5266b5a15d8d894e4813aa187f4265ac3d4e61379ddb65b36c70ad9c1bbead45
shenzhen_imagenes,Shenzhen,ChinaSet_AllFiles/CXR_png/CHNCXR_0585_1.png,7098681,3570329ca4731cde4e4f9d5b864af107169e5f0bafdac990eafd4c561189afea
shenzhen_imagenes,Shenzhen,ChinaSet_AllFiles/CXR_png/CHNCXR_0586_1.png,4947367,d3ace865f94a087e8debf80cf1f629ac36b7e685552ced46e7c11f1e3f7bd4ee
shenzhen_imagenes,Shenzhen,ChinaSet_AllFiles/CXR_png/CHNCXR_0587_1.png,7182410,92520cc413d231dcd2d18110e503964f7d52326f27c22d1429ad52ee3fd3c165
shenzhen_imagenes,Shenzhen,ChinaSet_AllFiles/CXR_png/CHNCXR_0588_1.png,5823888,fef8d5e2ce7e893f10fd08eee722a9244c5c5a36df1cb1e4ed397fd7969bc9f1
shenzhen_imagenes,Shenzhen,ChinaSet_AllFiles/CXR_png/CHNCXR_0589_1.png,5244254,3f1f1602ba660b85b409881f0265fbc9efe7aa73e52f37c2965d109d145673be
shenzhen_imagenes,Shenzhen,ChinaSet_AllFiles/CXR_png/CHNCXR_0590_1.png,5397799,121ebd204209ab3784b83f131f78b17faa2c302223b81aaa3e5ea9e0f491b634
shenzhen_imagenes,Shenzhen,ChinaSet_AllFiles/CXR_png/CHNCXR_0591_1.png,7257007,241f4e9d6237795182867f473d04ffd89f3a35a6371578034fa10a03b3210dbe
shenzhen_imagenes,Shenzhen,ChinaSet_AllFiles/CXR_png/CHNCXR_0592_1.png,5651116,bf0ae36bc45f3866a7d316604f7df9700f1cbd067ea2432cb08dbdcd72079c6f
shenzhen_imagenes,Shenzhen,ChinaSet_AllFiles/CXR_png/CHNCXR_0593_1.png,4681283,e90e24c7adb686d4253cf9f96b01ebd21c73223124289756919cf65583af0e54
shenzhen_imagenes,Shenzhen,ChinaSet_AllFiles/CXR_png/CHNCXR_0594_1.png,4936200,870150b7993d952c27adb212648b690c1d2401448c9883b6241ca00c19cb8872
shenzhen_imagenes,Shenzhen,ChinaSet_AllFiles/CXR_png/CHNCXR_0595_1.png,4709293,c929e6e119b001d7482c7f2fa87a396391a2524dffb01c4315ca1890165f4440
shenzhen_imagenes,Shenzhen,ChinaSet_AllFiles/CXR_png/CHNCXR_0596_1.png,4872640,9b498118535e2804a805bf9de258c867da50c81495ce2ed56c3f96ec77c11096
shenzhen_imagenes,Shenzhen,ChinaSet_AllFiles/CXR_png/CHNCXR_0597_1.png,7174817,b216493823dac3e502a1ce5a2e613220879c9f9693961fbeb6fd1f6e9656e648
shenzhen_imagenes,Shenzhen,ChinaSet_AllFiles/CXR_png/CHNCXR_0598_1.png,3290496,c6762cc28ba530870834e604724ce93ba1c1991f185fd05a124b814a81c2a862
shenzhen_imagenes,Shenzhen,ChinaSet_AllFiles/CXR_png/CHNCXR_0599_1.png,6367518,7e2425fd404a825f23b17e27dfc03e65e14a56371f89666f70b40494b1320697
shenzhen_imagenes,Shenzhen,ChinaSet_AllFiles/CXR_png/CHNCXR_0600_1.png,7050122,34092dbfa5c2453674eb1fa57a46c9495c26bc40a7713c453b0fc3c2dd88aa87
shenzhen_imagenes,Shenzhen,ChinaSet_AllFiles/CXR_png/CHNCXR_0601_1.png,6395215,bbff1d5b3ebe984f6520db70ddb9fb0cd007b7ba740376255b535d20b2b52e2a
shenzhen_imagenes,Shenzhen,ChinaSet_AllFiles/CXR_png/CHNCXR_0602_1.png,4048029,1ab5eabf1449ce2425c1ce00bfff5404045b0bf2f301b5808e77675cf9d36a28
shenzhen_imagenes,Shenzhen,ChinaSet_AllFiles/CXR_png/CHNCXR_0603_1.png,4540276,9f1ebf98e8e65d7fee978432820a6db1f2e4c156564053bfa00b5fe66921e6b3
shenzhen_imagenes,Shenzhen,ChinaSet_AllFiles/CXR_png/CHNCXR_0604_1.png,6054787,c7ad01dfd179f2125d5920318f50dfdc9a781716688637f6a14df96b98c6cdd4
shenzhen_imagenes,Shenzhen,ChinaSet_AllFiles/CXR_png/CHNCXR_0605_1.png,5010325,8e88f0dea5fdac726cc28fee62efcaff40b851a27fecc74a5d5a806de3cea624
shenzhen_imagenes,Shenzhen,ChinaSet_AllFiles/CXR_png/CHNCXR_0606_1.png,5496610,a8770a7ce4f5466edb57ab7cd5bf2fcae9b2de257746621dc5c45d311430339f
shenzhen_imagenes,Shenzhen,ChinaSet_AllFiles/CXR_png/CHNCXR_0607_1.png,7364090,fdc6f3850b1f0129740ab257bc9fa40311e7d879ca7884972e83e2c5994c5879
shenzhen_imagenes,Shenzhen,ChinaSet_AllFiles/CXR_png/CHNCXR_0608_1.png,7120563,99fe500800b54c591ecc3aacef1cc4dc2e033589b964813d32965c7ac0bbe00c
shenzhen_imagenes,Shenzhen,ChinaSet_AllFiles/CXR_png/CHNCXR_0609_1.png,6191940,d119ef379070dae3ebc5723c14dd8de7b3352aba27211844c438db8c66877949
shenzhen_imagenes,Shenzhen,ChinaSet_AllFiles/CXR_png/CHNCXR_0610_1.png,5114812,97174c392e2ddc5d6edcfd05f98edf5a530696856c32bd76f5aa29702f2f2323
shenzhen_imagenes,Shenzhen,ChinaSet_AllFiles/CXR_png/CHNCXR_0611_1.png,4364411,60c4433f7c74fdb80e81428ec30bae4543faffe4656eea1edae3e83faef9b2ba
shenzhen_imagenes,Shenzhen,ChinaSet_AllFiles/CXR_png/CHNCXR_0612_1.png,6491433,b7971fa728588c3cdd5018b8b51d6e9cf5200ae2c1d5e7f0a1b7061491d00c93
shenzhen_imagenes,Shenzhen,ChinaSet_AllFiles/CXR_png/CHNCXR_0613_1.png,4943448,30a57818166205abbe5140e7d7522dd21ec8d732fd515d576f024d380ab4b8c1
shenzhen_imagenes,Shenzhen,ChinaSet_AllFiles/CXR_png/CHNCXR_0614_1.png,4723365,314d9fc31e263e70e00952d007174c513b2d37bf724a4bac3ad012642925de1b
shenzhen_imagenes,Shenzhen,ChinaSet_AllFiles/CXR_png/CHNCXR_0615_1.png,4821045,08c6877de83abbb159d8e74fb17dec6e806113ece8e749aef0df4a738d77fb55
shenzhen_imagenes,Shenzhen,ChinaSet_AllFiles/CXR_png/CHNCXR_0616_1.png,3868027,31607caec18a95a688989ca127b0c13abe79f33277dd343a27174660e36a4454
shenzhen_imagenes,Shenzhen,ChinaSet_AllFiles/CXR_png/CHNCXR_0617_1.png,6290947,336fe60458ed16d66d93d8ed720f036702848df14c5f12c8ee9c7d16a7667104
shenzhen_imagenes,Shenzhen,ChinaSet_AllFiles/CXR_png/CHNCXR_0618_1.png,4606270,6bceabfddef309effc6590c4bc3f2c7a54343ca7a8fb265cac8ed3240a3413d4
shenzhen_imagenes,Shenzhen,ChinaSet_AllFiles/CXR_png/CHNCXR_0619_1.png,4465390,295f07407726bc3effe1fc2f7c60ab80aced56ba013e07d9de2e50a587a80d94
shenzhen_imagenes,Shenzhen,ChinaSet_AllFiles/CXR_png/CHNCXR_0620_1.png,4834943,4f54efcc78b4b8d19b67450280f67a18a0da934bc68d1750d3933e306c57876e
shenzhen_imagenes,Shenzhen,ChinaSet_AllFiles/CXR_png/CHNCXR_0621_1.png,5519863,bf842e203adcfafdf2611b8dbaf4385fe14a60508f73f1fb77e539f628bfa618
shenzhen_imagenes,Shenzhen,ChinaSet_AllFiles/CXR_png/CHNCXR_0622_1.png,4853302,ae1b5f4d10e48f46d61f2c13eb462738d816a1ec20c3e6493c7ca1ab96fe9c82
shenzhen_imagenes,Shenzhen,ChinaSet_AllFiles/CXR_png/CHNCXR_0623_1.png,4751721,656611edffb51e08a36b98f2cd9d57cd08e64bb307b18fc2cf9d3189f66cfed7
shenzhen_imagenes,Shenzhen,ChinaSet_AllFiles/CXR_png/CHNCXR_0624_1.png,4697460,f8e2a87c6e5268e875b85cbd6b459a3e3b891ac8a4e669013fd10295d3cc71dc
shenzhen_imagenes,Shenzhen,ChinaSet_AllFiles/CXR_png/CHNCXR_0625_1.png,5542536,d3cdbe26aba78e8c9a43abee4bb39fdde2ec318eebeb5fb5f4afd90e0b0eb260
shenzhen_imagenes,Shenzhen,ChinaSet_AllFiles/CXR_png/CHNCXR_0626_1.png,7228726,1a7621c44708c806b357c23a1d2c21c7de59e62652e785a46ac7597326140a36
shenzhen_imagenes,Shenzhen,ChinaSet_AllFiles/CXR_png/CHNCXR_0627_1.png,6059585,e73e14aad91f61dccf0341dec79a933cd9e0eff8ed22671d3a37b0c9fd720d5f
shenzhen_imagenes,Shenzhen,ChinaSet_AllFiles/CXR_png/CHNCXR_0628_1.png,7288846,c85ae3f58e7023135f7b83919cdb4d42ed6fb3f47c896cbccecef3a2d88e3859
shenzhen_imagenes,Shenzhen,ChinaSet_AllFiles/CXR_png/CHNCXR_0629_1.png,5056675,8a16f075e2ae2bc2dfe9808117df3b59c5ff0e0c1eef18398dd274b4ae284b3d
shenzhen_imagenes,Shenzhen,ChinaSet_AllFiles/CXR_png/CHNCXR_0630_1.png,7106727,6308cebede2e3e5876e4055e0faea755a88408fd13e302f752236c72b4ce4642
shenzhen_imagenes,Shenzhen,ChinaSet_AllFiles/CXR_png/CHNCXR_0631_1.png,5043345,be65d5a2b77f5186338fd7bad631f70c98b137b3fb0141b08059df7dc4b487f1
shenzhen_imagenes,Shenzhen,ChinaSet_AllFiles/CXR_png/CHNCXR_0632_1.png,5183420,c0264883b93a0b586378fc84866d41d5e240e42966e08d878e998519d71bf391
shenzhen_imagenes,Shenzhen,ChinaSet_AllFiles/CXR_png/CHNCXR_0633_1.png,5447691,fb9f165c50c5bfa458474681868d225d95a2fa018fb8f1417ae06a1b1443bd14
shenzhen_imagenes,Shenzhen,ChinaSet_AllFiles/CXR_png/CHNCXR_0634_1.png,6026792,5f4653e2bb99ea9efea43460f361ecc10ddd0d7f30cf6d869f80bce5ab131cfe
shenzhen_imagenes,Shenzhen,ChinaSet_AllFiles/CXR_png/CHNCXR_0635_1.png,4442249,65235fba6dcfa5d85776077b1118864d261180767ad5fe9cb020a2212fadda59
shenzhen_imagenes,Shenzhen,ChinaSet_AllFiles/CXR_png/CHNCXR_0636_1.png,5537715,87eff037c546ade9b8732ed06f4cff5b2b9c10040b2768f64ecf5fdb401b34a3
shenzhen_imagenes,Shenzhen,ChinaSet_AllFiles/CXR_png/CHNCXR_0637_1.png,5039278,37223d04a739f8bd1ab5232c5e324b2fac03f8ceda5ce786c29b2e4a3364d5d9
shenzhen_imagenes,Shenzhen,ChinaSet_AllFiles/CXR_png/CHNCXR_0638_1.png,5179846,58c16e5f6bfa11ed1775182937d50cd628f5b7ef686f3464f291892b65918786
shenzhen_imagenes,Shenzhen,ChinaSet_AllFiles/CXR_png/CHNCXR_0639_1.png,3826062,ad7e7b8acdedbdbe4cb43725ba53626d227bab4b81bff7d152a04fe2cf5d99a8
shenzhen_imagenes,Shenzhen,ChinaSet_AllFiles/CXR_png/CHNCXR_0640_1.png,5766973,46ca12b18cf3d6a7d652b87e95cfedcc9e5d82ee72f1ae99cdd92d62d9179f83
shenzhen_imagenes,Shenzhen,ChinaSet_AllFiles/CXR_png/CHNCXR_0641_1.png,6345324,b4fa40aa0f31cec36077f1aa0f68066d0c93228c8dbaa5b289e215748da97295
shenzhen_imagenes,Shenzhen,ChinaSet_AllFiles/CXR_png/CHNCXR_0642_1.png,4737334,c7f07205f19503634b5fb20646336ae9baa2d6c59cf005d57d0b3d7bc3a3899f
shenzhen_imagenes,Shenzhen,ChinaSet_AllFiles/CXR_png/CHNCXR_0643_1.png,5758084,c36b2e276907dfc09e35c8bcacc86a2ffe295cd38095622bacbb7ee0ba4aff30
shenzhen_imagenes,Shenzhen,ChinaSet_AllFiles/CXR_png/CHNCXR_0644_1.png,3612111,c75228d02bd41ed5aa9a09efa0cfebe0cde8af5c8b1f733f654296e5cdd4634c
shenzhen_imagenes,Shenzhen,ChinaSet_AllFiles/CXR_png/CHNCXR_0645_1.png,5684945,a6af85e373c8982d9a29239bb72569ab8943136541aa26503020431391244e18
shenzhen_imagenes,Shenzhen,ChinaSet_AllFiles/CXR_png/CHNCXR_0646_1.png,7571876,5f59f44496b3a7ed5ebbe0e6e9006af6186035e5c42c65d6a4f7e2f8e24ad97d
shenzhen_imagenes,Shenzhen,ChinaSet_AllFiles/CXR_png/CHNCXR_0647_1.png,7628658,7a3331751136262167398b686d26fda596b653738930fb66c46c9791b85c5a12
shenzhen_imagenes,Shenzhen,ChinaSet_AllFiles/CXR_png/CHNCXR_0648_1.png,6241228,5316062b002578b2c81fdd4b644e9b0779920a1d7dbc41441aca26479e8f0748
shenzhen_imagenes,Shenzhen,ChinaSet_AllFiles/CXR_png/CHNCXR_0649_1.png,6113713,89d6530a17da28092a57d9884dbf4a3025bb208f75214275cda09680ba318ae7
shenzhen_imagenes,Shenzhen,ChinaSet_AllFiles/CXR_png/CHNCXR_0650_1.png,6927843,83a10d8a034c76a45949e1093b81c89e378d3efd9f16fdb2d86bc131c4bb6234
shenzhen_imagenes,Shenzhen,ChinaSet_AllFiles/CXR_png/CHNCXR_0651_1.png,5607838,dea2a2dd65d8f46d99a25b4614f5694d947726d8803bc07cd3914b5b655a4132
shenzhen_imagenes,Shenzhen,ChinaSet_AllFiles/CXR_png/CHNCXR_0652_1.png,6500961,e357e928318fb7afe00d76119317b4035ab7ecf07c575cdf91f456dffe0d1631
shenzhen_imagenes,Shenzhen,ChinaSet_AllFiles/CXR_png/CHNCXR_0653_1.png,5196269,c24458a8335dd2f1262192f0bb4b20690b05c5081b43388554492906b9a42dd4
shenzhen_imagenes,Shenzhen,ChinaSet_AllFiles/CXR_png/CHNCXR_0654_1.png,4185873,ebfc6de36b0c570abb7a2a4f950315b49bd5a089659b5aba3b7d9b7f8a68e6d5
shenzhen_imagenes,Shenzhen,ChinaSet_AllFiles/CXR_png/CHNCXR_0655_1.png,5535358,9efd4fd6db8658cacbfd2e600e952741364a2c97fcae13f4cd796aae608e3b2c
shenzhen_imagenes,Shenzhen,ChinaSet_AllFiles/CXR_png/CHNCXR_0656_1.png,7501853,caa64809817e18c5af02b822fb139efe5a4098832849926bd6c84a69253cef21
shenzhen_imagenes,Shenzhen,ChinaSet_AllFiles/CXR_png/CHNCXR_0657_1.png,6999778,807c54faf5176f338ea65342c549f97f1a22347a1273fe470a5f809895a9a4e3
shenzhen_imagenes,Shenzhen,ChinaSet_AllFiles/CXR_png/CHNCXR_0658_1.png,6699925,1ba0a7e4accfac73d4526e8aac53d1f89ba5cfcadd5c2194b494abfe4e67b3a8
shenzhen_imagenes,Shenzhen,ChinaSet_AllFiles/CXR_png/CHNCXR_0659_1.png,7801127,03347e317078c30c5ef45f977dd76a6867e163c8d5611e0ba15f5e3419c29a93
shenzhen_imagenes,Shenzhen,ChinaSet_AllFiles/CXR_png/CHNCXR_0660_1.png,7175712,6dcedb0a261783e659a4854dccc42f049086c36223d3d6377d0f1b66d654eae2
shenzhen_imagenes,Shenzhen,ChinaSet_AllFiles/CXR_png/CHNCXR_0661_1.png,5641338,df7410f133cca418cedac948e766f894f0ca1ca5b9bc4bf8bfe67b84aded0ad1
shenzhen_imagenes,Shenzhen,ChinaSet_AllFiles/CXR_png/CHNCXR_0662_1.png,6853896,1aced8b821798d864814cd6013d72d3ef620d4cfae529dee882037ba2c398dcf
shenzhen_lecturas,Shenzhen,ChinaSet_AllFiles/ClinicalReadings/CHNCXR_0001_0.txt,18,c40537dde3918c999f2aad176501a4e4ce805e9f721ff4a51ae4a218a99a8f9b
shenzhen_lecturas,Shenzhen,ChinaSet_AllFiles/ClinicalReadings/CHNCXR_0002_0.txt,18,948111513aa9d097c3dcb1725a3b9f7aa0aa023a62e7ae30e17caf6282caea70
shenzhen_lecturas,Shenzhen,ChinaSet_AllFiles/ClinicalReadings/CHNCXR_0003_0.txt,21,c0a948841a42ad384cc8d78d0cf30f7a19651e22f03f6b7577082b7a942f76ac
shenzhen_lecturas,Shenzhen,ChinaSet_AllFiles/ClinicalReadings/CHNCXR_0004_0.txt,19,c7ded5de238d19e715962e44ef08f5ec9e0f9dbaed7532d6e0090896d7ff1969
shenzhen_lecturas,Shenzhen,ChinaSet_AllFiles/ClinicalReadings/CHNCXR_0005_0.txt,18,64e60e0582f9ccb2dc6574a7c443cdca337ad7fc7fd67affba16e8b2c5c0ce28
shenzhen_lecturas,Shenzhen,ChinaSet_AllFiles/ClinicalReadings/CHNCXR_0006_0.txt,18,a61436c2685eaa2e487c4dc555cf290bfff1fb4ad23dd0989c46df382d01c526
shenzhen_lecturas,Shenzhen,ChinaSet_AllFiles/ClinicalReadings/CHNCXR_0007_0.txt,20,b77fe8f66cda5c3ebedc0f79c4ee17e63cc09a64ae1d05423137e672772524b9
shenzhen_lecturas,Shenzhen,ChinaSet_AllFiles/ClinicalReadings/CHNCXR_0008_0.txt,18,68afc38428508a9813b9c7856f1fc2f625b7e97b7b3989b94599b33b0339d7ec
shenzhen_lecturas,Shenzhen,ChinaSet_AllFiles/ClinicalReadings/CHNCXR_0009_0.txt,20,f603155af3fdc0fde471d4a5533f7034718c967c9c4650383ee784938c3c4b71
shenzhen_lecturas,Shenzhen,ChinaSet_AllFiles/ClinicalReadings/CHNCXR_0010_0.txt,20,8f98e1698a3d6c5f35ef8ac9c18cc52929cefa4723ee07ee3547c505fa9e0692
shenzhen_lecturas,Shenzhen,ChinaSet_AllFiles/ClinicalReadings/CHNCXR_0011_0.txt,18,71ac1eb28d94880f9b0e432854c4d2e82d728cd7ad1f63fa43e7531f683fcca5
shenzhen_lecturas,Shenzhen,ChinaSet_AllFiles/ClinicalReadings/CHNCXR_0012_0.txt,18,63a9020ca9a78ebfb973ffec3de42c170306c9a4c55ba89eb87aeeff6da55c56
shenzhen_lecturas,Shenzhen,ChinaSet_AllFiles/ClinicalReadings/CHNCXR_0013_0.txt,18,726a7f93639ee913d2bd5b1f7d7ff775e959e1383843e41fc856f763c09f0b9d
shenzhen_lecturas,Shenzhen,ChinaSet_AllFiles/ClinicalReadings/CHNCXR_0014_0.txt,18,63a9020ca9a78ebfb973ffec3de42c170306c9a4c55ba89eb87aeeff6da55c56
shenzhen_lecturas,Shenzhen,ChinaSet_AllFiles/ClinicalReadings/CHNCXR_0015_0.txt,20,954af80fc707ad92187c46a06f1eaaff7d55d2d5898528a93515c17fec2e3580
shenzhen_lecturas,Shenzhen,ChinaSet_AllFiles/ClinicalReadings/CHNCXR_0016_0.txt,20,5e3ea9998abf3484828acc3221f92f0202e0244adcdea4eb012a034461fabe7f
shenzhen_lecturas,Shenzhen,ChinaSet_AllFiles/ClinicalReadings/CHNCXR_0017_0.txt,18,6114bfe245488b9ef2d6e0a2273be25713c278a91166a1b7993275ad01859721
shenzhen_lecturas,Shenzhen,ChinaSet_AllFiles/ClinicalReadings/CHNCXR_0018_0.txt,15,8b8c2c59f067630cbce36613c981df8baadaa482d5f1bebdb911bcd334767f46
shenzhen_lecturas,Shenzhen,ChinaSet_AllFiles/ClinicalReadings/CHNCXR_0019_0.txt,18,e19ac7df800dc3626e7f54704b53591165fabefad51220851541f02a2c7b1438
shenzhen_lecturas,Shenzhen,ChinaSet_AllFiles/ClinicalReadings/CHNCXR_0020_0.txt,18,4d83679af9b2adbafb1d3e79c4c8e75f7d654f313a3019cffb259b9baa27262f
shenzhen_lecturas,Shenzhen,ChinaSet_AllFiles/ClinicalReadings/CHNCXR_0021_0.txt,20,d5f7ab4a454c76a1e63ac0c20a18aa9769b2a61dcfa1d526fd8b165117f76718
shenzhen_lecturas,Shenzhen,ChinaSet_AllFiles/ClinicalReadings/CHNCXR_0022_0.txt,18,5364d821f9f2072e7ebace3371a0535221fb10ca7781f5410180a7e32f1ea84f
shenzhen_lecturas,Shenzhen,ChinaSet_AllFiles/ClinicalReadings/CHNCXR_0023_0.txt,18,4d83679af9b2adbafb1d3e79c4c8e75f7d654f313a3019cffb259b9baa27262f
shenzhen_lecturas,Shenzhen,ChinaSet_AllFiles/ClinicalReadings/CHNCXR_0024_0.txt,18,d955e8b3140e19de036f7e227d0bb7c741a46ca9c599d3a13da40a618fff4f87
shenzhen_lecturas,Shenzhen,ChinaSet_AllFiles/ClinicalReadings/CHNCXR_0025_0.txt,18,e597bfbaa596021a45cc45c2eee4fface39755d644ff118b5407078f7eca52c0
shenzhen_lecturas,Shenzhen,ChinaSet_AllFiles/ClinicalReadings/CHNCXR_0026_0.txt,18,e597bfbaa596021a45cc45c2eee4fface39755d644ff118b5407078f7eca52c0
shenzhen_lecturas,Shenzhen,ChinaSet_AllFiles/ClinicalReadings/CHNCXR_0027_0.txt,20,5e3ea9998abf3484828acc3221f92f0202e0244adcdea4eb012a034461fabe7f
shenzhen_lecturas,Shenzhen,ChinaSet_AllFiles/ClinicalReadings/CHNCXR_0028_0.txt,18,63a9020ca9a78ebfb973ffec3de42c170306c9a4c55ba89eb87aeeff6da55c56
shenzhen_lecturas,Shenzhen,ChinaSet_AllFiles/ClinicalReadings/CHNCXR_0029_0.txt,18,71ac1eb28d94880f9b0e432854c4d2e82d728cd7ad1f63fa43e7531f683fcca5
shenzhen_lecturas,Shenzhen,ChinaSet_AllFiles/ClinicalReadings/CHNCXR_0030_0.txt,20,c23593299332561e9cb015c101a949091ce47c1d37040788dbb129750d5d58b4
shenzhen_lecturas,Shenzhen,ChinaSet_AllFiles/ClinicalReadings/CHNCXR_0031_0.txt,20,cbd82aaaa1b78594516cb27bef5b436ebf3ca0f3c4927ef3ef15c941c230606f
shenzhen_lecturas,Shenzhen,ChinaSet_AllFiles/ClinicalReadings/CHNCXR_0032_0.txt,20,b77fe8f66cda5c3ebedc0f79c4ee17e63cc09a64ae1d05423137e672772524b9
shenzhen_lecturas,Shenzhen,ChinaSet_AllFiles/ClinicalReadings/CHNCXR_0033_0.txt,18,6806a41c8375f0019ce28d6a94bebc06367fbd0ad1893c7021243ea44014eb5d
shenzhen_lecturas,Shenzhen,ChinaSet_AllFiles/ClinicalReadings/CHNCXR_0034_0.txt,20,dfbde57f76a4ea1cd8e5400a918bcc3c5ad762cd9ff05ee46ce065eb3cc38381
shenzhen_lecturas,Shenzhen,ChinaSet_AllFiles/ClinicalReadings/CHNCXR_0035_0.txt,20,8f98e1698a3d6c5f35ef8ac9c18cc52929cefa4723ee07ee3547c505fa9e0692
shenzhen_lecturas,Shenzhen,ChinaSet_AllFiles/ClinicalReadings/CHNCXR_0036_0.txt,18,6befa362c3489addfe8ff4430e294d5ad5905ba11acb38a06f0ca36b3ba30437
shenzhen_lecturas,Shenzhen,ChinaSet_AllFiles/ClinicalReadings/CHNCXR_0037_0.txt,18,2cfb6e35917b4996982f23d4b77c4ef0264e590494a65f375bc00101a1164387
shenzhen_lecturas,Shenzhen,ChinaSet_AllFiles/ClinicalReadings/CHNCXR_0038_0.txt,18,e19ac7df800dc3626e7f54704b53591165fabefad51220851541f02a2c7b1438
shenzhen_lecturas,Shenzhen,ChinaSet_AllFiles/ClinicalReadings/CHNCXR_0039_0.txt,18,1b3258c60d27302819331837c7e615cd0780f05ebff8c86ebd40afe53ec02769
shenzhen_lecturas,Shenzhen,ChinaSet_AllFiles/ClinicalReadings/CHNCXR_0040_0.txt,20,2dfab6a3da220e3ab4be89edd8fe74f721bf52308fd28f022a4fa3dc6b9af896
shenzhen_lecturas,Shenzhen,ChinaSet_AllFiles/ClinicalReadings/CHNCXR_0041_0.txt,18,4d83679af9b2adbafb1d3e79c4c8e75f7d654f313a3019cffb259b9baa27262f
shenzhen_lecturas,Shenzhen,ChinaSet_AllFiles/ClinicalReadings/CHNCXR_0042_0.txt,18,7aa197f75ac79151f48468e78ff0309004a44218949e78457a59e7f73852428b
shenzhen_lecturas,Shenzhen,ChinaSet_AllFiles/ClinicalReadings/CHNCXR_0043_0.txt,18,0bdadc63de42cc65ce6d7be98fbe432458db84a897c9932f26899bb94f927c92
shenzhen_lecturas,Shenzhen,ChinaSet_AllFiles/ClinicalReadings/CHNCXR_0044_0.txt,21,b8bd3a254b757b3bc4ef81bd74e0a8509357c05eb0e63ad94a387c8826ebed5c
shenzhen_lecturas,Shenzhen,ChinaSet_AllFiles/ClinicalReadings/CHNCXR_0045_0.txt,21,ec15d7dd1fdc33b6fa333aa348266dd23d5f32ce35d5b2c701d5170725b42055
shenzhen_lecturas,Shenzhen,ChinaSet_AllFiles/ClinicalReadings/CHNCXR_0046_0.txt,20,c0f245ee19b9981c560b5163a92cc33e9d6c3e86c77c9c658067a42bd1a09c48
shenzhen_lecturas,Shenzhen,ChinaSet_AllFiles/ClinicalReadings/CHNCXR_0047_0.txt,20,f64e9209f59108b703a3443307f0a0e5d0812e88e8a282a64e67ec2c5649cfb6
shenzhen_lecturas,Shenzhen,ChinaSet_AllFiles/ClinicalReadings/CHNCXR_0048_0.txt,20,fe2f4b24c2de440303bf0a439a21e4ec9925ad83c8737b4deed150c551f238b9
shenzhen_lecturas,Shenzhen,ChinaSet_AllFiles/ClinicalReadings/CHNCXR_0049_0.txt,22,a22397bc25b4a763f9eed31158944589db88ba17892c3f1c19cd751dccb9be9e
shenzhen_lecturas,Shenzhen,ChinaSet_AllFiles/ClinicalReadings/CHNCXR_0050_0.txt,22,ca20ca3c6149b131286a2664d661f5cd20e331f69c91cd4f9f6a914df52728f2
shenzhen_lecturas,Shenzhen,ChinaSet_AllFiles/ClinicalReadings/CHNCXR_0051_0.txt,23,af359f557df068db989e646a4a565d77f0a760591e491526e5788dc26e938053
shenzhen_lecturas,Shenzhen,ChinaSet_AllFiles/ClinicalReadings/CHNCXR_0052_0.txt,22,a22397bc25b4a763f9eed31158944589db88ba17892c3f1c19cd751dccb9be9e
shenzhen_lecturas,Shenzhen,ChinaSet_AllFiles/ClinicalReadings/CHNCXR_0053_0.txt,20,686b237e1c0b173321d6a1a84256d51188f40325d7b3d4c3e37a384f4410e640
shenzhen_lecturas,Shenzhen,ChinaSet_AllFiles/ClinicalReadings/CHNCXR_0054_0.txt,22,7695f19a9e3b4b8e303178209d46e6988ea641092a2f09e254ec24927fb2a157
shenzhen_lecturas,Shenzhen,ChinaSet_AllFiles/ClinicalReadings/CHNCXR_0055_0.txt,20,cc53f0d894657fdecd1b1a385e1dd0e266b40d997723376907164f009f152385
shenzhen_lecturas,Shenzhen,ChinaSet_AllFiles/ClinicalReadings/CHNCXR_0056_0.txt,20,7e87d4919c91ea33d11787de0a0f5f00bf1b56fdbd0984db4aa0714a60fe06a8
shenzhen_lecturas,Shenzhen,ChinaSet_AllFiles/ClinicalReadings/CHNCXR_0057_0.txt,22,f477e68711256ed7f65dda5b718994285be90794b18964cb7583ef06cdf94ccf
shenzhen_lecturas,Shenzhen,ChinaSet_AllFiles/ClinicalReadings/CHNCXR_0058_0.txt,22,c585ef37e8937330febec15b177a7ef2ac552ba2ee3282ce5f9dcb43d1415e5a
shenzhen_lecturas,Shenzhen,ChinaSet_AllFiles/ClinicalReadings/CHNCXR_0059_0.txt,23,b1c7798a15c41addc8e5edcc5202e0a4a2d6300f56d08ae156e0453832e0dac2
shenzhen_lecturas,Shenzhen,ChinaSet_AllFiles/ClinicalReadings/CHNCXR_0060_0.txt,22,4428061de8ae309e5b9ce615fe7e795e8fcac8ad6576927a47c218e15a7d43c9
shenzhen_lecturas,Shenzhen,ChinaSet_AllFiles/ClinicalReadings/CHNCXR_0061_0.txt,20,fe2f4b24c2de440303bf0a439a21e4ec9925ad83c8737b4deed150c551f238b9
shenzhen_lecturas,Shenzhen,ChinaSet_AllFiles/ClinicalReadings/CHNCXR_0062_0.txt,22,6dd4243c3b4036c056fa614a7d393d12850a36ba8bcb61e9c218076e9b687b43
shenzhen_lecturas,Shenzhen,ChinaSet_AllFiles/ClinicalReadings/CHNCXR_0063_0.txt,22,073870da0d68ca3a71b65c92cf11330df2c7f5344fa5f5e8694a1dcf7590b715
shenzhen_lecturas,Shenzhen,ChinaSet_AllFiles/ClinicalReadings/CHNCXR_0064_0.txt,20,575e03083c3eaa8f2b3e3fe3be8bac333dc50864a76ead7dab5fbfbb3488226d
shenzhen_lecturas,Shenzhen,ChinaSet_AllFiles/ClinicalReadings/CHNCXR_0065_0.txt,22,06796073ac5459a4d6e42b2134e4f948123bc64bdfe3f817f135ee440fe41282
shenzhen_lecturas,Shenzhen,ChinaSet_AllFiles/ClinicalReadings/CHNCXR_0066_0.txt,20,575e03083c3eaa8f2b3e3fe3be8bac333dc50864a76ead7dab5fbfbb3488226d
shenzhen_lecturas,Shenzhen,ChinaSet_AllFiles/ClinicalReadings/CHNCXR_0067_0.txt,20,ab70fa63435ae4db076f6a30cfc3c58d126fb723cda3c736e1ac7de6efb36c75
shenzhen_lecturas,Shenzhen,ChinaSet_AllFiles/ClinicalReadings/CHNCXR_0068_0.txt,20,476da1169bc61a6dcbc7ff61714f4271de4551c6b4e70fe001db9188a84b35c0
shenzhen_lecturas,Shenzhen,ChinaSet_AllFiles/ClinicalReadings/CHNCXR_0069_0.txt,22,1592d2a6067b383b76459fec1db09b7c808fb7ab887c9c7d346c6389909960eb
shenzhen_lecturas,Shenzhen,ChinaSet_AllFiles/ClinicalReadings/CHNCXR_0070_0.txt,22,7d3a76035f91b6efc3972ea4b88ff3d6c5334670c4dd85e90733c9a65503eb40
shenzhen_lecturas,Shenzhen,ChinaSet_AllFiles/ClinicalReadings/CHNCXR_0071_0.txt,22,c83030ebc018ff292166bde4d42ad91ce560b4de49833878cab38fe930a5d01a
shenzhen_lecturas,Shenzhen,ChinaSet_AllFiles/ClinicalReadings/CHNCXR_0072_0.txt,20,5c100bc1f409e1f56e1b5835c0f946a9fcb928cfc46cbaaaf883a675f4c7fad3
shenzhen_lecturas,Shenzhen,ChinaSet_AllFiles/ClinicalReadings/CHNCXR_0073_0.txt,22,e26100feb09ce717411f689b40dc866c1c8566f1c6b69583f643196eb1f3dad4
shenzhen_lecturas,Shenzhen,ChinaSet_AllFiles/ClinicalReadings/CHNCXR_0074_0.txt,19,2b9eb38ad978bf0d140e64232982a240c495c02b0c83508fd37f6167a29c7e89
shenzhen_lecturas,Shenzhen,ChinaSet_AllFiles/ClinicalReadings/CHNCXR_0075_0.txt,22,7df496a4c0f8dc5858a2fdf7c48b79c76d667f109fbed28e596eb5b5c1010176
shenzhen_lecturas,Shenzhen,ChinaSet_AllFiles/ClinicalReadings/CHNCXR_0076_0.txt,19,0fe62c9b18618113b63b103530c2cd09dd19dd6243ef05cbc9005581cf30e8c6
shenzhen_lecturas,Shenzhen,ChinaSet_AllFiles/ClinicalReadings/CHNCXR_0077_0.txt,20,5bd80fb79ccb40cfa5b74dcfe0a1147a670a93cd7ca0dc9eb94300ef83f7076c
shenzhen_lecturas,Shenzhen,ChinaSet_AllFiles/ClinicalReadings/CHNCXR_0078_0.txt,20,476da1169bc61a6dcbc7ff61714f4271de4551c6b4e70fe001db9188a84b35c0
shenzhen_lecturas,Shenzhen,ChinaSet_AllFiles/ClinicalReadings/CHNCXR_0079_0.txt,20,366fd385a1beccdf8cbd72875f3bc23138f6029f616025817cd8f5bc4fd9610f
shenzhen_lecturas,Shenzhen,ChinaSet_AllFiles/ClinicalReadings/CHNCXR_0080_0.txt,20,3d4af6d552c96e39ae3650059bf00bd695901a437c36ed16293e43658593b343
shenzhen_lecturas,Shenzhen,ChinaSet_AllFiles/ClinicalReadings/CHNCXR_0081_0.txt,20,b783f2bef0d116591fc6b8b8d990dbf1c2a6b5f1d774f0cc2f1a61a5985afa93
shenzhen_lecturas,Shenzhen,ChinaSet_AllFiles/ClinicalReadings/CHNCXR_0082_0.txt,20,ef1e8526891da6765445089f4c373c02677d46b27311d0ccdcbbc5ccd137919a
shenzhen_lecturas,Shenzhen,ChinaSet_AllFiles/ClinicalReadings/CHNCXR_0083_0.txt,20,b783f2bef0d116591fc6b8b8d990dbf1c2a6b5f1d774f0cc2f1a61a5985afa93
shenzhen_lecturas,Shenzhen,ChinaSet_AllFiles/ClinicalReadings/CHNCXR_0084_0.txt,22,927231669d77f4c4162e9d233afad97683e053ef2b52ba4abd6e1f566816d319
shenzhen_lecturas,Shenzhen,ChinaSet_AllFiles/ClinicalReadings/CHNCXR_0085_0.txt,20,db11b9b8e059ad5b98a939d5dc543257f7fd9c9d7eaec180950d332c8b5a3449
shenzhen_lecturas,Shenzhen,ChinaSet_AllFiles/ClinicalReadings/CHNCXR_0086_0.txt,22,5f1b8e4c1f6734627ac8d89c336d0ebf0fa40c1e38a918ab8ede5f96f77faa65
shenzhen_lecturas,Shenzhen,ChinaSet_AllFiles/ClinicalReadings/CHNCXR_0087_0.txt,20,5bd80fb79ccb40cfa5b74dcfe0a1147a670a93cd7ca0dc9eb94300ef83f7076c
shenzhen_lecturas,Shenzhen,ChinaSet_AllFiles/ClinicalReadings/CHNCXR_0088_0.txt,20,366fd385a1beccdf8cbd72875f3bc23138f6029f616025817cd8f5bc4fd9610f
shenzhen_lecturas,Shenzhen,ChinaSet_AllFiles/ClinicalReadings/CHNCXR_0089_0.txt,20,3d4af6d552c96e39ae3650059bf00bd695901a437c36ed16293e43658593b343
shenzhen_lecturas,Shenzhen,ChinaSet_AllFiles/ClinicalReadings/CHNCXR_0090_0.txt,22,5bf6d62f2b429e912c0f2e2b2cb53b2eb804bbfc10437bc4d97d3916e24b020f
shenzhen_lecturas,Shenzhen,ChinaSet_AllFiles/ClinicalReadings/CHNCXR_0091_0.txt,22,aba4fffa0e3baa85395d57b49b9007a775c2331ec919fac89d108659387e38ed
shenzhen_lecturas,Shenzhen,ChinaSet_AllFiles/ClinicalReadings/CHNCXR_0092_0.txt,20,b783f2bef0d116591fc6b8b8d990dbf1c2a6b5f1d774f0cc2f1a61a5985afa93
shenzhen_lecturas,Shenzhen,ChinaSet_AllFiles/ClinicalReadings/CHNCXR_0093_0.txt,20,9525269d492c466b1bc3148aefd26d1453bffe65cc5b414270a9036a7d198b70
shenzhen_lecturas,Shenzhen,ChinaSet_AllFiles/ClinicalReadings/CHNCXR_0094_0.txt,20,7399f6f018a2b17135fbda4b6415af6a3858ca6da74b12c37227f55de6abd03c
shenzhen_lecturas,Shenzhen,ChinaSet_AllFiles/ClinicalReadings/CHNCXR_0095_0.txt,18,5f83b3b4b20a13874650bfb76034ce730e0b3b2ff3b7f408aef2df016a28893a
shenzhen_lecturas,Shenzhen,ChinaSet_AllFiles/ClinicalReadings/CHNCXR_0096_0.txt,19,825292f6134ee1f5a04b5fa56d3c2ca48435df49a60b5c97613f2fe9a3d99e0c
shenzhen_lecturas,Shenzhen,ChinaSet_AllFiles/ClinicalReadings/CHNCXR_0097_0.txt,20,307842ed908174b55ce6f514ee029c454a3525bea49c4e7ddac760f1ae342162
shenzhen_lecturas,Shenzhen,ChinaSet_AllFiles/ClinicalReadings/CHNCXR_0098_0.txt,18,829f9b5dfeb6cd744ffc7651b55292023efb843cb55652f388f80f25c743ada5
shenzhen_lecturas,Shenzhen,ChinaSet_AllFiles/ClinicalReadings/CHNCXR_0099_0.txt,20,103dbc31798a4a53c31841ec115fa51556184c905f08cfca822e24125cf069f2
shenzhen_lecturas,Shenzhen,ChinaSet_AllFiles/ClinicalReadings/CHNCXR_0100_0.txt,18,d9f18e7075b894f2ba8387c7e3e6a1b48558204b5d235d082aff4966821c9e98
shenzhen_lecturas,Shenzhen,ChinaSet_AllFiles/ClinicalReadings/CHNCXR_0101_0.txt,18,1b3258c60d27302819331837c7e615cd0780f05ebff8c86ebd40afe53ec02769
shenzhen_lecturas,Shenzhen,ChinaSet_AllFiles/ClinicalReadings/CHNCXR_0102_0.txt,20,87f37ffe32ed9aeeefbf66e8c8443c89fa2bda2808514f18d4799df6434765e7
shenzhen_lecturas,Shenzhen,ChinaSet_AllFiles/ClinicalReadings/CHNCXR_0103_0.txt,20,87f37ffe32ed9aeeefbf66e8c8443c89fa2bda2808514f18d4799df6434765e7
shenzhen_lecturas,Shenzhen,ChinaSet_AllFiles/ClinicalReadings/CHNCXR_0104_0.txt,18,71ac1eb28d94880f9b0e432854c4d2e82d728cd7ad1f63fa43e7531f683fcca5
shenzhen_lecturas,Shenzhen,ChinaSet_AllFiles/ClinicalReadings/CHNCXR_0105_0.txt,18,d955e8b3140e19de036f7e227d0bb7c741a46ca9c599d3a13da40a618fff4f87
shenzhen_lecturas,Shenzhen,ChinaSet_AllFiles/ClinicalReadings/CHNCXR_0106_0.txt,18,6befa362c3489addfe8ff4430e294d5ad5905ba11acb38a06f0ca36b3ba30437
shenzhen_lecturas,Shenzhen,ChinaSet_AllFiles/ClinicalReadings/CHNCXR_0107_0.txt,20,e045131f28833b9aac6229cb7b4623062ad1be41258809e44114af6f3bf3aa55
shenzhen_lecturas,Shenzhen,ChinaSet_AllFiles/ClinicalReadings/CHNCXR_0108_0.txt,18,d955e8b3140e19de036f7e227d0bb7c741a46ca9c599d3a13da40a618fff4f87
shenzhen_lecturas,Shenzhen,ChinaSet_AllFiles/ClinicalReadings/CHNCXR_0109_0.txt,20,10fb75772811c0f3814827ec51305269f1e1d6c98d92e55d7b1f621b5261de34
shenzhen_lecturas,Shenzhen,ChinaSet_AllFiles/ClinicalReadings/CHNCXR_0110_0.txt,18,f3228a44ff5a1890c24e6f572421bcf1701e90735ef2aa36c0df33b51b711205
shenzhen_lecturas,Shenzhen,ChinaSet_AllFiles/ClinicalReadings/CHNCXR_0111_0.txt,18,4a0bd6a1ab511d0f38a3479bb6c5c55245ccea5ed5864b52d967d1b8e11a7348
shenzhen_lecturas,Shenzhen,ChinaSet_AllFiles/ClinicalReadings/CHNCXR_0112_0.txt,21,ebc289621d041b43a1bf701437df57dbb05b2f33a4f5f8a9b819ab71ab9ec160
shenzhen_lecturas,Shenzhen,ChinaSet_AllFiles/ClinicalReadings/CHNCXR_0113_0.txt,18,b2b1c0f3d6c0eafa5140beeadad76f728f96dc3fcf3f62e8a48420df5093c0a2
shenzhen_lecturas,Shenzhen,ChinaSet_AllFiles/ClinicalReadings/CHNCXR_0114_0.txt,18,adf20fb8dda4bddb726b0c7a1bbf2b6712ad242188b39ab67775660719073548
shenzhen_lecturas,Shenzhen,ChinaSet_AllFiles/ClinicalReadings/CHNCXR_0115_0.txt,20,e16b457f165af790c8e79a68bd2f983e371ffaf44dce7764bbe42f2637d3acce
shenzhen_lecturas,Shenzhen,ChinaSet_AllFiles/ClinicalReadings/CHNCXR_0116_0.txt,18,51d3eb0f57b031d5c9ba811d49955446ef7ebc99c48f1c1e57e409be40b0da6b
shenzhen_lecturas,Shenzhen,ChinaSet_AllFiles/ClinicalReadings/CHNCXR_0117_0.txt,18,68afc38428508a9813b9c7856f1fc2f625b7e97b7b3989b94599b33b0339d7ec
shenzhen_lecturas,Shenzhen,ChinaSet_AllFiles/ClinicalReadings/CHNCXR_0118_0.txt,20,103dbc31798a4a53c31841ec115fa51556184c905f08cfca822e24125cf069f2
shenzhen_lecturas,Shenzhen,ChinaSet_AllFiles/ClinicalReadings/CHNCXR_0119_0.txt,18,adf20fb8dda4bddb726b0c7a1bbf2b6712ad242188b39ab67775660719073548
shenzhen_lecturas,Shenzhen,ChinaSet_AllFiles/ClinicalReadings/CHNCXR_0120_0.txt,18,917f4f7b8ed448e0f827561a8c7e282b475392c366d923fc16c936f56568ece5
shenzhen_lecturas,Shenzhen,ChinaSet_AllFiles/ClinicalReadings/CHNCXR_0121_0.txt,18,169020394780120c995989d4467d8b4b5db6d8e77f2ce765aed69b75256a0818
shenzhen_lecturas,Shenzhen,ChinaSet_AllFiles/ClinicalReadings/CHNCXR_0122_0.txt,20,4545aca98c1073a0a04fe3070c35ad35cd9ee3d893f7273aba3943d5b025eb53
shenzhen_lecturas,Shenzhen,ChinaSet_AllFiles/ClinicalReadings/CHNCXR_0123_0.txt,20,3566650b19ba98d4cb069acd7f675d32cbe9a0fb94faa74eedf789b506ced4f7
shenzhen_lecturas,Shenzhen,ChinaSet_AllFiles/ClinicalReadings/CHNCXR_0124_0.txt,18,6806a41c8375f0019ce28d6a94bebc06367fbd0ad1893c7021243ea44014eb5d
shenzhen_lecturas,Shenzhen,ChinaSet_AllFiles/ClinicalReadings/CHNCXR_0125_0.txt,18,b2b1c0f3d6c0eafa5140beeadad76f728f96dc3fcf3f62e8a48420df5093c0a2
shenzhen_lecturas,Shenzhen,ChinaSet_AllFiles/ClinicalReadings/CHNCXR_0126_0.txt,20,66ff5905eb5a9d6e28225aadb825c2cbec5f4efb88a268067ab2bd4c482d8a78
shenzhen_lecturas,Shenzhen,ChinaSet_AllFiles/ClinicalReadings/CHNCXR_0127_0.txt,20,7399f6f018a2b17135fbda4b6415af6a3858ca6da74b12c37227f55de6abd03c
shenzhen_lecturas,Shenzhen,ChinaSet_AllFiles/ClinicalReadings/CHNCXR_0128_0.txt,18,64e60e0582f9ccb2dc6574a7c443cdca337ad7fc7fd67affba16e8b2c5c0ce28
shenzhen_lecturas,Shenzhen,ChinaSet_AllFiles/ClinicalReadings/CHNCXR_0129_0.txt,20,a6c6c3b09cbf15dbd0bb224adf367882c428ceb02a672f7ed6501c28d800db26
shenzhen_lecturas,Shenzhen,ChinaSet_AllFiles/ClinicalReadings/CHNCXR_0130_0.txt,18,6befa362c3489addfe8ff4430e294d5ad5905ba11acb38a06f0ca36b3ba30437
shenzhen_lecturas,Shenzhen,ChinaSet_AllFiles/ClinicalReadings/CHNCXR_0131_0.txt,18,917f4f7b8ed448e0f827561a8c7e282b475392c366d923fc16c936f56568ece5
shenzhen_lecturas,Shenzhen,ChinaSet_AllFiles/ClinicalReadings/CHNCXR_0132_0.txt,20,12488e86cac89529212b0acb58aeacca63153d61b4d340621fca29b95f6f0b41
shenzhen_lecturas,Shenzhen,ChinaSet_AllFiles/ClinicalReadings/CHNCXR_0133_0.txt,18,64e60e0582f9ccb2dc6574a7c443cdca337ad7fc7fd67affba16e8b2c5c0ce28
shenzhen_lecturas,Shenzhen,ChinaSet_AllFiles/ClinicalReadings/CHNCXR_0134_0.txt,19,b6cfa5416488f0e6255cc79204f26db290e39121145aae05bf3fcb7bcbcaf1ad
shenzhen_lecturas,Shenzhen,ChinaSet_AllFiles/ClinicalReadings/CHNCXR_0135_0.txt,18,adf20fb8dda4bddb726b0c7a1bbf2b6712ad242188b39ab67775660719073548
shenzhen_lecturas,Shenzhen,ChinaSet_AllFiles/ClinicalReadings/CHNCXR_0136_0.txt,18,b2b1c0f3d6c0eafa5140beeadad76f728f96dc3fcf3f62e8a48420df5093c0a2
shenzhen_lecturas,Shenzhen,ChinaSet_AllFiles/ClinicalReadings/CHNCXR_0137_0.txt,18,2cfb6e35917b4996982f23d4b77c4ef0264e590494a65f375bc00101a1164387
shenzhen_lecturas,Shenzhen,ChinaSet_AllFiles/ClinicalReadings/CHNCXR_0138_0.txt,21,8cf9f9c819b7e5f20766a4e47f7e0935402e023120b61ee2d8aaee0c77b6cb83
shenzhen_lecturas,Shenzhen,ChinaSet_AllFiles/ClinicalReadings/CHNCXR_0139_0.txt,21,46142f6b0df5ed8b795c47c4a6b0cfadd580238d2729a6a4254986c07af9c58c
shenzhen_lecturas,Shenzhen,ChinaSet_AllFiles/ClinicalReadings/CHNCXR_0140_0.txt,21,fde95c8d18e5ae36e7f966fd2f2910e986d8338551be75c4d1aa77b865f7a60f
shenzhen_lecturas,Shenzhen,ChinaSet_AllFiles/ClinicalReadings/CHNCXR_0141_0.txt,20,e045131f28833b9aac6229cb7b4623062ad1be41258809e44114af6f3bf3aa55
shenzhen_lecturas,Shenzhen,ChinaSet_AllFiles/ClinicalReadings/CHNCXR_0142_0.txt,18,d955e8b3140e19de036f7e227d0bb7c741a46ca9c599d3a13da40a618fff4f87
shenzhen_lecturas,Shenzhen,ChinaSet_AllFiles/ClinicalReadings/CHNCXR_0143_0.txt,20,78703e04669d50587fb2a63e9a15b5405b2d5bea008589b0bf17ae683525017d
shenzhen_lecturas,Shenzhen,ChinaSet_AllFiles/ClinicalReadings/CHNCXR_0144_0.txt,18,7d383e34afae2f7b8af14a195646f6b4073c022821c353d3759bbda177944385
shenzhen_lecturas,Shenzhen,ChinaSet_AllFiles/ClinicalReadings/CHNCXR_0145_0.txt,18,c40537dde3918c999f2aad176501a4e4ce805e9f721ff4a51ae4a218a99a8f9b
shenzhen_lecturas,Shenzhen,ChinaSet_AllFiles/ClinicalReadings/CHNCXR_0146_0.txt,21,4edb888ef8c2d72733515a5213d3ac8d3b406f4dc1e8c2c88d1e387e7263ab5c
shenzhen_lecturas,Shenzhen,ChinaSet_AllFiles/ClinicalReadings/CHNCXR_0147_0.txt,20,256709b30d970a7abc2fa5e7f4a267f29a7eedc891ee079681a37743a15c1c7c
shenzhen_lecturas,Shenzhen,ChinaSet_AllFiles/ClinicalReadings/CHNCXR_0148_0.txt,18,2cfb6e35917b4996982f23d4b77c4ef0264e590494a65f375bc00101a1164387
shenzhen_lecturas,Shenzhen,ChinaSet_AllFiles/ClinicalReadings/CHNCXR_0149_0.txt,19,18567285412b4a86d38ef98cd7c8684288043ba57f61def3b7eed2bf5bd3186b
shenzhen_lecturas,Shenzhen,ChinaSet_AllFiles/ClinicalReadings/CHNCXR_0150_0.txt,18,c40537dde3918c999f2aad176501a4e4ce805e9f721ff4a51ae4a218a99a8f9b
shenzhen_lecturas,Shenzhen,ChinaSet_AllFiles/ClinicalReadings/CHNCXR_0151_0.txt,21,6ad76f0aa8a30d39d764b54482a72423f387a484b8d6d8033d2f7a6905839a9b
shenzhen_lecturas,Shenzhen,ChinaSet_AllFiles/ClinicalReadings/CHNCXR_0152_0.txt,20,7399f6f018a2b17135fbda4b6415af6a3858ca6da74b12c37227f55de6abd03c
shenzhen_lecturas,Shenzhen,ChinaSet_AllFiles/ClinicalReadings/CHNCXR_0153_0.txt,20,5115f32dc0c7c4641c7d2772c966f3f80dccd97b722455d5c6cd88dd7b0b16b1
shenzhen_lecturas,Shenzhen,ChinaSet_AllFiles/ClinicalReadings/CHNCXR_0154_0.txt,18,7d383e34afae2f7b8af14a195646f6b4073c022821c353d3759bbda177944385
shenzhen_lecturas,Shenzhen,ChinaSet_AllFiles/ClinicalReadings/CHNCXR_0155_0.txt,18,379028d4511796a7fbfeb48ea7c0893e73ea7bad4145f51d0b0809cffa904e37
shenzhen_lecturas,Shenzhen,ChinaSet_AllFiles/ClinicalReadings/CHNCXR_0156_0.txt,21,f093d459cb5d83465d0890d9afc66866d8e6c39019402f65a7a1cf5decfd393d
shenzhen_lecturas,Shenzhen,ChinaSet_AllFiles/ClinicalReadings/CHNCXR_0157_0.txt,19,071fc3d1bf24dfa98bb0b324c2ccfb11d5bbea2ff1653a5183859129ab6b5d58
shenzhen_lecturas,Shenzhen,ChinaSet_AllFiles/ClinicalReadings/CHNCXR_0158_0.txt,20,e045131f28833b9aac6229cb7b4623062ad1be41258809e44114af6f3bf3aa55
shenzhen_lecturas,Shenzhen,ChinaSet_AllFiles/ClinicalReadings/CHNCXR_0159_0.txt,19,4d9b2aad2e96bf59eb3116ea1715935533d76c89a0684bfcb052c5dcced9e7f3
shenzhen_lecturas,Shenzhen,ChinaSet_AllFiles/ClinicalReadings/CHNCXR_0160_0.txt,20,3be30034f9bc22f3078e501937ba3b64a7928adc4745204e65de07dc1891f377
shenzhen_lecturas,Shenzhen,ChinaSet_AllFiles/ClinicalReadings/CHNCXR_0161_0.txt,20,3b2654f7cb514cdac6a17f4f68a5179b6faca9c7fff9ec5089924dcdc04608ed
shenzhen_lecturas,Shenzhen,ChinaSet_AllFiles/ClinicalReadings/CHNCXR_0162_0.txt,18,1b3258c60d27302819331837c7e615cd0780f05ebff8c86ebd40afe53ec02769
shenzhen_lecturas,Shenzhen,ChinaSet_AllFiles/ClinicalReadings/CHNCXR_0163_0.txt,18,64e60e0582f9ccb2dc6574a7c443cdca337ad7fc7fd67affba16e8b2c5c0ce28
shenzhen_lecturas,Shenzhen,ChinaSet_AllFiles/ClinicalReadings/CHNCXR_0164_0.txt,18,55460f22082b3763233c0fa33303fcbc40a63c61fcb3a558f8d7d4e28016903e
shenzhen_lecturas,Shenzhen,ChinaSet_AllFiles/ClinicalReadings/CHNCXR_0165_0.txt,18,63a9020ca9a78ebfb973ffec3de42c170306c9a4c55ba89eb87aeeff6da55c56
shenzhen_lecturas,Shenzhen,ChinaSet_AllFiles/ClinicalReadings/CHNCXR_0166_0.txt,20,8a2957e444e00760fac1d8e87bd5e9153e55ef0077e82e274950197c9fc58b3c
shenzhen_lecturas,Shenzhen,ChinaSet_AllFiles/ClinicalReadings/CHNCXR_0167_0.txt,18,3dd163d8a4b9ae2582432ad0d6705d70f72e2d2d12b9550f3184e405def904d8
shenzhen_lecturas,Shenzhen,ChinaSet_AllFiles/ClinicalReadings/CHNCXR_0168_0.txt,18,e19ac7df800dc3626e7f54704b53591165fabefad51220851541f02a2c7b1438
shenzhen_lecturas,Shenzhen,ChinaSet_AllFiles/ClinicalReadings/CHNCXR_0169_0.txt,17,7fe69348eb1bbb149ae9020f08eea8b681a46e7e47dc82794df77bcba88d13eb
shenzhen_lecturas,Shenzhen,ChinaSet_AllFiles/ClinicalReadings/CHNCXR_0170_0.txt,20,256709b30d970a7abc2fa5e7f4a267f29a7eedc891ee079681a37743a15c1c7c
shenzhen_lecturas,Shenzhen,ChinaSet_AllFiles/ClinicalReadings/CHNCXR_0171_0.txt,18,917f4f7b8ed448e0f827561a8c7e282b475392c366d923fc16c936f56568ece5
shenzhen_lecturas,Shenzhen,ChinaSet_AllFiles/ClinicalReadings/CHNCXR_0172_0.txt,20,103dbc31798a4a53c31841ec115fa51556184c905f08cfca822e24125cf069f2
shenzhen_lecturas,Shenzhen,ChinaSet_AllFiles/ClinicalReadings/CHNCXR_0173_0.txt,18,64e60e0582f9ccb2dc6574a7c443cdca337ad7fc7fd67affba16e8b2c5c0ce28
shenzhen_lecturas,Shenzhen,ChinaSet_AllFiles/ClinicalReadings/CHNCXR_0174_0.txt,18,3055336c38f4748469856a2fbc6dd2fd6e0a6a5ac64745fbee7328368c1df591
shenzhen_lecturas,Shenzhen,ChinaSet_AllFiles/ClinicalReadings/CHNCXR_0175_0.txt,20,5f6168da991f18a4c79bf1e93fc49fa0962002f5e25440995e92cda7afcaace4
shenzhen_lecturas,Shenzhen,ChinaSet_AllFiles/ClinicalReadings/CHNCXR_0176_0.txt,20,3566650b19ba98d4cb069acd7f675d32cbe9a0fb94faa74eedf789b506ced4f7
shenzhen_lecturas,Shenzhen,ChinaSet_AllFiles/ClinicalReadings/CHNCXR_0177_0.txt,18,917f4f7b8ed448e0f827561a8c7e282b475392c366d923fc16c936f56568ece5
shenzhen_lecturas,Shenzhen,ChinaSet_AllFiles/ClinicalReadings/CHNCXR_0178_0.txt,17,8d6a8f9ebed56c9cabe0e6d970ec65a1f3d31ef5446fa00054d1747aef2341df
shenzhen_lecturas,Shenzhen,ChinaSet_AllFiles/ClinicalReadings/CHNCXR_0179_0.txt,18,d955e8b3140e19de036f7e227d0bb7c741a46ca9c599d3a13da40a618fff4f87
shenzhen_lecturas,Shenzhen,ChinaSet_AllFiles/ClinicalReadings/CHNCXR_0180_0.txt,20,e045131f28833b9aac6229cb7b4623062ad1be41258809e44114af6f3bf3aa55
shenzhen_lecturas,Shenzhen,ChinaSet_AllFiles/ClinicalReadings/CHNCXR_0181_0.txt,20,a6c6c3b09cbf15dbd0bb224adf367882c428ceb02a672f7ed6501c28d800db26
shenzhen_lecturas,Shenzhen,ChinaSet_AllFiles/ClinicalReadings/CHNCXR_0182_0.txt,18,673e0635c62e1255ad36fb2725c5db1df5528beea1667ea992bb0da9f244b56d
shenzhen_lecturas,Shenzhen,ChinaSet_AllFiles/ClinicalReadings/CHNCXR_0183_0.txt,18,4d83679af9b2adbafb1d3e79c4c8e75f7d654f313a3019cffb259b9baa27262f
shenzhen_lecturas,Shenzhen,ChinaSet_AllFiles/ClinicalReadings/CHNCXR_0184_0.txt,20,5174791cc81658c26534d38f1ced7ac826ea4637c5c5ac3dd349aeec8627914c
shenzhen_lecturas,Shenzhen,ChinaSet_AllFiles/ClinicalReadings/CHNCXR_0185_0.txt,18,4a0bd6a1ab511d0f38a3479bb6c5c55245ccea5ed5864b52d967d1b8e11a7348
shenzhen_lecturas,Shenzhen,ChinaSet_AllFiles/ClinicalReadings/CHNCXR_0186_0.txt,18,4a0bd6a1ab511d0f38a3479bb6c5c55245ccea5ed5864b52d967d1b8e11a7348
shenzhen_lecturas,Shenzhen,ChinaSet_AllFiles/ClinicalReadings/CHNCXR_0187_0.txt,18,1b3258c60d27302819331837c7e615cd0780f05ebff8c86ebd40afe53ec02769
shenzhen_lecturas,Shenzhen,ChinaSet_AllFiles/ClinicalReadings/CHNCXR_0188_0.txt,18,d9f18e7075b894f2ba8387c7e3e6a1b48558204b5d235d082aff4966821c9e98
shenzhen_lecturas,Shenzhen,ChinaSet_AllFiles/ClinicalReadings/CHNCXR_0189_0.txt,19,3c837499b0602dd29915e0c1535968d9a852db902ffa74746da27195f7814a19
shenzhen_lecturas,Shenzhen,ChinaSet_AllFiles/ClinicalReadings/CHNCXR_0190_0.txt,18,6806a41c8375f0019ce28d6a94bebc06367fbd0ad1893c7021243ea44014eb5d
shenzhen_lecturas,Shenzhen,ChinaSet_AllFiles/ClinicalReadings/CHNCXR_0191_0.txt,18,5dff4846daae00fcf43f5b4b533ee50422f0a1032f7f27a4914e1988b19cb6b9
shenzhen_lecturas,Shenzhen,ChinaSet_AllFiles/ClinicalReadings/CHNCXR_0192_0.txt,18,2cfb6e35917b4996982f23d4b77c4ef0264e590494a65f375bc00101a1164387
shenzhen_lecturas,Shenzhen,ChinaSet_AllFiles/ClinicalReadings/CHNCXR_0193_0.txt,20,7399f6f018a2b17135fbda4b6415af6a3858ca6da74b12c37227f55de6abd03c
shenzhen_lecturas,Shenzhen,ChinaSet_AllFiles/ClinicalReadings/CHNCXR_0194_0.txt,18,1b3258c60d27302819331837c7e615cd0780f05ebff8c86ebd40afe53ec02769
shenzhen_lecturas,Shenzhen,ChinaSet_AllFiles/ClinicalReadings/CHNCXR_0195_0.txt,18,6befa362c3489addfe8ff4430e294d5ad5905ba11acb38a06f0ca36b3ba30437
shenzhen_lecturas,Shenzhen,ChinaSet_AllFiles/ClinicalReadings/CHNCXR_0196_0.txt,18,6befa362c3489addfe8ff4430e294d5ad5905ba11acb38a06f0ca36b3ba30437
shenzhen_lecturas,Shenzhen,ChinaSet_AllFiles/ClinicalReadings/CHNCXR_0197_0.txt,18,812507ae00408cd0346ca7f34bb3a52695e61872b421acc1f01843ff49ef0905
shenzhen_lecturas,Shenzhen,ChinaSet_AllFiles/ClinicalReadings/CHNCXR_0198_0.txt,18,6befa362c3489addfe8ff4430e294d5ad5905ba11acb38a06f0ca36b3ba30437
shenzhen_lecturas,Shenzhen,ChinaSet_AllFiles/ClinicalReadings/CHNCXR_0199_0.txt,20,103dbc31798a4a53c31841ec115fa51556184c905f08cfca822e24125cf069f2
shenzhen_lecturas,Shenzhen,ChinaSet_AllFiles/ClinicalReadings/CHNCXR_0200_0.txt,18,2cfb6e35917b4996982f23d4b77c4ef0264e590494a65f375bc00101a1164387
shenzhen_lecturas,Shenzhen,ChinaSet_AllFiles/ClinicalReadings/CHNCXR_0201_0.txt,20,e16b457f165af790c8e79a68bd2f983e371ffaf44dce7764bbe42f2637d3acce
shenzhen_lecturas,Shenzhen,ChinaSet_AllFiles/ClinicalReadings/CHNCXR_0202_0.txt,21,fd210f633f97aa2aaba5b02cf01b124e16c78f61ce3fc0eb8e0b2ed9b29779d3
shenzhen_lecturas,Shenzhen,ChinaSet_AllFiles/ClinicalReadings/CHNCXR_0203_0.txt,18,d9f18e7075b894f2ba8387c7e3e6a1b48558204b5d235d082aff4966821c9e98
shenzhen_lecturas,Shenzhen,ChinaSet_AllFiles/ClinicalReadings/CHNCXR_0204_0.txt,18,2cfb6e35917b4996982f23d4b77c4ef0264e590494a65f375bc00101a1164387
shenzhen_lecturas,Shenzhen,ChinaSet_AllFiles/ClinicalReadings/CHNCXR_0205_0.txt,16,878c488b51f3a498559e0686ae2d9702a2271ca4595df179758d47d27eb17eae
shenzhen_lecturas,Shenzhen,ChinaSet_AllFiles/ClinicalReadings/CHNCXR_0206_0.txt,17,8b675896d002f65170471b7ea05ca5ac7d0c2d50e8f91076f29b2f3131cc3494
shenzhen_lecturas,Shenzhen,ChinaSet_AllFiles/ClinicalReadings/CHNCXR_0207_0.txt,18,d9f18e7075b894f2ba8387c7e3e6a1b48558204b5d235d082aff4966821c9e98
shenzhen_lecturas,Shenzhen,ChinaSet_AllFiles/ClinicalReadings/CHNCXR_0208_0.txt,20,307842ed908174b55ce6f514ee029c454a3525bea49c4e7ddac760f1ae342162
shenzhen_lecturas,Shenzhen,ChinaSet_AllFiles/ClinicalReadings/CHNCXR_0209_0.txt,18,d9f18e7075b894f2ba8387c7e3e6a1b48558204b5d235d082aff4966821c9e98
shenzhen_lecturas,Shenzhen,ChinaSet_AllFiles/ClinicalReadings/CHNCXR_0210_0.txt,18,e19ac7df800dc3626e7f54704b53591165fabefad51220851541f02a2c7b1438
shenzhen_lecturas,Shenzhen,ChinaSet_AllFiles/ClinicalReadings/CHNCXR_0211_0.txt,18,e19ac7df800dc3626e7f54704b53591165fabefad51220851541f02a2c7b1438
shenzhen_lecturas,Shenzhen,ChinaSet_AllFiles/ClinicalReadings/CHNCXR_0212_0.txt,18,4d83679af9b2adbafb1d3e79c4c8e75f7d654f313a3019cffb259b9baa27262f
shenzhen_lecturas,Shenzhen,ChinaSet_AllFiles/ClinicalReadings/CHNCXR_0213_0.txt,18,71ac1eb28d94880f9b0e432854c4d2e82d728cd7ad1f63fa43e7531f683fcca5
shenzhen_lecturas,Shenzhen,ChinaSet_AllFiles/ClinicalReadings/CHNCXR_0214_0.txt,18,7d383e34afae2f7b8af14a195646f6b4073c022821c353d3759bbda177944385
shenzhen_lecturas,Shenzhen,ChinaSet_AllFiles/ClinicalReadings/CHNCXR_0215_0.txt,17,543b00f8f33720d9393c132806dc8fe88be715481b16596e16029199f7886f67
shenzhen_lecturas,Shenzhen,ChinaSet_AllFiles/ClinicalReadings/CHNCXR_0216_0.txt,18,31515e92a7f9f97e144a3d93b52758411f6e06022f1f14bc36bf29487aa4ebf0
shenzhen_lecturas,Shenzhen,ChinaSet_AllFiles/ClinicalReadings/CHNCXR_0217_0.txt,20,954af80fc707ad92187c46a06f1eaaff7d55d2d5898528a93515c17fec2e3580
shenzhen_lecturas,Shenzhen,ChinaSet_AllFiles/ClinicalReadings/CHNCXR_0218_0.txt,18,2cfb6e35917b4996982f23d4b77c4ef0264e590494a65f375bc00101a1164387
shenzhen_lecturas,Shenzhen,ChinaSet_AllFiles/ClinicalReadings/CHNCXR_0219_0.txt,18,5dff4846daae00fcf43f5b4b533ee50422f0a1032f7f27a4914e1988b19cb6b9
shenzhen_lecturas,Shenzhen,ChinaSet_AllFiles/ClinicalReadings/CHNCXR_0220_0.txt,18,c40537dde3918c999f2aad176501a4e4ce805e9f721ff4a51ae4a218a99a8f9b
shenzhen_lecturas,Shenzhen,ChinaSet_AllFiles/ClinicalReadings/CHNCXR_0221_0.txt,18,e597bfbaa596021a45cc45c2eee4fface39755d644ff118b5407078f7eca52c0
shenzhen_lecturas,Shenzhen,ChinaSet_AllFiles/ClinicalReadings/CHNCXR_0222_0.txt,18,d9f18e7075b894f2ba8387c7e3e6a1b48558204b5d235d082aff4966821c9e98
shenzhen_lecturas,Shenzhen,ChinaSet_AllFiles/ClinicalReadings/CHNCXR_0223_0.txt,18,adf20fb8dda4bddb726b0c7a1bbf2b6712ad242188b39ab67775660719073548
shenzhen_lecturas,Shenzhen,ChinaSet_AllFiles/ClinicalReadings/CHNCXR_0224_0.txt,18,d9f18e7075b894f2ba8387c7e3e6a1b48558204b5d235d082aff4966821c9e98
shenzhen_lecturas,Shenzhen,ChinaSet_AllFiles/ClinicalReadings/CHNCXR_0225_0.txt,18,b2b1c0f3d6c0eafa5140beeadad76f728f96dc3fcf3f62e8a48420df5093c0a2
shenzhen_lecturas,Shenzhen,ChinaSet_AllFiles/ClinicalReadings/CHNCXR_0226_0.txt,18,d9f18e7075b894f2ba8387c7e3e6a1b48558204b5d235d082aff4966821c9e98
shenzhen_lecturas,Shenzhen,ChinaSet_AllFiles/ClinicalReadings/CHNCXR_0227_0.txt,18,0d291b516d6388028e3e3b72728faeeabfba6bd92e9232da5f9789f89db826b8
shenzhen_lecturas,Shenzhen,ChinaSet_AllFiles/ClinicalReadings/CHNCXR_0228_0.txt,16,878c488b51f3a498559e0686ae2d9702a2271ca4595df179758d47d27eb17eae
shenzhen_lecturas,Shenzhen,ChinaSet_AllFiles/ClinicalReadings/CHNCXR_0229_0.txt,20,5f82cd93d417c70b08f7aa5e0eae5d9aaa3f8d545984428333d1937e8fa0ac37
shenzhen_lecturas,Shenzhen,ChinaSet_AllFiles/ClinicalReadings/CHNCXR_0230_0.txt,18,4a0bd6a1ab511d0f38a3479bb6c5c55245ccea5ed5864b52d967d1b8e11a7348
shenzhen_lecturas,Shenzhen,ChinaSet_AllFiles/ClinicalReadings/CHNCXR_0231_0.txt,18,5dff4846daae00fcf43f5b4b533ee50422f0a1032f7f27a4914e1988b19cb6b9
shenzhen_lecturas,Shenzhen,ChinaSet_AllFiles/ClinicalReadings/CHNCXR_0232_0.txt,18,1b3258c60d27302819331837c7e615cd0780f05ebff8c86ebd40afe53ec02769
shenzhen_lecturas,Shenzhen,ChinaSet_AllFiles/ClinicalReadings/CHNCXR_0233_0.txt,18,726a7f93639ee913d2bd5b1f7d7ff775e959e1383843e41fc856f763c09f0b9d
shenzhen_lecturas,Shenzhen,ChinaSet_AllFiles/ClinicalReadings/CHNCXR_0234_0.txt,18,1b3258c60d27302819331837c7e615cd0780f05ebff8c86ebd40afe53ec02769
shenzhen_lecturas,Shenzhen,ChinaSet_AllFiles/ClinicalReadings/CHNCXR_0235_0.txt,20,8a2957e444e00760fac1d8e87bd5e9153e55ef0077e82e274950197c9fc58b3c
shenzhen_lecturas,Shenzhen,ChinaSet_AllFiles/ClinicalReadings/CHNCXR_0236_0.txt,18,2cfb6e35917b4996982f23d4b77c4ef0264e590494a65f375bc00101a1164387
shenzhen_lecturas,Shenzhen,ChinaSet_AllFiles/ClinicalReadings/CHNCXR_0237_0.txt,18,6806a41c8375f0019ce28d6a94bebc06367fbd0ad1893c7021243ea44014eb5d
shenzhen_lecturas,Shenzhen,ChinaSet_AllFiles/ClinicalReadings/CHNCXR_0238_0.txt,18,f3228a44ff5a1890c24e6f572421bcf1701e90735ef2aa36c0df33b51b711205
shenzhen_lecturas,Shenzhen,ChinaSet_AllFiles/ClinicalReadings/CHNCXR_0239_0.txt,18,b2b1c0f3d6c0eafa5140beeadad76f728f96dc3fcf3f62e8a48420df5093c0a2
shenzhen_lecturas,Shenzhen,ChinaSet_AllFiles/ClinicalReadings/CHNCXR_0240_0.txt,18,6befa362c3489addfe8ff4430e294d5ad5905ba11acb38a06f0ca36b3ba30437
shenzhen_lecturas,Shenzhen,ChinaSet_AllFiles/ClinicalReadings/CHNCXR_0241_0.txt,20,b82896fc50081acc95cd866072e958be1d3e01da0f00314d0a44d19957a64f04
shenzhen_lecturas,Shenzhen,ChinaSet_AllFiles/ClinicalReadings/CHNCXR_0242_0.txt,20,5174791cc81658c26534d38f1ced7ac826ea4637c5c5ac3dd349aeec8627914c
shenzhen_lecturas,Shenzhen,ChinaSet_AllFiles/ClinicalReadings/CHNCXR_0243_0.txt,20,47adf24284efeeeade86e2383229112e72fbf9e3f080f0092e7ef6019fe80c96
shenzhen_lecturas,Shenzhen,ChinaSet_AllFiles/ClinicalReadings/CHNCXR_0244_0.txt,20,103dbc31798a4a53c31841ec115fa51556184c905f08cfca822e24125cf069f2
shenzhen_lecturas,Shenzhen,ChinaSet_AllFiles/ClinicalReadings/CHNCXR_0245_0.txt,18,1b3258c60d27302819331837c7e615cd0780f05ebff8c86ebd40afe53ec02769
shenzhen_lecturas,Shenzhen,ChinaSet_AllFiles/ClinicalReadings/CHNCXR_0246_0.txt,18,6114bfe245488b9ef2d6e0a2273be25713c278a91166a1b7993275ad01859721
shenzhen_lecturas,Shenzhen,ChinaSet_AllFiles/ClinicalReadings/CHNCXR_0247_0.txt,20,88a8889e520b41e4187adbc67a801cb769f2bb5a72e07062bb2b8e20429efb2b
shenzhen_lecturas,Shenzhen,ChinaSet_AllFiles/ClinicalReadings/CHNCXR_0248_0.txt,19,24879afc4ccf908e4d710e0ec743d27bdd6af2e8ed39d4954088c759401d4ac5
shenzhen_lecturas,Shenzhen,ChinaSet_AllFiles/ClinicalReadings/CHNCXR_0249_0.txt,18,7d383e34afae2f7b8af14a195646f6b4073c022821c353d3759bbda177944385
shenzhen_lecturas,Shenzhen,ChinaSet_AllFiles/ClinicalReadings/CHNCXR_0250_0.txt,18,6114bfe245488b9ef2d6e0a2273be25713c278a91166a1b7993275ad01859721
shenzhen_lecturas,Shenzhen,ChinaSet_AllFiles/ClinicalReadings/CHNCXR_0251_0.txt,19,781a093b6960dca625e03447ac789f609d0553c28934baa24c016cd44556d07d
shenzhen_lecturas,Shenzhen,ChinaSet_AllFiles/ClinicalReadings/CHNCXR_0252_0.txt,18,d9f18e7075b894f2ba8387c7e3e6a1b48558204b5d235d082aff4966821c9e98
shenzhen_lecturas,Shenzhen,ChinaSet_AllFiles/ClinicalReadings/CHNCXR_0253_0.txt,18,b5485c7199cd2c8f5098c16f172fbb19e46e8e5a4ca00036d4c7641106557ee4
shenzhen_lecturas,Shenzhen,ChinaSet_AllFiles/ClinicalReadings/CHNCXR_0254_0.txt,18,55460f22082b3763233c0fa33303fcbc40a63c61fcb3a558f8d7d4e28016903e
shenzhen_lecturas,Shenzhen,ChinaSet_AllFiles/ClinicalReadings/CHNCXR_0255_0.txt,18,5dff4846daae00fcf43f5b4b533ee50422f0a1032f7f27a4914e1988b19cb6b9
shenzhen_lecturas,Shenzhen,ChinaSet_AllFiles/ClinicalReadings/CHNCXR_0256_0.txt,19,11c499cd5448ac778d59c0ce4ef07ad69457e5a67269ebfe1b50eb8dc5969889
shenzhen_lecturas,Shenzhen,ChinaSet_AllFiles/ClinicalReadings/CHNCXR_0257_0.txt,18,f3228a44ff5a1890c24e6f572421bcf1701e90735ef2aa36c0df33b51b711205
shenzhen_lecturas,Shenzhen,ChinaSet_AllFiles/ClinicalReadings/CHNCXR_0258_0.txt,18,b2b1c0f3d6c0eafa5140beeadad76f728f96dc3fcf3f62e8a48420df5093c0a2
shenzhen_lecturas,Shenzhen,ChinaSet_AllFiles/ClinicalReadings/CHNCXR_0259_0.txt,17,a960f9f4e213b1480dea979f6be969639e536f535f1c4cf561c81374c598ba29
shenzhen_lecturas,Shenzhen,ChinaSet_AllFiles/ClinicalReadings/CHNCXR_0260_0.txt,20,5badc36f93baee2f1269455f7bf78d3cca5f5054bbeded40f399bc28f00444a7
shenzhen_lecturas,Shenzhen,ChinaSet_AllFiles/ClinicalReadings/CHNCXR_0261_0.txt,20,87f37ffe32ed9aeeefbf66e8c8443c89fa2bda2808514f18d4799df6434765e7
shenzhen_lecturas,Shenzhen,ChinaSet_AllFiles/ClinicalReadings/CHNCXR_0262_0.txt,18,812507ae00408cd0346ca7f34bb3a52695e61872b421acc1f01843ff49ef0905
shenzhen_lecturas,Shenzhen,ChinaSet_AllFiles/ClinicalReadings/CHNCXR_0263_0.txt,19,ffa34061a6b35b57ce00efaab4dfe769c6c1ec94155e853e9a62cdafdcb5807c
shenzhen_lecturas,Shenzhen,ChinaSet_AllFiles/ClinicalReadings/CHNCXR_0264_0.txt,20,cbd82aaaa1b78594516cb27bef5b436ebf3ca0f3c4927ef3ef15c941c230606f
shenzhen_lecturas,Shenzhen,ChinaSet_AllFiles/ClinicalReadings/CHNCXR_0265_0.txt,19,d7cb7c6d14c8a9112f087aef5fbfc15bd1e77ce32378d137ea43b978dc1a849f
shenzhen_lecturas,Shenzhen,ChinaSet_AllFiles/ClinicalReadings/CHNCXR_0266_0.txt,18,1b3258c60d27302819331837c7e615cd0780f05ebff8c86ebd40afe53ec02769
shenzhen_lecturas,Shenzhen,ChinaSet_AllFiles/ClinicalReadings/CHNCXR_0267_0.txt,20,b77fe8f66cda5c3ebedc0f79c4ee17e63cc09a64ae1d05423137e672772524b9
shenzhen_lecturas,Shenzhen,ChinaSet_AllFiles/ClinicalReadings/CHNCXR_0268_0.txt,18,5dff4846daae00fcf43f5b4b533ee50422f0a1032f7f27a4914e1988b19cb6b9
shenzhen_lecturas,Shenzhen,ChinaSet_AllFiles/ClinicalReadings/CHNCXR_0269_0.txt,18,7d383e34afae2f7b8af14a195646f6b4073c022821c353d3759bbda177944385
shenzhen_lecturas,Shenzhen,ChinaSet_AllFiles/ClinicalReadings/CHNCXR_0270_0.txt,18,64e60e0582f9ccb2dc6574a7c443cdca337ad7fc7fd67affba16e8b2c5c0ce28
shenzhen_lecturas,Shenzhen,ChinaSet_AllFiles/ClinicalReadings/CHNCXR_0271_0.txt,18,6befa362c3489addfe8ff4430e294d5ad5905ba11acb38a06f0ca36b3ba30437
shenzhen_lecturas,Shenzhen,ChinaSet_AllFiles/ClinicalReadings/CHNCXR_0272_0.txt,20,3a5d6be90cfc5b0f66283c524cf2e69be5aba8fe89eba8efb53b18a8ab2740cb
shenzhen_lecturas,Shenzhen,ChinaSet_AllFiles/ClinicalReadings/CHNCXR_0273_0.txt,17,9abcfeb4b5d3fa29135e9dfa639660e88f77b2b406a7089000ed875e80c64aa4
shenzhen_lecturas,Shenzhen,ChinaSet_AllFiles/ClinicalReadings/CHNCXR_0274_0.txt,20,3566650b19ba98d4cb069acd7f675d32cbe9a0fb94faa74eedf789b506ced4f7
shenzhen_lecturas,Shenzhen,ChinaSet_AllFiles/ClinicalReadings/CHNCXR_0275_0.txt,18,4d83679af9b2adbafb1d3e79c4c8e75f7d654f313a3019cffb259b9baa27262f
shenzhen_lecturas,Shenzhen,ChinaSet_AllFiles/ClinicalReadings/CHNCXR_0276_0.txt,18,68afc38428508a9813b9c7856f1fc2f625b7e97b7b3989b94599b33b0339d7ec
shenzhen_lecturas,Shenzhen,ChinaSet_AllFiles/ClinicalReadings/CHNCXR_0277_0.txt,18,3dd163d8a4b9ae2582432ad0d6705d70f72e2d2d12b9550f3184e405def904d8
shenzhen_lecturas,Shenzhen,ChinaSet_AllFiles/ClinicalReadings/CHNCXR_0278_0.txt,18,b9b0feb34d1d676e75f7675f84c1f9faf855144e4e3ec03d2499bd35e81cc059
shenzhen_lecturas,Shenzhen,ChinaSet_AllFiles/ClinicalReadings/CHNCXR_0279_0.txt,19,03026f3871915237aaa4b4b08000321f5296c0a339b86777f37c11a4157d4eb2
shenzhen_lecturas,Shenzhen,ChinaSet_AllFiles/ClinicalReadings/CHNCXR_0280_0.txt,18,e597bfbaa596021a45cc45c2eee4fface39755d644ff118b5407078f7eca52c0
shenzhen_lecturas,Shenzhen,ChinaSet_AllFiles/ClinicalReadings/CHNCXR_0281_0.txt,18,64e60e0582f9ccb2dc6574a7c443cdca337ad7fc7fd67affba16e8b2c5c0ce28
shenzhen_lecturas,Shenzhen,ChinaSet_AllFiles/ClinicalReadings/CHNCXR_0282_0.txt,18,c74f3bdbadff5422c9619b365506fc6a114f3077d5cd861d0e964f9d7d61b3ef
shenzhen_lecturas,Shenzhen,ChinaSet_AllFiles/ClinicalReadings/CHNCXR_0283_0.txt,18,d9f18e7075b894f2ba8387c7e3e6a1b48558204b5d235d082aff4966821c9e98
shenzhen_lecturas,Shenzhen,ChinaSet_AllFiles/ClinicalReadings/CHNCXR_0284_0.txt,18,a3818d0545b1f31af10441ca0dc95d606c575b301b53206a34de761d3e115ba8
shenzhen_lecturas,Shenzhen,ChinaSet_AllFiles/ClinicalReadings/CHNCXR_0285_0.txt,18,6114bfe245488b9ef2d6e0a2273be25713c278a91166a1b7993275ad01859721
shenzhen_lecturas,Shenzhen,ChinaSet_AllFiles/ClinicalReadings/CHNCXR_0286_0.txt,20,422a2ae4c93c57e6bec794cbe16b6d778d6c784417abae0b7a414a58826a2fcf
shenzhen_lecturas,Shenzhen,ChinaSet_AllFiles/ClinicalReadings/CHNCXR_0287_0.txt,20,f67055024b56536d17757d79153065a132b8f7ff1bddcd299a9284895a6c884c
shenzhen_lecturas,Shenzhen,ChinaSet_AllFiles/ClinicalReadings/CHNCXR_0288_0.txt,18,64e60e0582f9ccb2dc6574a7c443cdca337ad7fc7fd67affba16e8b2c5c0ce28
shenzhen_lecturas,Shenzhen,ChinaSet_AllFiles/ClinicalReadings/CHNCXR_0289_0.txt,20,10fb75772811c0f3814827ec51305269f1e1d6c98d92e55d7b1f621b5261de34
shenzhen_lecturas,Shenzhen,ChinaSet_AllFiles/ClinicalReadings/CHNCXR_0290_0.txt,18,f3228a44ff5a1890c24e6f572421bcf1701e90735ef2aa36c0df33b51b711205
shenzhen_lecturas,Shenzhen,ChinaSet_AllFiles/ClinicalReadings/CHNCXR_0291_0.txt,20,5115f32dc0c7c4641c7d2772c966f3f80dccd97b722455d5c6cd88dd7b0b16b1
shenzhen_lecturas,Shenzhen,ChinaSet_AllFiles/ClinicalReadings/CHNCXR_0292_0.txt,20,954af80fc707ad92187c46a06f1eaaff7d55d2d5898528a93515c17fec2e3580
shenzhen_lecturas,Shenzhen,ChinaSet_AllFiles/ClinicalReadings/CHNCXR_0293_0.txt,18,812507ae00408cd0346ca7f34bb3a52695e61872b421acc1f01843ff49ef0905
shenzhen_lecturas,Shenzhen,ChinaSet_AllFiles/ClinicalReadings/CHNCXR_0294_0.txt,20,307842ed908174b55ce6f514ee029c454a3525bea49c4e7ddac760f1ae342162
shenzhen_lecturas,Shenzhen,ChinaSet_AllFiles/ClinicalReadings/CHNCXR_0295_0.txt,20,f5a59e617b975c16cb399a96b432d9ba352f21887878c04ba69be9ef754b83b8
shenzhen_lecturas,Shenzhen,ChinaSet_AllFiles/ClinicalReadings/CHNCXR_0296_0.txt,20,88a8889e520b41e4187adbc67a801cb769f2bb5a72e07062bb2b8e20429efb2b
shenzhen_lecturas,Shenzhen,ChinaSet_AllFiles/ClinicalReadings/CHNCXR_0297_0.txt,16,878c488b51f3a498559e0686ae2d9702a2271ca4595df179758d47d27eb17eae
shenzhen_lecturas,Shenzhen,ChinaSet_AllFiles/ClinicalReadings/CHNCXR_0298_0.txt,18,673e0635c62e1255ad36fb2725c5db1df5528beea1667ea992bb0da9f244b56d
shenzhen_lecturas,Shenzhen,ChinaSet_AllFiles/ClinicalReadings/CHNCXR_0299_0.txt,19,11c499cd5448ac778d59c0ce4ef07ad69457e5a67269ebfe1b50eb8dc5969889
shenzhen_lecturas,Shenzhen,ChinaSet_AllFiles/ClinicalReadings/CHNCXR_0300_0.txt,18,812507ae00408cd0346ca7f34bb3a52695e61872b421acc1f01843ff49ef0905
shenzhen_lecturas,Shenzhen,ChinaSet_AllFiles/ClinicalReadings/CHNCXR_0301_0.txt,20,b68a4230c12e4e89119fadb7776f2021cfe6028306e951a359ffeb2670783f28
shenzhen_lecturas,Shenzhen,ChinaSet_AllFiles/ClinicalReadings/CHNCXR_0302_0.txt,20,954af80fc707ad92187c46a06f1eaaff7d55d2d5898528a93515c17fec2e3580
shenzhen_lecturas,Shenzhen,ChinaSet_AllFiles/ClinicalReadings/CHNCXR_0303_0.txt,17,8b675896d002f65170471b7ea05ca5ac7d0c2d50e8f91076f29b2f3131cc3494
shenzhen_lecturas,Shenzhen,ChinaSet_AllFiles/ClinicalReadings/CHNCXR_0304_0.txt,18,917f4f7b8ed448e0f827561a8c7e282b475392c366d923fc16c936f56568ece5
shenzhen_lecturas,Shenzhen,ChinaSet_AllFiles/ClinicalReadings/CHNCXR_0305_0.txt,18,2cfb6e35917b4996982f23d4b77c4ef0264e590494a65f375bc00101a1164387
shenzhen_lecturas,Shenzhen,ChinaSet_AllFiles/ClinicalReadings/CHNCXR_0306_0.txt,18,da71397ceff3f9d9f0d8ef622c274c44cad1c2bba6cefe8939483015495094cf
shenzhen_lecturas,Shenzhen,ChinaSet_AllFiles/ClinicalReadings/CHNCXR_0307_0.txt,20,d5f7ab4a454c76a1e63ac0c20a18aa9769b2a61dcfa1d526fd8b165117f76718
shenzhen_lecturas,Shenzhen,ChinaSet_AllFiles/ClinicalReadings/CHNCXR_0308_0.txt,18,4d83679af9b2adbafb1d3e79c4c8e75f7d654f313a3019cffb259b9baa27262f
shenzhen_lecturas,Shenzhen,ChinaSet_AllFiles/ClinicalReadings/CHNCXR_0309_0.txt,20,cbd82aaaa1b78594516cb27bef5b436ebf3ca0f3c4927ef3ef15c941c230606f
shenzhen_lecturas,Shenzhen,ChinaSet_AllFiles/ClinicalReadings/CHNCXR_0310_0.txt,20,e045131f28833b9aac6229cb7b4623062ad1be41258809e44114af6f3bf3aa55
shenzhen_lecturas,Shenzhen,ChinaSet_AllFiles/ClinicalReadings/CHNCXR_0311_0.txt,17,3f3f300e48a8de8ca86bfa5a8d2f7acf89dc4d43a7d37b834aec5cb282e4fbe8
shenzhen_lecturas,Shenzhen,ChinaSet_AllFiles/ClinicalReadings/CHNCXR_0312_0.txt,20,78703e04669d50587fb2a63e9a15b5405b2d5bea008589b0bf17ae683525017d
shenzhen_lecturas,Shenzhen,ChinaSet_AllFiles/ClinicalReadings/CHNCXR_0313_0.txt,17,f010bc92033b0d88c8aac3b46c2f9788f1b714525b85a64def6c33f4f4b4924b
shenzhen_lecturas,Shenzhen,ChinaSet_AllFiles/ClinicalReadings/CHNCXR_0314_0.txt,18,b2b1c0f3d6c0eafa5140beeadad76f728f96dc3fcf3f62e8a48420df5093c0a2
shenzhen_lecturas,Shenzhen,ChinaSet_AllFiles/ClinicalReadings/CHNCXR_0315_0.txt,18,b2b1c0f3d6c0eafa5140beeadad76f728f96dc3fcf3f62e8a48420df5093c0a2
shenzhen_lecturas,Shenzhen,ChinaSet_AllFiles/ClinicalReadings/CHNCXR_0316_0.txt,20,a6c6c3b09cbf15dbd0bb224adf367882c428ceb02a672f7ed6501c28d800db26
shenzhen_lecturas,Shenzhen,ChinaSet_AllFiles/ClinicalReadings/CHNCXR_0317_0.txt,18,b2b1c0f3d6c0eafa5140beeadad76f728f96dc3fcf3f62e8a48420df5093c0a2
shenzhen_lecturas,Shenzhen,ChinaSet_AllFiles/ClinicalReadings/CHNCXR_0318_0.txt,18,d9f18e7075b894f2ba8387c7e3e6a1b48558204b5d235d082aff4966821c9e98
shenzhen_lecturas,Shenzhen,ChinaSet_AllFiles/ClinicalReadings/CHNCXR_0319_0.txt,20,12488e86cac89529212b0acb58aeacca63153d61b4d340621fca29b95f6f0b41
shenzhen_lecturas,Shenzhen,ChinaSet_AllFiles/ClinicalReadings/CHNCXR_0320_0.txt,18,0bdadc63de42cc65ce6d7be98fbe432458db84a897c9932f26899bb94f927c92
shenzhen_lecturas,Shenzhen,ChinaSet_AllFiles/ClinicalReadings/CHNCXR_0321_0.txt,18,b2b1c0f3d6c0eafa5140beeadad76f728f96dc3fcf3f62e8a48420df5093c0a2
shenzhen_lecturas,Shenzhen,ChinaSet_AllFiles/ClinicalReadings/CHNCXR_0322_0.txt,18,0bdadc63de42cc65ce6d7be98fbe432458db84a897c9932f26899bb94f927c92
shenzhen_lecturas,Shenzhen,ChinaSet_AllFiles/ClinicalReadings/CHNCXR_0323_0.txt,18,64e60e0582f9ccb2dc6574a7c443cdca337ad7fc7fd67affba16e8b2c5c0ce28
shenzhen_lecturas,Shenzhen,ChinaSet_AllFiles/ClinicalReadings/CHNCXR_0324_0.txt,19,b467b245d40e3ea2fcac037d4b987c47172a23279b4812978370c9648895ec20
shenzhen_lecturas,Shenzhen,ChinaSet_AllFiles/ClinicalReadings/CHNCXR_0325_0.txt,19,a99471ce415c57fa504b5caf61e172602ddba9354a4d4128e197e3690d0e2847
shenzhen_lecturas,Shenzhen,ChinaSet_AllFiles/ClinicalReadings/CHNCXR_0326_0.txt,20,87d3b648e27ff75a307ed828cf02b4d67ddb2e7162601709ea3fd12251a52edc
shenzhen_lecturas,Shenzhen,ChinaSet_AllFiles/ClinicalReadings/CHNCXR_0327_1.txt,15,7c486dc9e9bad5a73a93bf904814b94833726ef2e5e44170bff7bb2f87b678a9
shenzhen_lecturas,Shenzhen,ChinaSet_AllFiles/ClinicalReadings/CHNCXR_0328_1.txt,23,dcddfb2d0a1c10cfade64ba3fc7cb404a82d7dc2f645ad13bd750f3301f75698
shenzhen_lecturas,Shenzhen,ChinaSet_AllFiles/ClinicalReadings/CHNCXR_0329_1.txt,16,febc61e8b475f8054e41f11d8d55b6a789c69a7e3b3f3453971d79c2fb32c8b5
shenzhen_lecturas,Shenzhen,ChinaSet_AllFiles/ClinicalReadings/CHNCXR_0330_1.txt,44,968270e323a708f6ccba4f98b56187ef1ac38b7858a4d97d29b63302cdb4af65
shenzhen_lecturas,Shenzhen,ChinaSet_AllFiles/ClinicalReadings/CHNCXR_0331_1.txt,49,bbded72400152a160f97136687d862201e870be64f2f5a51a0c7eb4a8a3f346e
shenzhen_lecturas,Shenzhen,ChinaSet_AllFiles/ClinicalReadings/CHNCXR_0332_1.txt,15,32b398da830b7778e910b586be9d91615eb4db87bd7d41e3263810e1d1107d9f
shenzhen_lecturas,Shenzhen,ChinaSet_AllFiles/ClinicalReadings/CHNCXR_0333_1.txt,15,63e40d4f9e7b849df88480f867f4a463343eaaf755b6b576c07a7a943aca2548
shenzhen_lecturas,Shenzhen,ChinaSet_AllFiles/ClinicalReadings/CHNCXR_0334_1.txt,21,6200021103ebf79fdfb1cfa516e87cb23119a362426724f41f81c2dc7084d60f
shenzhen_lecturas,Shenzhen,ChinaSet_AllFiles/ClinicalReadings/CHNCXR_0335_1.txt,21,59484ab43abefa61da975626a8c066b9bc9ba2c33ebd3f7907e4e50d51cccd24
shenzhen_lecturas,Shenzhen,ChinaSet_AllFiles/ClinicalReadings/CHNCXR_0336_1.txt,15,86133ec32c09f0fb57b2384589443c125f922a2cfc5bd316c2f8b4b0c2d6f93e
shenzhen_lecturas,Shenzhen,ChinaSet_AllFiles/ClinicalReadings/CHNCXR_0337_1.txt,15,19033c27437fd963314df9f94ed0c4867c3e749938f6765ccbe0d665a1fbf2e8
shenzhen_lecturas,Shenzhen,ChinaSet_AllFiles/ClinicalReadings/CHNCXR_0338_1.txt,20,93785a693e155228cefe7152aff601c07a4aefbc28cf8f5a8b7d5780dc4d36be
shenzhen_lecturas,Shenzhen,ChinaSet_AllFiles/ClinicalReadings/CHNCXR_0339_1.txt,20,97d5eb0e1378ab0d89e1da5adee36add5666a0160d2b24beb39048ff67f0d20c
shenzhen_lecturas,Shenzhen,ChinaSet_AllFiles/ClinicalReadings/CHNCXR_0340_1.txt,15,3c99500745f42f7d88e4592b6bcf4f18605dcb88d5f02f218a190c6c100387cf
shenzhen_lecturas,Shenzhen,ChinaSet_AllFiles/ClinicalReadings/CHNCXR_0341_1.txt,17,60fdbcffa419671d5ddd680b33502969654d1b6979a7f6c44c0b4f67fb680296
shenzhen_lecturas,Shenzhen,ChinaSet_AllFiles/ClinicalReadings/CHNCXR_0342_1.txt,21,d473ab29f5a7c455babf1e6ab24309241e15da905fcd24d4930b8cedc16e054a
shenzhen_lecturas,Shenzhen,ChinaSet_AllFiles/ClinicalReadings/CHNCXR_0343_1.txt,21,fc773dc22e4e1e9e0dc871aba8b7b723495f1f7e910fe30e9b160309f2c01797
shenzhen_lecturas,Shenzhen,ChinaSet_AllFiles/ClinicalReadings/CHNCXR_0344_1.txt,22,983bee334a1f6c136711df2edeae5b0fe2e60a4bbe6714845adb8996c1554ae2
shenzhen_lecturas,Shenzhen,ChinaSet_AllFiles/ClinicalReadings/CHNCXR_0345_1.txt,15,4d6dc2d32e64d8d8720331f4ea1794d429094edc361a1f493fec40746daa470f
shenzhen_lecturas,Shenzhen,ChinaSet_AllFiles/ClinicalReadings/CHNCXR_0346_1.txt,41,f98d7f88c7f3c192e25aa89d789129b4e6729c7106c67e436a18c57e5f716d0e
shenzhen_lecturas,Shenzhen,ChinaSet_AllFiles/ClinicalReadings/CHNCXR_0347_1.txt,43,2cf4684a46b2ed4b9c4374cdd885172391a35d7470022d56ae6a07bac7d78e9f
shenzhen_lecturas,Shenzhen,ChinaSet_AllFiles/ClinicalReadings/CHNCXR_0348_1.txt,84,83ff5739b6e6e814465515d4e0a7c7641ef04344834e983169d68fb75703b24d
shenzhen_lecturas,Shenzhen,ChinaSet_AllFiles/ClinicalReadings/CHNCXR_0349_1.txt,67,cd2370bfb6f7f039b8b9f044254f6d150b367082c0f3671bf8e65d184cc0c036
shenzhen_lecturas,Shenzhen,ChinaSet_AllFiles/ClinicalReadings/CHNCXR_0350_1.txt,43,64e7f2cd4d8a6a413466c96cf343b7eeb46b7a19f9336076a5540b8c1a1bfb23
shenzhen_lecturas,Shenzhen,ChinaSet_AllFiles/ClinicalReadings/CHNCXR_0351_1.txt,54,45e04d820c6767945ff05da9a21da58839c14e407a4146951bcee662fa35c79f
shenzhen_lecturas,Shenzhen,ChinaSet_AllFiles/ClinicalReadings/CHNCXR_0352_1.txt,58,55a2c0e694b9944d1962b5e9811f920f8e1f271454e49a5f86c29254a0fb9ac4
shenzhen_lecturas,Shenzhen,ChinaSet_AllFiles/ClinicalReadings/CHNCXR_0353_1.txt,45,0f37c8e829f51c8104638ea8c89df875371b10d3dfb539e8c9faefa4431fb4fb
shenzhen_lecturas,Shenzhen,ChinaSet_AllFiles/ClinicalReadings/CHNCXR_0354_1.txt,44,bf0f599b4c534e96c1dfbdc64f8152005255e6573883e9d04f51f4c04609a515
shenzhen_lecturas,Shenzhen,ChinaSet_AllFiles/ClinicalReadings/CHNCXR_0355_1.txt,29,b94ed5fd8c5ad8374ebc88d8d39d26ac2e9fa55774b434b70f78934d21c2f317
shenzhen_lecturas,Shenzhen,ChinaSet_AllFiles/ClinicalReadings/CHNCXR_0356_1.txt,31,9d45305bbda1aa52a2fd84d1afc3dbfbc96741b273b9006bdbad4611a38197cd
shenzhen_lecturas,Shenzhen,ChinaSet_AllFiles/ClinicalReadings/CHNCXR_0357_1.txt,43,4966a6563ec1913f0ae99cba9bb297c55d6901b15242f8a3fa5275552dce6f22
shenzhen_lecturas,Shenzhen,ChinaSet_AllFiles/ClinicalReadings/CHNCXR_0358_1.txt,57,42105636fbfafd61e495e6a1222d941c77e4187d78e3d54e7f13050ce6125ee4
shenzhen_lecturas,Shenzhen,ChinaSet_AllFiles/ClinicalReadings/CHNCXR_0359_1.txt,59,ac4e5e4dedb7ef10fa608d1d7f2ad1bc9deb33c755ec8e884795e63ad1387356
shenzhen_lecturas,Shenzhen,ChinaSet_AllFiles/ClinicalReadings/CHNCXR_0360_1.txt,43,088b066b2c9689f43b4ec0f83b0fdc6c332af78db4145e8cf6f6e248f52d2186
shenzhen_lecturas,Shenzhen,ChinaSet_AllFiles/ClinicalReadings/CHNCXR_0361_1.txt,80,a958a363ae228c8f1316ee8a9e7345b983ec21e2c92449bbc53266b197d84df5
shenzhen_lecturas,Shenzhen,ChinaSet_AllFiles/ClinicalReadings/CHNCXR_0362_1.txt,44,fe2263d51be8f6e735fa654f69ea8d3412bc71be587a980ffbd5640533d7003a
shenzhen_lecturas,Shenzhen,ChinaSet_AllFiles/ClinicalReadings/CHNCXR_0363_1.txt,57,788c512e540f53a60f0ee6ad1a65a9e1faf4ddb1365f98b20a7fa377c68a4dec
shenzhen_lecturas,Shenzhen,ChinaSet_AllFiles/ClinicalReadings/CHNCXR_0364_1.txt,25,bbdef47590db334c289c7e4ef67094748426b30e8a09fae7be49258867f23afb
shenzhen_lecturas,Shenzhen,ChinaSet_AllFiles/ClinicalReadings/CHNCXR_0365_1.txt,52,5d340708a96cfc37b23530add5ac4820258c13f9d34df249b5c89e0fc88837d2
shenzhen_lecturas,Shenzhen,ChinaSet_AllFiles/ClinicalReadings/CHNCXR_0366_1.txt,59,33afb6d6a0593998d5dfe4cb27a4148308b0ca4a5fbffa97f60b3503ec6759ec
shenzhen_lecturas,Shenzhen,ChinaSet_AllFiles/ClinicalReadings/CHNCXR_0367_1.txt,48,13c725c9d591dd62f09d81108fcf3edf68c308fca53b6a4956a285c918d0e359
shenzhen_lecturas,Shenzhen,ChinaSet_AllFiles/ClinicalReadings/CHNCXR_0368_1.txt,46,2097d85556481fce4f640b7181a4697a39644180e5f36cfb6107df86ea3de391
shenzhen_lecturas,Shenzhen,ChinaSet_AllFiles/ClinicalReadings/CHNCXR_0369_1.txt,32,d4506d19b44616f2849c2dd8625618fde03f6254c78c6f3cc2e9774e9ce65925
shenzhen_lecturas,Shenzhen,ChinaSet_AllFiles/ClinicalReadings/CHNCXR_0370_1.txt,58,e38ee4c5e0b989364dc2be839ba778a0aca62769c89c5b3667b129454d4afc15
shenzhen_lecturas,Shenzhen,ChinaSet_AllFiles/ClinicalReadings/CHNCXR_0371_1.txt,45,0e7746ecc889d34ce9257f0d5cc326d0227855433bf72217c14bfe0641bd4006
shenzhen_lecturas,Shenzhen,ChinaSet_AllFiles/ClinicalReadings/CHNCXR_0372_1.txt,25,1f8de911a171f9090655954c72c73639325dbf1918eab6b02db459ddbb49bb9a
shenzhen_lecturas,Shenzhen,ChinaSet_AllFiles/ClinicalReadings/CHNCXR_0373_1.txt,45,b34ba6876156e5ed50999ca08cc8e5ff184e675f3055f30375817261a31d9eae
shenzhen_lecturas,Shenzhen,ChinaSet_AllFiles/ClinicalReadings/CHNCXR_0374_1.txt,45,40b65201d7ae37b3cfc83afd81eabe44ef61fdd69c86b4420b14799de3e00b09
shenzhen_lecturas,Shenzhen,ChinaSet_AllFiles/ClinicalReadings/CHNCXR_0375_1.txt,24,41c914a56354d4694cdf35b6f6c61017d2b256b74644c2098ed4a882df4f313f
shenzhen_lecturas,Shenzhen,ChinaSet_AllFiles/ClinicalReadings/CHNCXR_0376_1.txt,25,29a6fae741595a449392eb923698531a4268ec1ea64408a9ef5ad37a43365f8b
shenzhen_lecturas,Shenzhen,ChinaSet_AllFiles/ClinicalReadings/CHNCXR_0377_1.txt,48,4904b8f0050b20dd2dfb112ebbeb1334d4c6c6315092ec960a569572a4019bc0
shenzhen_lecturas,Shenzhen,ChinaSet_AllFiles/ClinicalReadings/CHNCXR_0378_1.txt,25,47d5dbbec340dd5d7d11aedef179df00a3a308f96dcf475bac131ea519762d06
shenzhen_lecturas,Shenzhen,ChinaSet_AllFiles/ClinicalReadings/CHNCXR_0379_1.txt,50,ee96507d5cce6fafc78bb91e11edb8b80e16ee3bf1d84314f5b79f87e002ff19
shenzhen_lecturas,Shenzhen,ChinaSet_AllFiles/ClinicalReadings/CHNCXR_0380_1.txt,40,db08af8f6dec112d156b701ab9a7332f3c1476f35c2e487cd359b5a9d7ac4450
shenzhen_lecturas,Shenzhen,ChinaSet_AllFiles/ClinicalReadings/CHNCXR_0381_1.txt,38,e2af1c4d6ea3663bdd6d5564dccd68bcf0660b307daf7acb1c8ab6b09e4b113c
shenzhen_lecturas,Shenzhen,ChinaSet_AllFiles/ClinicalReadings/CHNCXR_0382_1.txt,29,56441825afef6c9dda9f96bb301b8333816315c1aee822b9f3adcb72fbc7822a
shenzhen_lecturas,Shenzhen,ChinaSet_AllFiles/ClinicalReadings/CHNCXR_0383_1.txt,29,2ac8ee832476868ed8fe257a0eaeb9edb30ddae07d8e613ea701f35398a06222
shenzhen_lecturas,Shenzhen,ChinaSet_AllFiles/ClinicalReadings/CHNCXR_0384_1.txt,31,0268f3fecd959e601c178effcf8c4c12f3d23301731b5db91cbe06ad1278373e
shenzhen_lecturas,Shenzhen,ChinaSet_AllFiles/ClinicalReadings/CHNCXR_0385_1.txt,25,b2e84dd5007855655d0b09842b77be170fed1f69d2c655ec10c41fd5ff547765
shenzhen_lecturas,Shenzhen,ChinaSet_AllFiles/ClinicalReadings/CHNCXR_0386_1.txt,61,4b0e69cada48fcbdfaa48778228218db80ed41383d3c3cf23146ff3c934a2cb6
shenzhen_lecturas,Shenzhen,ChinaSet_AllFiles/ClinicalReadings/CHNCXR_0387_1.txt,25,f8638248bfbe0401c7861088ab3cd39722eca37d154c3eb85429a44497f7b212
shenzhen_lecturas,Shenzhen,ChinaSet_AllFiles/ClinicalReadings/CHNCXR_0388_1.txt,29,49e8a4f3334790bf2114684e32b46a4d09ff8b5f7ecacce0346c268f33275ea3
shenzhen_lecturas,Shenzhen,ChinaSet_AllFiles/ClinicalReadings/CHNCXR_0389_1.txt,83,446dcd41dcc798cad96ca75b88196d5ac00724eca76637a9b39f06e460515ad1
shenzhen_lecturas,Shenzhen,ChinaSet_AllFiles/ClinicalReadings/CHNCXR_0390_1.txt,25,a3d29077f3121681527d0cc31d28dd5e5c4f2b27b95c9f79a89dc387bdbafd78
shenzhen_lecturas,Shenzhen,ChinaSet_AllFiles/ClinicalReadings/CHNCXR_0391_1.txt,39,09f23658ba8a416b587ccb01cd1a912f85b6c4cc91b5af93bf3b56e91ecb4de2
shenzhen_lecturas,Shenzhen,ChinaSet_AllFiles/ClinicalReadings/CHNCXR_0392_1.txt,25,ffb00158cd6bf1e272dbdd8c686fa7f9c4cb08236540ff9466eb0cb4999868b1
shenzhen_lecturas,Shenzhen,ChinaSet_AllFiles/ClinicalReadings/CHNCXR_0393_1.txt,74,a5792293625e44022f4481718bda366334380065c06ca25fd55d8ff7ec8c6525
shenzhen_lecturas,Shenzhen,ChinaSet_AllFiles/ClinicalReadings/CHNCXR_0394_1.txt,31,fabbf0375df0d94d89e66edc5dd0f629827dc41a460e3996b9ae9c181f742f38
shenzhen_lecturas,Shenzhen,ChinaSet_AllFiles/ClinicalReadings/CHNCXR_0395_1.txt,45,75d60baab0587e94912742fb568044f698053a81b84ed20690987e011e4d4f95
shenzhen_lecturas,Shenzhen,ChinaSet_AllFiles/ClinicalReadings/CHNCXR_0396_1.txt,31,86ce6f3c9c378baf29c9f2263664adc547d8b4e5e8b35b1adb5b100cb434c0f0
shenzhen_lecturas,Shenzhen,ChinaSet_AllFiles/ClinicalReadings/CHNCXR_0397_1.txt,46,a9e4bab7ba1b1d506f213dd480da3d6c9cb441c91e82197de5015896eaf47c7c
shenzhen_lecturas,Shenzhen,ChinaSet_AllFiles/ClinicalReadings/CHNCXR_0398_1.txt,46,5c42552a9fa09bf7a33bf8d2ff2055f5758f8d7074e6ff71f6f686387021c288
shenzhen_lecturas,Shenzhen,ChinaSet_AllFiles/ClinicalReadings/CHNCXR_0399_1.txt,48,e8afea5e8fddaa04dd871bbfa9dcb6c3eda7b2ebc8f22aeccb3152e2a5b2cae0
shenzhen_lecturas,Shenzhen,ChinaSet_AllFiles/ClinicalReadings/CHNCXR_0400_1.txt,54,3797dc03f1842e1977e41f91067ade9596bbeed8777a50abdd42ca78db102765
shenzhen_lecturas,Shenzhen,ChinaSet_AllFiles/ClinicalReadings/CHNCXR_0401_1.txt,31,0b70398a9e173a0257e75b423ff549a3517b7521936827731cff69591fd01e9b
shenzhen_lecturas,Shenzhen,ChinaSet_AllFiles/ClinicalReadings/CHNCXR_0402_1.txt,46,88c800565c8a6a59f9818d5f67dd8332ab006d0501bf528afe9478abf6aefd0d
shenzhen_lecturas,Shenzhen,ChinaSet_AllFiles/ClinicalReadings/CHNCXR_0403_1.txt,61,2b8eb894439c1fb78b99a6601868e041e9447d7ed915cfa0c91e607301f6ec3c
shenzhen_lecturas,Shenzhen,ChinaSet_AllFiles/ClinicalReadings/CHNCXR_0404_1.txt,48,d9ddad361aff297ac02861adfd13d032262e5dc314818d3e83a538419a0b6259
shenzhen_lecturas,Shenzhen,ChinaSet_AllFiles/ClinicalReadings/CHNCXR_0405_1.txt,43,57c7f45c6b146ec1830d5b8e89a55bc7e286f6722451be17934f41f0e43ebe8e
shenzhen_lecturas,Shenzhen,ChinaSet_AllFiles/ClinicalReadings/CHNCXR_0406_1.txt,31,0268f3fecd959e601c178effcf8c4c12f3d23301731b5db91cbe06ad1278373e
shenzhen_lecturas,Shenzhen,ChinaSet_AllFiles/ClinicalReadings/CHNCXR_0407_1.txt,46,b594342f7386c957c9d0485606f8b29eb033c3e2e91f6ea50f8c827cc33651a0
shenzhen_lecturas,Shenzhen,ChinaSet_AllFiles/ClinicalReadings/CHNCXR_0408_1.txt,74,ce052b3e2902fd791acbeadd7bbe11ebd9c682adc5fcd2e0c8c1c2381546d5bb
shenzhen_lecturas,Shenzhen,ChinaSet_AllFiles/ClinicalReadings/CHNCXR_0409_1.txt,50,96da2695da43b9cc44ca32af2def6054fcd2919db121f4bd0b47dc63bbb5bc04
shenzhen_lecturas,Shenzhen,ChinaSet_AllFiles/ClinicalReadings/CHNCXR_0410_1.txt,62,d8a5d3ca410ac170b5002ad143def5a70732c147f60b0923496ece74fb311631
shenzhen_lecturas,Shenzhen,ChinaSet_AllFiles/ClinicalReadings/CHNCXR_0411_1.txt,34,db9ec8e3170955da700d5c894ace6ed9a29667a0f162be02b918af9db05e9dd0
shenzhen_lecturas,Shenzhen,ChinaSet_AllFiles/ClinicalReadings/CHNCXR_0412_1.txt,57,42105636fbfafd61e495e6a1222d941c77e4187d78e3d54e7f13050ce6125ee4
shenzhen_lecturas,Shenzhen,ChinaSet_AllFiles/ClinicalReadings/CHNCXR_0413_1.txt,46,f84f067c51b186a894ee053a953bd782af25606bd50c04e00f19cf9782afb553
shenzhen_lecturas,Shenzhen,ChinaSet_AllFiles/ClinicalReadings/CHNCXR_0414_1.txt,25,a82f505fa6fb21544310bb67f0d801feaf663ffedcfa453238d69ec4ec48c1d4
shenzhen_lecturas,Shenzhen,ChinaSet_AllFiles/ClinicalReadings/CHNCXR_0415_1.txt,44,4ca95b868bb2fe0db039d66c29d56c6fdb2be3d2f245d04893534238f7cc000e
shenzhen_lecturas,Shenzhen,ChinaSet_AllFiles/ClinicalReadings/CHNCXR_0416_1.txt,46,352d6266e45c4f1d7f74820b36eb2f4e813936c75015b978394439c3aa0eb94f
shenzhen_lecturas,Shenzhen,ChinaSet_AllFiles/ClinicalReadings/CHNCXR_0417_1.txt,49,e80111fbe672693f2608569c844f7367072a7e3353f6822adc20de07464a82c4
shenzhen_lecturas,Shenzhen,ChinaSet_AllFiles/ClinicalReadings/CHNCXR_0418_1.txt,44,390091eb12c5acde7fd9adb410c98ad822596424c33a12339944bee4b17f18cc
shenzhen_lecturas,Shenzhen,ChinaSet_AllFiles/ClinicalReadings/CHNCXR_0419_1.txt,61,35040362f4082e42233d855778e7ac98552ad0ef9f2f3368c052b46ef4093ec8
shenzhen_lecturas,Shenzhen,ChinaSet_AllFiles/ClinicalReadings/CHNCXR_0420_1.txt,54,5d617d25b752ae0b3ef638110e3d798cdfd064027049dd67b473ebba6224ae8d
shenzhen_lecturas,Shenzhen,ChinaSet_AllFiles/ClinicalReadings/CHNCXR_0421_1.txt,45,269d8ed9423528cc0afb32fe6ec565d7ad74a614874b6067c364f60271d6f4de
shenzhen_lecturas,Shenzhen,ChinaSet_AllFiles/ClinicalReadings/CHNCXR_0422_1.txt,48,6822279ef5b9c27f29a813887fc7668ddf052e706c5286d07732ae46ada1dad7
shenzhen_lecturas,Shenzhen,ChinaSet_AllFiles/ClinicalReadings/CHNCXR_0423_1.txt,41,f5bd8a9a18c5961bd8e0a38c82ad4dcffa84af3c64405e59eefaba62ee66c260
shenzhen_lecturas,Shenzhen,ChinaSet_AllFiles/ClinicalReadings/CHNCXR_0424_1.txt,77,70095f4b9a4cda73db36bbb6b74aca648f848e6dabd5c3f179c19b66ab197ef1
shenzhen_lecturas,Shenzhen,ChinaSet_AllFiles/ClinicalReadings/CHNCXR_0425_1.txt,41,8d2ebbf061d2e8faac92b0c8a139f9a1fc29bce2cdcd1fb7b0c92114141b1577
shenzhen_lecturas,Shenzhen,ChinaSet_AllFiles/ClinicalReadings/CHNCXR_0426_1.txt,44,8f8be24450f35cddd7d170678043532deb6a55966ce31ec7d13e31766f3c4cc4
shenzhen_lecturas,Shenzhen,ChinaSet_AllFiles/ClinicalReadings/CHNCXR_0427_1.txt,55,ffd15594cab4a106e4bb43a2675eca5644870cbc8bf054d5c36f41390b871c85
shenzhen_lecturas,Shenzhen,ChinaSet_AllFiles/ClinicalReadings/CHNCXR_0428_1.txt,58,7704b5a696b8fe93fcd0559d77915184803505ac99c857f89186cdd52eeb95a8
shenzhen_lecturas,Shenzhen,ChinaSet_AllFiles/ClinicalReadings/CHNCXR_0429_1.txt,61,7b93d8b04f7724d554aa885df769e17b7cc27591ac103676dbf61d389047cb18
shenzhen_lecturas,Shenzhen,ChinaSet_AllFiles/ClinicalReadings/CHNCXR_0430_1.txt,46,c695f04795752eed9772ef4e3b12a3062b51c05131297d54228719765509a9b7
shenzhen_lecturas,Shenzhen,ChinaSet_AllFiles/ClinicalReadings/CHNCXR_0431_1.txt,29,7b928f4d562faecb10e053a03a35c51f0f254d864847effb159e877119438352
shenzhen_lecturas,Shenzhen,ChinaSet_AllFiles/ClinicalReadings/CHNCXR_0432_1.txt,41,8f9880a1f203722acbb03928e58fceb077f756b21507dd41cd79aa9afe216078
shenzhen_lecturas,Shenzhen,ChinaSet_AllFiles/ClinicalReadings/CHNCXR_0433_1.txt,25,22cf8801eba837261f804264e5522331dfbbff640b013f22b443c3969ae20faf
shenzhen_lecturas,Shenzhen,ChinaSet_AllFiles/ClinicalReadings/CHNCXR_0434_1.txt,54,7492de7504c0d95dee1e91980999fadad4288f0e59707403cf5f6e197e4bb760
shenzhen_lecturas,Shenzhen,ChinaSet_AllFiles/ClinicalReadings/CHNCXR_0435_1.txt,45,b10288a8bf3951b0cca800abe6b106e2262eec3b87de88b0d464d93d9098e665
shenzhen_lecturas,Shenzhen,ChinaSet_AllFiles/ClinicalReadings/CHNCXR_0436_1.txt,31,d6fc596c434fa8cab8185cf9f8297413146aee4dcb5ead96fd1b0af39d626d2f
shenzhen_lecturas,Shenzhen,ChinaSet_AllFiles/ClinicalReadings/CHNCXR_0437_1.txt,45,d54c650c8fe987eb1fcf1f84ef3e53bce68fb972f49e2c29c998db28a4148814
shenzhen_lecturas,Shenzhen,ChinaSet_AllFiles/ClinicalReadings/CHNCXR_0438_1.txt,24,5f85168476c42a5fa1840acc30fca8c9a42527237de74441861c5394bdd1d76a
shenzhen_lecturas,Shenzhen,ChinaSet_AllFiles/ClinicalReadings/CHNCXR_0439_1.txt,29,39876636335638a1396776e1723caf8b3e7aa274f65c55430151803c546fab30
shenzhen_lecturas,Shenzhen,ChinaSet_AllFiles/ClinicalReadings/CHNCXR_0440_1.txt,33,cf82b55d233b23a665e2a51581a2724e250469488c24a57673aa7f83c1c9746a
shenzhen_lecturas,Shenzhen,ChinaSet_AllFiles/ClinicalReadings/CHNCXR_0441_1.txt,45,0fc405a09a0ad0013f805b0933221aa991a3ed56997d2fd74aa3d6db038f2376
shenzhen_lecturas,Shenzhen,ChinaSet_AllFiles/ClinicalReadings/CHNCXR_0442_1.txt,31,bda187fe85d85f60b21ea5f260f0a3c2f7487458f30da1f37040bf3812cd62c6
shenzhen_lecturas,Shenzhen,ChinaSet_AllFiles/ClinicalReadings/CHNCXR_0443_1.txt,32,e302f3efeb9b854347cf284785b6f69d408ae9c4a434385a298cda4fe262a598
shenzhen_lecturas,Shenzhen,ChinaSet_AllFiles/ClinicalReadings/CHNCXR_0444_1.txt,24,9fb85c7857bf25237ac14f9a0814714113c6efe8333a836033d9ba04e00672db
shenzhen_lecturas,Shenzhen,ChinaSet_AllFiles/ClinicalReadings/CHNCXR_0445_1.txt,25,a82f505fa6fb21544310bb67f0d801feaf663ffedcfa453238d69ec4ec48c1d4
shenzhen_lecturas,Shenzhen,ChinaSet_AllFiles/ClinicalReadings/CHNCXR_0446_1.txt,43,a7d6e4feeb120a769e84477162bf583e031f61bef3442e065c43d4ec6fe6d8fd
shenzhen_lecturas,Shenzhen,ChinaSet_AllFiles/ClinicalReadings/CHNCXR_0447_1.txt,41,8ef05869a720d718f08c79319d943ec80b88db45c15a5a91d41d773c4da9f3ea
shenzhen_lecturas,Shenzhen,ChinaSet_AllFiles/ClinicalReadings/CHNCXR_0448_1.txt,43,6c53a848355586eb04379048994d96eebcef183809cd2a66d1290175341a74ad
shenzhen_lecturas,Shenzhen,ChinaSet_AllFiles/ClinicalReadings/CHNCXR_0449_1.txt,41,26e8e87dcf87c9dfe7a8ed9b1268e6b4f8e9fd3099ab778c36239953c9308883
shenzhen_lecturas,Shenzhen,ChinaSet_AllFiles/ClinicalReadings/CHNCXR_0450_1.txt,39,44af74478af571788a2204f83aff44ade4fde795323bd7b23ff704a779ab531d
shenzhen_lecturas,Shenzhen,ChinaSet_AllFiles/ClinicalReadings/CHNCXR_0451_1.txt,37,0f125fa6415420c872d0db1f0d7a396748127043218bb0ea2f2e122650b0c308
shenzhen_lecturas,Shenzhen,ChinaSet_AllFiles/ClinicalReadings/CHNCXR_0452_1.txt,43,1e1aaa55a7228df71e2f9ce26859a506dbe84a88a87f14ce5d8a14a43ba1f5b5
shenzhen_lecturas,Shenzhen,ChinaSet_AllFiles/ClinicalReadings/CHNCXR_0453_1.txt,39,7ecb854c3e6d3c2c76a990dbd5f7d8db9bf55f4fb8a4c141d89790218cbde58f
shenzhen_lecturas,Shenzhen,ChinaSet_AllFiles/ClinicalReadings/CHNCXR_0454_1.txt,38,7110b084815dfd4beecaed2b23b0442f983239204831871b562f1522aff6c25c
shenzhen_lecturas,Shenzhen,ChinaSet_AllFiles/ClinicalReadings/CHNCXR_0455_1.txt,63,df2ff52e6dddb199dc51d3832c0f49186f606327aada5e90d7e636fc612dc2cd
shenzhen_lecturas,Shenzhen,ChinaSet_AllFiles/ClinicalReadings/CHNCXR_0456_1.txt,31,6b26bbaf80cfcecf08e576a2e4d0e11aae8b3b29e94d2757275c76b7be15b86e
shenzhen_lecturas,Shenzhen,ChinaSet_AllFiles/ClinicalReadings/CHNCXR_0457_1.txt,43,484b0584a3dc1cdd2ce2e9e634f7c9b478b45baed07db2a9ec099d32ca112feb
shenzhen_lecturas,Shenzhen,ChinaSet_AllFiles/ClinicalReadings/CHNCXR_0458_1.txt,41,7a38318fe5a41437fcf89ac3d45478357f8fd18085143ed4d4a63162cb8dddfd
shenzhen_lecturas,Shenzhen,ChinaSet_AllFiles/ClinicalReadings/CHNCXR_0459_1.txt,31,9b69a1aa1e8b6209b3af7e231566f72ccf9342666ed5a7425c0484ec7f54e3f5
shenzhen_lecturas,Shenzhen,ChinaSet_AllFiles/ClinicalReadings/CHNCXR_0460_1.txt,24,498455ae7f8ea72d3bcfa5862a08f4edf9b46b28eb5112e2549e893632f0ad11
shenzhen_lecturas,Shenzhen,ChinaSet_AllFiles/ClinicalReadings/CHNCXR_0461_1.txt,37,e7f77a2705c5f0e77d7156ee2f91baeecd505ce703e0ead4d7ccfd1dcca0c66c
shenzhen_lecturas,Shenzhen,ChinaSet_AllFiles/ClinicalReadings/CHNCXR_0462_1.txt,54,c72e778b01ce76424ee27d1c585a1329b0f308574cc94d23846688732862353c
shenzhen_lecturas,Shenzhen,ChinaSet_AllFiles/ClinicalReadings/CHNCXR_0463_1.txt,34,d22d3729e3d036049f682e8d9d49bc4a29041a18859f2d9562dfbb27e7fa8b67
shenzhen_lecturas,Shenzhen,ChinaSet_AllFiles/ClinicalReadings/CHNCXR_0464_1.txt,25,ce1227b0e37e30b0ad76a2caa8c25c027b21d53c965ff5f81b040d182bd5c560
shenzhen_lecturas,Shenzhen,ChinaSet_AllFiles/ClinicalReadings/CHNCXR_0465_1.txt,41,4467de9a2631d3d75d3159f3fb5274e80b686bafd1bd55d7f77e3c2f7d2b5e3a
shenzhen_lecturas,Shenzhen,ChinaSet_AllFiles/ClinicalReadings/CHNCXR_0466_1.txt,56,740fcc05e55a61eca7b4e30a622f5c7f1be6d00e375261e35976a6e0e0951475
shenzhen_lecturas,Shenzhen,ChinaSet_AllFiles/ClinicalReadings/CHNCXR_0467_1.txt,56,c0ea3855e0c1fe5859b2bf9a584da460f66192b78b2b37011204eb324e3de64f
shenzhen_lecturas,Shenzhen,ChinaSet_AllFiles/ClinicalReadings/CHNCXR_0468_1.txt,27,a4d58717d3056db7dbc92b57ccf9bbd0cb9bc4943d1b5e5bde03469a51ca5bb0
shenzhen_lecturas,Shenzhen,ChinaSet_AllFiles/ClinicalReadings/CHNCXR_0469_1.txt,31,7c601d4ec0a7bbad660a9985a90670aa11b3feaeaacfeef90db29db0d0c78e90
shenzhen_lecturas,Shenzhen,ChinaSet_AllFiles/ClinicalReadings/CHNCXR_0470_1.txt,39,ada06958c31351927c420629d5b30355ef8a89abf0f0580970cabbf725e27c7f
shenzhen_lecturas,Shenzhen,ChinaSet_AllFiles/ClinicalReadings/CHNCXR_0471_1.txt,39,6da58e74f806d854008bfc043c2f719b29230e3c992336ff6b7d3f44892a56ed
shenzhen_lecturas,Shenzhen,ChinaSet_AllFiles/ClinicalReadings/CHNCXR_0472_1.txt,25,8c3b322f9c190123b0af881d3ce0dd7ff0948026c3df3960f461146627a55497
shenzhen_lecturas,Shenzhen,ChinaSet_AllFiles/ClinicalReadings/CHNCXR_0473_1.txt,37,0f125fa6415420c872d0db1f0d7a396748127043218bb0ea2f2e122650b0c308
shenzhen_lecturas,Shenzhen,ChinaSet_AllFiles/ClinicalReadings/CHNCXR_0474_1.txt,29,0235eb1898b7b22ecedc95fe281dc7ee3ed3314033f83d2ccaa0d68f6728aca0
shenzhen_lecturas,Shenzhen,ChinaSet_AllFiles/ClinicalReadings/CHNCXR_0475_1.txt,29,a0cab6bb3bec3e2bcc44fef552facc809aeacae1c8618f68e177050e70aa308a
shenzhen_lecturas,Shenzhen,ChinaSet_AllFiles/ClinicalReadings/CHNCXR_0476_1.txt,60,27c12437c25160a3d84883e6a5710569de4e58126ecd23c719c4125b58bc7907
shenzhen_lecturas,Shenzhen,ChinaSet_AllFiles/ClinicalReadings/CHNCXR_0477_1.txt,24,193a59ae8207462fcbeab3eaf88334d884b931e32e076c63fc4cde271fe420e9
shenzhen_lecturas,Shenzhen,ChinaSet_AllFiles/ClinicalReadings/CHNCXR_0478_1.txt,27,2daf07727350427c879389dda39c1aa1cbc9bb0ff44ad62d35c99fbe8dd2b615
shenzhen_lecturas,Shenzhen,ChinaSet_AllFiles/ClinicalReadings/CHNCXR_0479_1.txt,43,ada269f53cd3b7c1eb3cf00bffabf0867f9166653587f9011f728f026e0a2b64
shenzhen_lecturas,Shenzhen,ChinaSet_AllFiles/ClinicalReadings/CHNCXR_0480_1.txt,50,04b02b584f920f539d8edc2409a3f4ca08ff48f3c22d1c96fd0874a2a3e53782
shenzhen_lecturas,Shenzhen,ChinaSet_AllFiles/ClinicalReadings/CHNCXR_0481_1.txt,41,197774494979f13c4bd34d1622d90523b681aa8cfe1ed5007e9a81b2fcdcc66b
shenzhen_lecturas,Shenzhen,ChinaSet_AllFiles/ClinicalReadings/CHNCXR_0482_1.txt,46,5de172ce0835eb51854f996143cb9ad6a6fe612e84e7e01729b50a071b55d24d
shenzhen_lecturas,Shenzhen,ChinaSet_AllFiles/ClinicalReadings/CHNCXR_0483_1.txt,64,4c6b38daacce66d31dc4fabfea78f1bfa63556481a527cfc7efef09c162937c1
shenzhen_lecturas,Shenzhen,ChinaSet_AllFiles/ClinicalReadings/CHNCXR_0484_1.txt,39,9c845e61e085ede26c963d134453803703bf5d3161b8548a4de0fe31fdefab0d
shenzhen_lecturas,Shenzhen,ChinaSet_AllFiles/ClinicalReadings/CHNCXR_0485_1.txt,37,e7f77a2705c5f0e77d7156ee2f91baeecd505ce703e0ead4d7ccfd1dcca0c66c
shenzhen_lecturas,Shenzhen,ChinaSet_AllFiles/ClinicalReadings/CHNCXR_0486_1.txt,48,919fc838a39539242dc19ed61ca9388b94157e9f022231a1a4c15885b0abd661
shenzhen_lecturas,Shenzhen,ChinaSet_AllFiles/ClinicalReadings/CHNCXR_0487_1.txt,41,dbb514addabb2a68483d0362d394556165d109a7161c86bf66b891181924577f
shenzhen_lecturas,Shenzhen,ChinaSet_AllFiles/ClinicalReadings/CHNCXR_0488_1.txt,45,5aac03595bb697656d64ce246c6cfcbbbbe099dac4b40c694fe707cbda1c45a7
shenzhen_lecturas,Shenzhen,ChinaSet_AllFiles/ClinicalReadings/CHNCXR_0489_1.txt,43,2a14fee5d3782a068ac569ae4488222271426dc67b26961981494329be2581dc
shenzhen_lecturas,Shenzhen,ChinaSet_AllFiles/ClinicalReadings/CHNCXR_0490_1.txt,29,2629330c021fdb2accccf9c5e6f684f34db85b966959adfdba9c504bb65d5545
shenzhen_lecturas,Shenzhen,ChinaSet_AllFiles/ClinicalReadings/CHNCXR_0491_1.txt,29,3411701c59b58aaf505458e6bca5294b20ff9444500c19755ccacd91601592cf
shenzhen_lecturas,Shenzhen,ChinaSet_AllFiles/ClinicalReadings/CHNCXR_0492_1.txt,31,0d92cf2d7ee67e0b203e7a79d891e8f6e5347c099142d2c964157c1b0fbb8aaa
shenzhen_lecturas,Shenzhen,ChinaSet_AllFiles/ClinicalReadings/CHNCXR_0493_1.txt,29,2db9ccd5233999bdaabc37ac2cb0636ddaffd910c306395c63c786bf730f65c0
shenzhen_lecturas,Shenzhen,ChinaSet_AllFiles/ClinicalReadings/CHNCXR_0494_1.txt,59,f5cebd2fc274c87a6de989d119889bcd474bbd2e50bcd0b071931816b5f48bf0
shenzhen_lecturas,Shenzhen,ChinaSet_AllFiles/ClinicalReadings/CHNCXR_0495_1.txt,26,5809f9b39114325cfb08b9a5b7d5dc2f55a57b741c96e2976a55f2d484db374c
shenzhen_lecturas,Shenzhen,ChinaSet_AllFiles/ClinicalReadings/CHNCXR_0496_1.txt,29,2a1eb7fa4ed91f171b2c19c32547c9edceb845574c36fd2582e1754860ed9b0e
shenzhen_lecturas,Shenzhen,ChinaSet_AllFiles/ClinicalReadings/CHNCXR_0497_1.txt,29,16660d0772824a96de86cbf831056d4bf1390510e20f9d0ee0ab7a07a8f4dd25
shenzhen_lecturas,Shenzhen,ChinaSet_AllFiles/ClinicalReadings/CHNCXR_0498_1.txt,45,28b3b92ed41ffc9b7c0ce3ce29a1d31fc5e2587cc692adb6651bd8bf5838f9fc
shenzhen_lecturas,Shenzhen,ChinaSet_AllFiles/ClinicalReadings/CHNCXR_0499_1.txt,25,a3d29077f3121681527d0cc31d28dd5e5c4f2b27b95c9f79a89dc387bdbafd78
shenzhen_lecturas,Shenzhen,ChinaSet_AllFiles/ClinicalReadings/CHNCXR_0500_1.txt,31,7c601d4ec0a7bbad660a9985a90670aa11b3feaeaacfeef90db29db0d0c78e90
shenzhen_lecturas,Shenzhen,ChinaSet_AllFiles/ClinicalReadings/CHNCXR_0501_1.txt,43,7623b20bb383139531cb178e81dc52fee75e6d3acd5746ac335b478cbe803744
shenzhen_lecturas,Shenzhen,ChinaSet_AllFiles/ClinicalReadings/CHNCXR_0502_1.txt,29,0235eb1898b7b22ecedc95fe281dc7ee3ed3314033f83d2ccaa0d68f6728aca0
shenzhen_lecturas,Shenzhen,ChinaSet_AllFiles/ClinicalReadings/CHNCXR_0503_1.txt,25,a3d29077f3121681527d0cc31d28dd5e5c4f2b27b95c9f79a89dc387bdbafd78
shenzhen_lecturas,Shenzhen,ChinaSet_AllFiles/ClinicalReadings/CHNCXR_0504_1.txt,43,eab96fcb9d5e0e27aada6dcdd460da671c8583ffd5cc83c8e99969d62748c7a9
shenzhen_lecturas,Shenzhen,ChinaSet_AllFiles/ClinicalReadings/CHNCXR_0505_1.txt,25,22cf8801eba837261f804264e5522331dfbbff640b013f22b443c3969ae20faf
shenzhen_lecturas,Shenzhen,ChinaSet_AllFiles/ClinicalReadings/CHNCXR_0506_1.txt,29,68f3e7bf714cc5bec3a7014b9aaeda1730e516bbf23bee0139f071b724abc2de
shenzhen_lecturas,Shenzhen,ChinaSet_AllFiles/ClinicalReadings/CHNCXR_0507_1.txt,31,49b5c0d7ba21ee4a6596d5e5f32a7fb51efa0ca230254b5105d58cdebb9ec1eb
shenzhen_lecturas,Shenzhen,ChinaSet_AllFiles/ClinicalReadings/CHNCXR_0508_1.txt,29,aa4f8eef25b937c58442faad8b0ae4386e0e52370366f077b8f5b1139c70b86e
shenzhen_lecturas,Shenzhen,ChinaSet_AllFiles/ClinicalReadings/CHNCXR_0509_1.txt,25,a3d29077f3121681527d0cc31d28dd5e5c4f2b27b95c9f79a89dc387bdbafd78
shenzhen_lecturas,Shenzhen,ChinaSet_AllFiles/ClinicalReadings/CHNCXR_0510_1.txt,27,c6f0dc28b2fe7f3a3d46e06c3310e261f3b0406cba0ad817843bb89841778110
shenzhen_lecturas,Shenzhen,ChinaSet_AllFiles/ClinicalReadings/CHNCXR_0511_1.txt,29,aa4f8eef25b937c58442faad8b0ae4386e0e52370366f077b8f5b1139c70b86e
shenzhen_lecturas,Shenzhen,ChinaSet_AllFiles/ClinicalReadings/CHNCXR_0512_1.txt,25,4a7cc1f008e7f384ef5097b200f09883afbd2971c1d131f5a8f2441fb5f8ec7e
shenzhen_lecturas,Shenzhen,ChinaSet_AllFiles/ClinicalReadings/CHNCXR_0513_1.txt,25,ea9b8ca8788fc699c64c5b99e2a7b5723435128287c396d20407d1ddbba9417a
shenzhen_lecturas,Shenzhen,ChinaSet_AllFiles/ClinicalReadings/CHNCXR_0514_1.txt,31,6b26bbaf80cfcecf08e576a2e4d0e11aae8b3b29e94d2757275c76b7be15b86e
shenzhen_lecturas,Shenzhen,ChinaSet_AllFiles/ClinicalReadings/CHNCXR_0515_1.txt,43,7cd1a59317537a063540309dfadc55974132b45a1b77492fd80f3cd1ea3ace5a
shenzhen_lecturas,Shenzhen,ChinaSet_AllFiles/ClinicalReadings/CHNCXR_0516_1.txt,44,7f216cc4aef94382e0dcf6e89c19cabd56185f448a50fbafccc99a687f5ffa6f
shenzhen_lecturas,Shenzhen,ChinaSet_AllFiles/ClinicalReadings/CHNCXR_0517_1.txt,46,79ae0f8c69fa2357c10ff1ad8bf72603c17aefe37c3e0cea0f8792b8d1ceb367
shenzhen_lecturas,Shenzhen,ChinaSet_AllFiles/ClinicalReadings/CHNCXR_0518_1.txt,43,1b22e37b77e5b09c1a3ff7dd9e28ac0903813b222fbf993ab78c4ac6e7eb8ff8
shenzhen_lecturas,Shenzhen,ChinaSet_AllFiles/ClinicalReadings/CHNCXR_0519_1.txt,25,64801af00ced4a51f8c6ec0de00404b24ad75bb8f6803be3f12aa19035fe7c00
shenzhen_lecturas,Shenzhen,ChinaSet_AllFiles/ClinicalReadings/CHNCXR_0520_1.txt,44,922a9d088652015386c453f7b87ead5f9765c623f5c677ef067f692a78891eff
shenzhen_lecturas,Shenzhen,ChinaSet_AllFiles/ClinicalReadings/CHNCXR_0521_1.txt,44,02350ebf51f2aa0d2474cb64a02fc107df3b602a2917ece66dbde792441f11a6
shenzhen_lecturas,Shenzhen,ChinaSet_AllFiles/ClinicalReadings/CHNCXR_0522_1.txt,29,56441825afef6c9dda9f96bb301b8333816315c1aee822b9f3adcb72fbc7822a
shenzhen_lecturas,Shenzhen,ChinaSet_AllFiles/ClinicalReadings/CHNCXR_0523_1.txt,29,7aba433578b54fab1544f45e9dba1541d8b71a1e3e963a819513dead3473a850
shenzhen_lecturas,Shenzhen,ChinaSet_AllFiles/ClinicalReadings/CHNCXR_0524_1.txt,25,79f2d1850a847bf8f72c51ee7389c8bc4235f74892442c3fd692e5720218ead5
shenzhen_lecturas,Shenzhen,ChinaSet_AllFiles/ClinicalReadings/CHNCXR_0525_1.txt,29,7e4b458952ab83b6560059eaf283dd9f0ea7531088a2bdc328fb6fee4dcbf473
shenzhen_lecturas,Shenzhen,ChinaSet_AllFiles/ClinicalReadings/CHNCXR_0526_1.txt,29,7aba433578b54fab1544f45e9dba1541d8b71a1e3e963a819513dead3473a850
shenzhen_lecturas,Shenzhen,ChinaSet_AllFiles/ClinicalReadings/CHNCXR_0527_1.txt,29,5478c0b14e4887fc45766057c21cf390d43ed963a092d873a099e04ad2be758e
shenzhen_lecturas,Shenzhen,ChinaSet_AllFiles/ClinicalReadings/CHNCXR_0528_1.txt,27,c6f0dc28b2fe7f3a3d46e06c3310e261f3b0406cba0ad817843bb89841778110
shenzhen_lecturas,Shenzhen,ChinaSet_AllFiles/ClinicalReadings/CHNCXR_0529_1.txt,31,373c093fabbea328dfe04a8e812b98a073a2989e5e45107ca559abc393650b03
shenzhen_lecturas,Shenzhen,ChinaSet_AllFiles/ClinicalReadings/CHNCXR_0530_1.txt,49,0221c33111b4ee3849d000833784ab025c0c49a46a7be7cc6f32f8987c26d9ff
shenzhen_lecturas,Shenzhen,ChinaSet_AllFiles/ClinicalReadings/CHNCXR_0531_1.txt,31,835e9b690bec97aba5922f65c23e2b6efb13d5364a04782bd0012d9b1a4cdbb4
shenzhen_lecturas,Shenzhen,ChinaSet_AllFiles/ClinicalReadings/CHNCXR_0532_1.txt,46,4715e688c0637d26c0f73363b0a2eed5462d235188a6b0e9883b7c0a50609012
shenzhen_lecturas,Shenzhen,ChinaSet_AllFiles/ClinicalReadings/CHNCXR_0533_1.txt,43,760ddc0a4382cfd2c9eab94f222c8d866bf2abeea3e0235f67dcb517c8e04c66
shenzhen_lecturas,Shenzhen,ChinaSet_AllFiles/ClinicalReadings/CHNCXR_0534_1.txt,25,f1ce37fb09830ad0b9fea21f34d29d35a71f3d05b571fe80d98ddd3471e12226
shenzhen_lecturas,Shenzhen,ChinaSet_AllFiles/ClinicalReadings/CHNCXR_0535_1.txt,44,17ca0d675f3843c60df49abcb1e8a5971fa47ff4f286b0ecd43a011ab3507473
shenzhen_lecturas,Shenzhen,ChinaSet_AllFiles/ClinicalReadings/CHNCXR_0536_1.txt,46,b594342f7386c957c9d0485606f8b29eb033c3e2e91f6ea50f8c827cc33651a0
shenzhen_lecturas,Shenzhen,ChinaSet_AllFiles/ClinicalReadings/CHNCXR_0537_1.txt,49,ac5ea607dbde2bbac6c8b9e5657cdf34b105be95b5786eeda4a7f11e9fc7a4f1
shenzhen_lecturas,Shenzhen,ChinaSet_AllFiles/ClinicalReadings/CHNCXR_0538_1.txt,49,3091acd459f470b2eafb4603545823644d9e877c45ccb6f292a99ccd30dcb221
shenzhen_lecturas,Shenzhen,ChinaSet_AllFiles/ClinicalReadings/CHNCXR_0539_1.txt,43,6556a306e629741896366bbe1dc22fb76439a317ef168a3c8b6babdad7c2af26
shenzhen_lecturas,Shenzhen,ChinaSet_AllFiles/ClinicalReadings/CHNCXR_0540_1.txt,43,91a030d858c0ff8ca0c71e5df7957114a49f712b87155f233879a24b4dc2832e
shenzhen_lecturas,Shenzhen,ChinaSet_AllFiles/ClinicalReadings/CHNCXR_0541_1.txt,44,4ca95b868bb2fe0db039d66c29d56c6fdb2be3d2f245d04893534238f7cc000e
shenzhen_lecturas,Shenzhen,ChinaSet_AllFiles/ClinicalReadings/CHNCXR_0542_1.txt,46,c7ee5b42a023bcd790e16ded0cc6b2b0a55c364193efe4dcc186fb9a04178fd0
shenzhen_lecturas,Shenzhen,ChinaSet_AllFiles/ClinicalReadings/CHNCXR_0543_1.txt,43,e2d5d02639250e604fec130cecbcb6fef2b7e227e374bae0d6611e3e054031cc
shenzhen_lecturas,Shenzhen,ChinaSet_AllFiles/ClinicalReadings/CHNCXR_0544_1.txt,19,88540143b2f0a1d2d6ae1223edc9296570d5a7e9920c7996dbdf3f7f635363f0
shenzhen_lecturas,Shenzhen,ChinaSet_AllFiles/ClinicalReadings/CHNCXR_0545_1.txt,25,a4b68ae606baded47d40b56a71b70203b8b114df216c7cd7ae5a9bebdbf1bb61
shenzhen_lecturas,Shenzhen,ChinaSet_AllFiles/ClinicalReadings/CHNCXR_0546_1.txt,31,6f3e7ec3888e6294208ab07891375e14843f539861c0a3528054d40e7d214d6a
shenzhen_lecturas,Shenzhen,ChinaSet_AllFiles/ClinicalReadings/CHNCXR_0547_1.txt,25,bbdef47590db334c289c7e4ef67094748426b30e8a09fae7be49258867f23afb
shenzhen_lecturas,Shenzhen,ChinaSet_AllFiles/ClinicalReadings/CHNCXR_0548_1.txt,19,d77a88416f6fe3f704183dfcdf22bb777368dba15367f9d46bc6b34dad0c0e1c
shenzhen_lecturas,Shenzhen,ChinaSet_AllFiles/ClinicalReadings/CHNCXR_0549_1.txt,31,e08789a8509c431010105688b6b7945e1054b7297a5fa2ec12ec3e5729b9147a
shenzhen_lecturas,Shenzhen,ChinaSet_AllFiles/ClinicalReadings/CHNCXR_0550_1.txt,25,5096d8abb5eb0599c38980597a2408fc92758bad0dc38fa8633926b388e5c1b6
shenzhen_lecturas,Shenzhen,ChinaSet_AllFiles/ClinicalReadings/CHNCXR_0551_1.txt,25,a3d29077f3121681527d0cc31d28dd5e5c4f2b27b95c9f79a89dc387bdbafd78
shenzhen_lecturas,Shenzhen,ChinaSet_AllFiles/ClinicalReadings/CHNCXR_0552_1.txt,44,d60c940fd7927496380caebbf43696562daa67a36011d6b5033dbe474c57f677
shenzhen_lecturas,Shenzhen,ChinaSet_AllFiles/ClinicalReadings/CHNCXR_0553_1.txt,29,8fbd148b05af6313df76a8f9205a11f04e528dfcf4443be3c22bd5925385ecc9
shenzhen_lecturas,Shenzhen,ChinaSet_AllFiles/ClinicalReadings/CHNCXR_0554_1.txt,24,8614979de68f06f5ae7f47ff632bfa9479280529c1338f17b22a79c4916f3ff4
shenzhen_lecturas,Shenzhen,ChinaSet_AllFiles/ClinicalReadings/CHNCXR_0555_1.txt,55,259b2bdbf592cfc841145918c8eab041e56163ea255d23ab1449bfbbbdd64998
shenzhen_lecturas,Shenzhen,ChinaSet_AllFiles/ClinicalReadings/CHNCXR_0556_1.txt,29,24c0f2669198d38eca99ed8e10edaeb471b8f20ec4be70c1d31bd9abd8b9b843
shenzhen_lecturas,Shenzhen,ChinaSet_AllFiles/ClinicalReadings/CHNCXR_0557_1.txt,25,3fc53bfbf56c9a2f9141a886a38dee8ec69e7de14861e111bb49a5a70b549263
shenzhen_lecturas,Shenzhen,ChinaSet_AllFiles/ClinicalReadings/CHNCXR_0558_1.txt,29,2db9ccd5233999bdaabc37ac2cb0636ddaffd910c306395c63c786bf730f65c0
shenzhen_lecturas,Shenzhen,ChinaSet_AllFiles/ClinicalReadings/CHNCXR_0559_1.txt,25,8c3b322f9c190123b0af881d3ce0dd7ff0948026c3df3960f461146627a55497
shenzhen_lecturas,Shenzhen,ChinaSet_AllFiles/ClinicalReadings/CHNCXR_0560_1.txt,29,3aa7a451e7827964081b387e61c38c50cdbb2be0e10264c5651033846c616112
shenzhen_lecturas,Shenzhen,ChinaSet_AllFiles/ClinicalReadings/CHNCXR_0561_1.txt,29,aa4f8eef25b937c58442faad8b0ae4386e0e52370366f077b8f5b1139c70b86e
shenzhen_lecturas,Shenzhen,ChinaSet_AllFiles/ClinicalReadings/CHNCXR_0562_1.txt,24,e62875dcd0f987d98fb3a7b7a12009fe03a19bbbf8c0101555bce39ef19bb306
shenzhen_lecturas,Shenzhen,ChinaSet_AllFiles/ClinicalReadings/CHNCXR_0563_1.txt,24,39a4882fdcb9c0ba0b7386f4c331dcb7aaf0402c75ab6c884936d3e32931ac6e
shenzhen_lecturas,Shenzhen,ChinaSet_AllFiles/ClinicalReadings/CHNCXR_0564_1.txt,27,001a7c8d207aa6ce8c404ed85c78824fc19693b9fd73b224d0269b2ca8241f5e
shenzhen_lecturas,Shenzhen,ChinaSet_AllFiles/ClinicalReadings/CHNCXR_0565_1.txt,29,b94ed5fd8c5ad8374ebc88d8d39d26ac2e9fa55774b434b70f78934d21c2f317
shenzhen_lecturas,Shenzhen,ChinaSet_AllFiles/ClinicalReadings/CHNCXR_0566_1.txt,25,075b074f5d7b65ef0b4aa92d8536647b5c9c824ff8ed8c5ff52df9882dc55454
shenzhen_lecturas,Shenzhen,ChinaSet_AllFiles/ClinicalReadings/CHNCXR_0567_1.txt,29,fac2ab2dd514a233ca2ed5db0bf67cf63d1da0aa0151ace812d110bac2fd59c4
shenzhen_lecturas,Shenzhen,ChinaSet_AllFiles/ClinicalReadings/CHNCXR_0568_1.txt,29,42731c826de125d3cfa5757d49924aa73752ee2be74598edacadb13bc08ceeb1
shenzhen_lecturas,Shenzhen,ChinaSet_AllFiles/ClinicalReadings/CHNCXR_0569_1.txt,29,aa4f8eef25b937c58442faad8b0ae4386e0e52370366f077b8f5b1139c70b86e
shenzhen_lecturas,Shenzhen,ChinaSet_AllFiles/ClinicalReadings/CHNCXR_0570_1.txt,29,89fa78b8fa06136d651c6f4fa9dcf8539c9425dad557be0c8fa305c92206bc0b
shenzhen_lecturas,Shenzhen,ChinaSet_AllFiles/ClinicalReadings/CHNCXR_0571_1.txt,27,c2bcac22a2dd80cbb1ceb6826ea3317537b76f81c2fdfd90083d4c0c705e5dcf
shenzhen_lecturas,Shenzhen,ChinaSet_AllFiles/ClinicalReadings/CHNCXR_0572_1.txt,31,9e84ee0cd471edd97f5aff49fbaf2bc9b027ab7bf64e4596772f928fa1c46b8d
shenzhen_lecturas,Shenzhen,ChinaSet_AllFiles/ClinicalReadings/CHNCXR_0573_1.txt,29,3aa7a451e7827964081b387e61c38c50cdbb2be0e10264c5651033846c616112
shenzhen_lecturas,Shenzhen,ChinaSet_AllFiles/ClinicalReadings/CHNCXR_0574_1.txt,27,a7052224844841e1bcf28c0ea876f53b9b29376509579dff305438f73cd5f1fc
shenzhen_lecturas,Shenzhen,ChinaSet_AllFiles/ClinicalReadings/CHNCXR_0575_1.txt,31,de9985080b0676d2203a85753134e8e92872972d58b389eabbc6db38899c770c
shenzhen_lecturas,Shenzhen,ChinaSet_AllFiles/ClinicalReadings/CHNCXR_0576_1.txt,25,79f2d1850a847bf8f72c51ee7389c8bc4235f74892442c3fd692e5720218ead5
shenzhen_lecturas,Shenzhen,ChinaSet_AllFiles/ClinicalReadings/CHNCXR_0577_1.txt,27,9ac6726afcbcb6c203488026516bab85b71a90886893a0dd057ade1012f5ab16
shenzhen_lecturas,Shenzhen,ChinaSet_AllFiles/ClinicalReadings/CHNCXR_0578_1.txt,25,71eccd1049d727b9aafc17eade4fa719e10d22481362448ec7858f4ca3f8b913
shenzhen_lecturas,Shenzhen,ChinaSet_AllFiles/ClinicalReadings/CHNCXR_0579_1.txt,24,50091960a876ee5f5332cf7605b887b15cd1ea493286ddc9846c84ddc68afeda
shenzhen_lecturas,Shenzhen,ChinaSet_AllFiles/ClinicalReadings/CHNCXR_0580_1.txt,24,474f6c24e2d9b3d3e4ae7b6bb780e3791a0846e21670ef0a1f699f7bfdc77cdf
shenzhen_lecturas,Shenzhen,ChinaSet_AllFiles/ClinicalReadings/CHNCXR_0581_1.txt,24,474f6c24e2d9b3d3e4ae7b6bb780e3791a0846e21670ef0a1f699f7bfdc77cdf
shenzhen_lecturas,Shenzhen,ChinaSet_AllFiles/ClinicalReadings/CHNCXR_0582_1.txt,29,898b390dc55b024175eb048df24e385769db3d5adc831363fc813b05404663af
shenzhen_lecturas,Shenzhen,ChinaSet_AllFiles/ClinicalReadings/CHNCXR_0583_1.txt,25,71eccd1049d727b9aafc17eade4fa719e10d22481362448ec7858f4ca3f8b913
shenzhen_lecturas,Shenzhen,ChinaSet_AllFiles/ClinicalReadings/CHNCXR_0584_1.txt,26,d9c7ed893d75b5165426bcdf12e02fb9b51411e433c826af71bca5c69a653dd9
shenzhen_lecturas,Shenzhen,ChinaSet_AllFiles/ClinicalReadings/CHNCXR_0585_1.txt,24,facfb0fbe8ef6c5146465b76417deed87865e3800350445442382306e4729a3d
shenzhen_lecturas,Shenzhen,ChinaSet_AllFiles/ClinicalReadings/CHNCXR_0586_1.txt,32,a5478330ab4967d87555b76a65dbf3e3a7565e2d412e8fd0c7095495c9d2db74
shenzhen_lecturas,Shenzhen,ChinaSet_AllFiles/ClinicalReadings/CHNCXR_0587_1.txt,24,41c914a56354d4694cdf35b6f6c61017d2b256b74644c2098ed4a882df4f313f
shenzhen_lecturas,Shenzhen,ChinaSet_AllFiles/ClinicalReadings/CHNCXR_0588_1.txt,54,8f029a0e79ed544b6345039aabe59ef7a6f322a3466f30cfd9e9b5f0076efa22
shenzhen_lecturas,Shenzhen,ChinaSet_AllFiles/ClinicalReadings/CHNCXR_0589_1.txt,39,82e03237ecce36dc021237e27b24b85b35f5a143a67d658fac78d9fc0acccea0
shenzhen_lecturas,Shenzhen,ChinaSet_AllFiles/ClinicalReadings/CHNCXR_0590_1.txt,60,cf47400f8916a9660f380acc0d2b5b0809dd879ecdc8126f436ac6c320cb3c9f
shenzhen_lecturas,Shenzhen,ChinaSet_AllFiles/ClinicalReadings/CHNCXR_0591_1.txt,37,748b74785cd079006d1b128baab368b0457f2e15a736acb8bb746b52a8efaddc
shenzhen_lecturas,Shenzhen,ChinaSet_AllFiles/ClinicalReadings/CHNCXR_0592_1.txt,24,2b54d1fcce6345d704b0f81bcdb1cb3e2633c0b79bb3436816facd0ca9b50455
shenzhen_lecturas,Shenzhen,ChinaSet_AllFiles/ClinicalReadings/CHNCXR_0593_1.txt,56,b33c370e2f11c5786996d5029f2eb987c6ba9d4e78aa39053bcb157867a958af
shenzhen_lecturas,Shenzhen,ChinaSet_AllFiles/ClinicalReadings/CHNCXR_0594_1.txt,31,0268f3fecd959e601c178effcf8c4c12f3d23301731b5db91cbe06ad1278373e
shenzhen_lecturas,Shenzhen,ChinaSet_AllFiles/ClinicalReadings/CHNCXR_0595_1.txt,39,bd70c55025a7efdadf4f5d3600b38abbb744f0eb8ba23dbae5e66d5f8259ef96
shenzhen_lecturas,Shenzhen,ChinaSet_AllFiles/ClinicalReadings/CHNCXR_0596_1.txt,29,f8a8be739991c5e9770228477cb924366fb12c00fb14ab24637ecab414c8070b
shenzhen_lecturas,Shenzhen,ChinaSet_AllFiles/ClinicalReadings/CHNCXR_0597_1.txt,25,45aa709d33e10b179fe1660dea40549c798bea7a91c6aa88d1e300e719d52ff0
shenzhen_lecturas,Shenzhen,ChinaSet_AllFiles/ClinicalReadings/CHNCXR_0598_1.txt,47,82694fabd2d9ed4b9191ec25574f137e5d2ecf232a4f4e50e17a49147a9211dc
shenzhen_lecturas,Shenzhen,ChinaSet_AllFiles/ClinicalReadings/CHNCXR_0599_1.txt,25,44e52247e65ec453a692842d5ffffa87bcda77005c71b18132a6a20b7590d8eb
shenzhen_lecturas,Shenzhen,ChinaSet_AllFiles/ClinicalReadings/CHNCXR_0600_1.txt,64,06de61f03125e37c5dabd6c2539653bd5a9ce15545b312870bd79dd1f3bafd4b
shenzhen_lecturas,Shenzhen,ChinaSet_AllFiles/ClinicalReadings/CHNCXR_0601_1.txt,26,8e4674b7ab6464ba7a2b29188a36502e33f70c9b575bc37c444a067c72a6f81b
shenzhen_lecturas,Shenzhen,ChinaSet_AllFiles/ClinicalReadings/CHNCXR_0602_1.txt,29,3411701c59b58aaf505458e6bca5294b20ff9444500c19755ccacd91601592cf
shenzhen_lecturas,Shenzhen,ChinaSet_AllFiles/ClinicalReadings/CHNCXR_0603_1.txt,29,27c815069cceb3d1d009c3afca81daa9962f2718e74234b49c082f524f07adb0
shenzhen_lecturas,Shenzhen,ChinaSet_AllFiles/ClinicalReadings/CHNCXR_0604_1.txt,25,64801af00ced4a51f8c6ec0de00404b24ad75bb8f6803be3f12aa19035fe7c00
shenzhen_lecturas,Shenzhen,ChinaSet_AllFiles/ClinicalReadings/CHNCXR_0605_1.txt,24,193a59ae8207462fcbeab3eaf88334d884b931e32e076c63fc4cde271fe420e9
shenzhen_lecturas,Shenzhen,ChinaSet_AllFiles/ClinicalReadings/CHNCXR_0606_1.txt,31,9d45305bbda1aa52a2fd84d1afc3dbfbc96741b273b9006bdbad4611a38197cd
shenzhen_lecturas,Shenzhen,ChinaSet_AllFiles/ClinicalReadings/CHNCXR_0607_1.txt,24,c253f1609a2f307f4d2a2cf94c5343d90fef16356e63c2da7fa5075039f8f188
shenzhen_lecturas,Shenzhen,ChinaSet_AllFiles/ClinicalReadings/CHNCXR_0608_1.txt,24,a963384f32decfecfee2b99371f8d278c82079c7b511da57dd4e5a387663771d
shenzhen_lecturas,Shenzhen,ChinaSet_AllFiles/ClinicalReadings/CHNCXR_0609_1.txt,43,8338aac1ff3f6167fa80a8c2746a70f55d4579f3b582526fcd24777278e33143
shenzhen_lecturas,Shenzhen,ChinaSet_AllFiles/ClinicalReadings/CHNCXR_0610_1.txt,43,1f73216704a947b61a22715f1d4ed8f424e016e0e456a6435bf720a4f77d5b89
shenzhen_lecturas,Shenzhen,ChinaSet_AllFiles/ClinicalReadings/CHNCXR_0611_1.txt,46,f84f067c51b186a894ee053a953bd782af25606bd50c04e00f19cf9782afb553
shenzhen_lecturas,Shenzhen,ChinaSet_AllFiles/ClinicalReadings/CHNCXR_0612_1.txt,37,a0573c10864d1fa485806f2b5c9683339ba345f233ee913bb57c98d3823ada7d
shenzhen_lecturas,Shenzhen,ChinaSet_AllFiles/ClinicalReadings/CHNCXR_0613_1.txt,50,c5e8ed5f4c68d1063bb9618bc8b0c8f44d9da467bae89456437f63c74dc99683
shenzhen_lecturas,Shenzhen,ChinaSet_AllFiles/ClinicalReadings/CHNCXR_0614_1.txt,46,a9e4bab7ba1b1d506f213dd480da3d6c9cb441c91e82197de5015896eaf47c7c
shenzhen_lecturas,Shenzhen,ChinaSet_AllFiles/ClinicalReadings/CHNCXR_0615_1.txt,46,bb8162203e82a8585b05859d2943310171fa156add26d766f180dfeef8b31abc
shenzhen_lecturas,Shenzhen,ChinaSet_AllFiles/ClinicalReadings/CHNCXR_0616_1.txt,44,dfd9208d985d5964bd4168cb1988bef08ebe09a32b8f42ef972a6f54a78ba1fa
shenzhen_lecturas,Shenzhen,ChinaSet_AllFiles/ClinicalReadings/CHNCXR_0617_1.txt,25,b9dcf7f4d4cbc582e9b0e5e1183ee438b24ca718e93aee44e418a099fc2c9682
shenzhen_lecturas,Shenzhen,ChinaSet_AllFiles/ClinicalReadings/CHNCXR_0618_1.txt,29,0bf8968846580bf806e185574e3636605dc084b85ff76c01ab541f05d187df80
shenzhen_lecturas,Shenzhen,ChinaSet_AllFiles/ClinicalReadings/CHNCXR_0619_1.txt,45,ce0ce45e741932792b7e0e8093deaa94da35f01f767bc1c1aefd4e023f6a23b2
shenzhen_lecturas,Shenzhen,ChinaSet_AllFiles/ClinicalReadings/CHNCXR_0620_1.txt,44,7f216cc4aef94382e0dcf6e89c19cabd56185f448a50fbafccc99a687f5ffa6f
shenzhen_lecturas,Shenzhen,ChinaSet_AllFiles/ClinicalReadings/CHNCXR_0621_1.txt,25,1f8de911a171f9090655954c72c73639325dbf1918eab6b02db459ddbb49bb9a
shenzhen_lecturas,Shenzhen,ChinaSet_AllFiles/ClinicalReadings/CHNCXR_0622_1.txt,26,e7eec06cb697429e815a8a40716ff49262a8d4b3fb0e8705c3eda208551823f1
shenzhen_lecturas,Shenzhen,ChinaSet_AllFiles/ClinicalReadings/CHNCXR_0623_1.txt,46,7e82c14d4187f7d33ceb7fcdf2217477ea6f156abc2a262a598f8a2ca649e020
shenzhen_lecturas,Shenzhen,ChinaSet_AllFiles/ClinicalReadings/CHNCXR_0624_1.txt,45,a647037bb3735bc07b3cbe270e52cff873baa78a6bf86119ee94107f9ee6a5e1
shenzhen_lecturas,Shenzhen,ChinaSet_AllFiles/ClinicalReadings/CHNCXR_0625_1.txt,44,84a1d5a08cbd9be0ce58070e9a025628e9ea7c8d793adad3da55da2c657fa9dd
shenzhen_lecturas,Shenzhen,ChinaSet_AllFiles/ClinicalReadings/CHNCXR_0626_1.txt,44,22bb4813866641ec9791a235fbaec1657b8a0ad7862ff8cc4047bddc978844cb
shenzhen_lecturas,Shenzhen,ChinaSet_AllFiles/ClinicalReadings/CHNCXR_0627_1.txt,57,2306b2f45d957b3d6873453af2403c1aa5b97f1d17808c7def44b4ba9057edcf
shenzhen_lecturas,Shenzhen,ChinaSet_AllFiles/ClinicalReadings/CHNCXR_0628_1.txt,55,993e352c3b0fb9f12a0d48a78e9baaef1b340951df660e5eb5eb40da5662afb1
shenzhen_lecturas,Shenzhen,ChinaSet_AllFiles/ClinicalReadings/CHNCXR_0629_1.txt,41,61bb8cff7c1d09763e12cdc446acd69c98728c4086f84b1b634668aad49a707f
shenzhen_lecturas,Shenzhen,ChinaSet_AllFiles/ClinicalReadings/CHNCXR_0630_1.txt,58,5134e4494666e483ece863bf5522ed1695719e6088046b28f863442cde17a0fe
shenzhen_lecturas,Shenzhen,ChinaSet_AllFiles/ClinicalReadings/CHNCXR_0631_1.txt,57,83c5a03cb59bc46e9a22356bc7393144cd9baf104a9bb2ce662025ed60498599
shenzhen_lecturas,Shenzhen,ChinaSet_AllFiles/ClinicalReadings/CHNCXR_0632_1.txt,45,9069d28693c35696fb59ab724903240a6f2650796e6e1584db1bff7408f71c98
shenzhen_lecturas,Shenzhen,ChinaSet_AllFiles/ClinicalReadings/CHNCXR_0633_1.txt,42,5c747b5546dafa5e5942e3a67135afe503da122d5c4ae058b13a7d66fcc1ddba
shenzhen_lecturas,Shenzhen,ChinaSet_AllFiles/ClinicalReadings/CHNCXR_0634_1.txt,59,2cb7ce39223a1583891ce89ca5fd58634f95b14db1c3bbdd0c3bcb552e3775e8
shenzhen_lecturas,Shenzhen,ChinaSet_AllFiles/ClinicalReadings/CHNCXR_0635_1.txt,29,9ae709f81b93db2f6bb29ed93b2349fb0fdd6e8b68714cc850d806968be93689
shenzhen_lecturas,Shenzhen,ChinaSet_AllFiles/ClinicalReadings/CHNCXR_0636_1.txt,40,67c8f3c5aa941bf8126361bff212ef7f8ed1c283b95e3f130cb566a9720a1e33
shenzhen_lecturas,Shenzhen,ChinaSet_AllFiles/ClinicalReadings/CHNCXR_0637_1.txt,29,898b390dc55b024175eb048df24e385769db3d5adc831363fc813b05404663af
shenzhen_lecturas,Shenzhen,ChinaSet_AllFiles/ClinicalReadings/CHNCXR_0638_1.txt,74,768a40b2bf1b81b0b4972053ad0eab04cf49c9b7371b2b0a990af3acb516b4b4
shenzhen_lecturas,Shenzhen,ChinaSet_AllFiles/ClinicalReadings/CHNCXR_0639_1.txt,64,bfadce4e5d0243624eb0f883b5d71beb4e2ff4745f001a0fa89f542feb71b8ae
shenzhen_lecturas,Shenzhen,ChinaSet_AllFiles/ClinicalReadings/CHNCXR_0640_1.txt,68,085543057da3cb3c6dc1e90911ad85a5b4ce4e13957684cc37f6a0b313455858
shenzhen_lecturas,Shenzhen,ChinaSet_AllFiles/ClinicalReadings/CHNCXR_0641_1.txt,39,ffecada4c765d33e81de401679fb13b3fc27bc2e2d1e3d37292fa1970298bba4
shenzhen_lecturas,Shenzhen,ChinaSet_AllFiles/ClinicalReadings/CHNCXR_0642_1.txt,58,50808a2c7f3217e927f24f5c73df9c1f21b3f374458012eee9a53fa6030d308f
shenzhen_lecturas,Shenzhen,ChinaSet_AllFiles/ClinicalReadings/CHNCXR_0643_1.txt,60,4fea9c132897b41cdcaed26091957f84398ff5c53dd010a1197011e43e657984
shenzhen_lecturas,Shenzhen,ChinaSet_AllFiles/ClinicalReadings/CHNCXR_0644_1.txt,123,43bbe642f9171238bcd7aab86df8208c298e404af4f1871446710569aee57066
shenzhen_lecturas,Shenzhen,ChinaSet_AllFiles/ClinicalReadings/CHNCXR_0645_1.txt,93,236a1f3888d349bc45d9c7034877bcb0fd9845673fe962c5d07ac1311ec6a7ca
shenzhen_lecturas,Shenzhen,ChinaSet_AllFiles/ClinicalReadings/CHNCXR_0646_1.txt,55,b083fac60839c8f9480955682723718a324353ac6fcb37a7b17a139709931d1b
shenzhen_lecturas,Shenzhen,ChinaSet_AllFiles/ClinicalReadings/CHNCXR_0647_1.txt,98,7e037a31def918ec60fdc3e132e5341b543f39ee106f5f5964531b72e24d239f
shenzhen_lecturas,Shenzhen,ChinaSet_AllFiles/ClinicalReadings/CHNCXR_0648_1.txt,66,b998677b98a560bc40d972283767987eb04e4a64832cc7dc066496b63a63b760
shenzhen_lecturas,Shenzhen,ChinaSet_AllFiles/ClinicalReadings/CHNCXR_0649_1.txt,69,1b2bc7d6581890937c0574775ab9af0aea05c9cd7a97c5f48e7747563965b228
shenzhen_lecturas,Shenzhen,ChinaSet_AllFiles/ClinicalReadings/CHNCXR_0650_1.txt,57,52132ddab9e726bdc22a89f5d4093907787537e3fb7781ae3301d0a38f89fef7
shenzhen_lecturas,Shenzhen,ChinaSet_AllFiles/ClinicalReadings/CHNCXR_0651_1.txt,66,4c83100cff37fcd353599a62a5e5ea1c6b097f19fcfd01ee3b8c3a9896f1bcbe
shenzhen_lecturas,Shenzhen,ChinaSet_AllFiles/ClinicalReadings/CHNCXR_0652_1.txt,56,39713323ce51727a301b3df7769cc1550c48999012ca83220b6e098ca82cf142
shenzhen_lecturas,Shenzhen,ChinaSet_AllFiles/ClinicalReadings/CHNCXR_0653_1.txt,66,93bcc8320bc1f66403a8b173ebae60653912315b9ce86ea2bfa425eabdf464a9
shenzhen_lecturas,Shenzhen,ChinaSet_AllFiles/ClinicalReadings/CHNCXR_0654_1.txt,37,61bf558b9d3a4ac4f912375cc7d2d62bec3b106af34430c82fcd93b25cc20688
shenzhen_lecturas,Shenzhen,ChinaSet_AllFiles/ClinicalReadings/CHNCXR_0655_1.txt,82,43778ee3e01ff68afed0439763783eaf0e130f35050bb68aaeb9d8785747fa14
shenzhen_lecturas,Shenzhen,ChinaSet_AllFiles/ClinicalReadings/CHNCXR_0656_1.txt,57,a5a7ba66ae6cc393dc568fac5bfd5d25caff295da659f1cf0a026a009e1e4ce8
shenzhen_lecturas,Shenzhen,ChinaSet_AllFiles/ClinicalReadings/CHNCXR_0657_1.txt,68,53236359a33efe9c94ceca3b2a9c338bdfb1cb6de3fefa7fe25b09b043908e93
shenzhen_lecturas,Shenzhen,ChinaSet_AllFiles/ClinicalReadings/CHNCXR_0658_1.txt,64,ccaef9feec6582861d35c143ed19cc6772b97df30aab207d0a606d83069ac912
shenzhen_lecturas,Shenzhen,ChinaSet_AllFiles/ClinicalReadings/CHNCXR_0659_1.txt,56,38274167607e8ee1b482d3bfb785b9b594f232b00236cb922c9778323abead01
shenzhen_lecturas,Shenzhen,ChinaSet_AllFiles/ClinicalReadings/CHNCXR_0660_1.txt,129,6d94206228c688cff5b000d5df9afdc90aaca52f9706d31d41a53b4c461aa09a
shenzhen_lecturas,Shenzhen,ChinaSet_AllFiles/ClinicalReadings/CHNCXR_0661_1.txt,72,055c3191e3b84778579f00734af3898bedbf712026f72f2cd37e7ee7f4573c1c
shenzhen_lecturas,Shenzhen,ChinaSet_AllFiles/ClinicalReadings/CHNCXR_0662_1.txt,57,3f5d9121b7a04d51e3af304eec9258ab26c3d275b9d196cdab0f3c930ca7f4fa
shenzhen_mascaras,Shenzhen,shcxr-lung-mask/mask/CHNCXR_0001_0.png,4632,ff56b9105322bec249540db0890a6bfc8a7d5e339d8c0595d05fda1d00b8e5a4
shenzhen_mascaras,Shenzhen,shcxr-lung-mask/mask/CHNCXR_0002_0.png,4204,89ee415b6d56162d02338e68436b54677c4aa44d09cbc0b91ee0998eea35ea6a
shenzhen_mascaras,Shenzhen,shcxr-lung-mask/mask/CHNCXR_0003_0.png,4451,7d9002ac81e7a93d425733290222bb3529980a8123d40db48a9a1580f521db00
shenzhen_mascaras,Shenzhen,shcxr-lung-mask/mask/CHNCXR_0004_0.png,4427,04fb64b7d9ada43ab036d302ff49b0f7085f1f5e55e337a9cd53fd05e48ed70e
shenzhen_mascaras,Shenzhen,shcxr-lung-mask/mask/CHNCXR_0005_0.png,4405,0a057276b348e3ae75eeadba86bfd7c5a7e8a12f5e577c9237f698a5ce69e1ae
shenzhen_mascaras,Shenzhen,shcxr-lung-mask/mask/CHNCXR_0006_0.png,4483,e6c133282f887aa48810919c6cd55ae1373994248a7c23c2a24865952918b9ca
shenzhen_mascaras,Shenzhen,shcxr-lung-mask/mask/CHNCXR_0007_0.png,5099,72e7ea562d286911f8734675206466754cd7b94558dcde312aea97623675a57a
shenzhen_mascaras,Shenzhen,shcxr-lung-mask/mask/CHNCXR_0008_0.png,3716,33a5246ebe5d19ff48d2f86f042aa26920a4731b7170191b4b2f90fe0efa1422
shenzhen_mascaras,Shenzhen,shcxr-lung-mask/mask/CHNCXR_0009_0.png,4376,b0e8731db76e695eee492ecbd3885cc7b552c7ad88c7cebc1b1ea196312e7a84
shenzhen_mascaras,Shenzhen,shcxr-lung-mask/mask/CHNCXR_0010_0.png,3806,1ceae6bcbe64a5ccb9f02e73e8e361a56e68bc58d179cb8dc78e54349881114b
shenzhen_mascaras,Shenzhen,shcxr-lung-mask/mask/CHNCXR_0011_0.png,4211,7d76581ab227e1063c94cd9ceb7144213548c70e52481850898672cdea954f5e
shenzhen_mascaras,Shenzhen,shcxr-lung-mask/mask/CHNCXR_0012_0.png,4725,181ad980f5b01e8c78de0e0d9299cbaff37b880f4a6e1dbc4e28b342f65a6b38
shenzhen_mascaras,Shenzhen,shcxr-lung-mask/mask/CHNCXR_0013_0.png,4109,74a5e3a8b7f5bcf375d758aaaf884e759917b3f958b0054461e9f4e4839ef8b1
shenzhen_mascaras,Shenzhen,shcxr-lung-mask/mask/CHNCXR_0014_0.png,3907,a25d06d53162dc3a5f294c487f311caad56f1242872b8af471ff20ab77300b6c
shenzhen_mascaras,Shenzhen,shcxr-lung-mask/mask/CHNCXR_0015_0.png,4413,3dac13ecf6df1986b31a2af628bfe34972fe96539ecb3f5a1ea6db9bf8f5fb21
shenzhen_mascaras,Shenzhen,shcxr-lung-mask/mask/CHNCXR_0016_0.png,4049,884ef8b1aecda4b8037acfa9fa942d06dfbb0d607a02d96e11369d303f61ef7e
shenzhen_mascaras,Shenzhen,shcxr-lung-mask/mask/CHNCXR_0017_0.png,4492,76df554470635a87d848e36a7ef1f11b2a9b5da0542c08184b751c9b56da2d75
shenzhen_mascaras,Shenzhen,shcxr-lung-mask/mask/CHNCXR_0018_0.png,5119,67c766ed7f5a80f7ef4193c7b362ac20725d91be1402b00f4916c250d14c88a8
shenzhen_mascaras,Shenzhen,shcxr-lung-mask/mask/CHNCXR_0019_0.png,4748,3f9acbfc12b51b4025f104c93f05279010b8bede767591f7fe7cbbf5a8ed13ec
shenzhen_mascaras,Shenzhen,shcxr-lung-mask/mask/CHNCXR_0020_0.png,4903,a90a59de98b2d03d1157320715962d9bc0e41743b0a839b5f9a34f9b531844d9
shenzhen_mascaras,Shenzhen,shcxr-lung-mask/mask/CHNCXR_0021_0.png,4624,04faccd90e49ba390c0a1ee8fe4fada637dab24a26db790b0d63a6381b3dcac7
shenzhen_mascaras,Shenzhen,shcxr-lung-mask/mask/CHNCXR_0022_0.png,4861,6295c9b8e1d25aeb8cdf04d6c09d91684c675d963dbf25357aed82133cf3fd1f
shenzhen_mascaras,Shenzhen,shcxr-lung-mask/mask/CHNCXR_0023_0.png,4630,a8ed92909fce7ff21b702821ef17c38063097331454a2251dbd7ab8d1ae13c3b
shenzhen_mascaras,Shenzhen,shcxr-lung-mask/mask/CHNCXR_0024_0.png,4528,8efb3ebb2dbc77ec7ba4b60990bcfa053c14e85487522756533fd58b0d962628
shenzhen_mascaras,Shenzhen,shcxr-lung-mask/mask/CHNCXR_0026_0.png,4106,f569652bbe4de81e10b37431107da323afc01059c5cbfb0b3906c311d81e36c1
shenzhen_mascaras,Shenzhen,shcxr-lung-mask/mask/CHNCXR_0027_0.png,4278,cd7f50ca8b02dff2fd42b14c4d6b559ffb1d3586f381fed5a5f5fe7190da7bfe
shenzhen_mascaras,Shenzhen,shcxr-lung-mask/mask/CHNCXR_0028_0.png,5003,71db506670e45c4601c97dae2cf1abfc0510cddd71d77bdbfdae66633b7776bd
shenzhen_mascaras,Shenzhen,shcxr-lung-mask/mask/CHNCXR_0029_0.png,3567,e627d2c7a617c24b9ebad4d463af9336fdae416155ed2311420aa54ea7e52ef9
shenzhen_mascaras,Shenzhen,shcxr-lung-mask/mask/CHNCXR_0030_0.png,5285,d590edc4f714cb24f5d95b00bb4baefee87f83bd0fceb6b01ae47a155cbdeb8f
shenzhen_mascaras,Shenzhen,shcxr-lung-mask/mask/CHNCXR_0031_0.png,4154,637eb77376b35069226eab34d4e94f849ae2aeffe49bb033b5dfbea62aa74c8c
shenzhen_mascaras,Shenzhen,shcxr-lung-mask/mask/CHNCXR_0032_0.png,4379,0dd365e9f29c092b8423bfc2518bacf4855b464b70d5f08776dcab0fa3e5cdfa
shenzhen_mascaras,Shenzhen,shcxr-lung-mask/mask/CHNCXR_0033_0.png,4546,3d0869a7982af06d22d61445b324766947d4d7aeb3806ba54b4dea47e9ccb740
shenzhen_mascaras,Shenzhen,shcxr-lung-mask/mask/CHNCXR_0034_0.png,3767,6b5715baeb85d2becdc03483cb448a23e08d47653e6ab7eb904a5464afe90c01
shenzhen_mascaras,Shenzhen,shcxr-lung-mask/mask/CHNCXR_0035_0.png,4130,678577ff9ca238be470c3fe167484dece4ef964ee9559eda453abad98bdc4229
shenzhen_mascaras,Shenzhen,shcxr-lung-mask/mask/CHNCXR_0041_0.png,5226,4f7df5236a68e8380cf541718ab9abd60c27c635ed1220f333ad4016bf2af0ce
shenzhen_mascaras,Shenzhen,shcxr-lung-mask/mask/CHNCXR_0042_0.png,4477,99cac711bfc3ea5f92d589f8a9ba47fea457801c19e1837952add37e234e54bb
shenzhen_mascaras,Shenzhen,shcxr-lung-mask/mask/CHNCXR_0043_0.png,3715,ce26ee55e5836e59b98d1c8c8658030788eee642f412249eacc4ca993354bf01
shenzhen_mascaras,Shenzhen,shcxr-lung-mask/mask/CHNCXR_0044_0.png,4959,19a80e728bc98f499a96e6306a6996c474f8d766e477ac84b5d66ee2443398f7
shenzhen_mascaras,Shenzhen,shcxr-lung-mask/mask/CHNCXR_0045_0.png,3995,9498655bc2cc7a7008b671116b22f5baf23be400fc19b8c590bcdbe7ea90b966
shenzhen_mascaras,Shenzhen,shcxr-lung-mask/mask/CHNCXR_0046_0.png,4782,3bb3b0c5bc342d5b623d5c0d02eaed60bead8ff8117deded0a3fea970dcd0673
shenzhen_mascaras,Shenzhen,shcxr-lung-mask/mask/CHNCXR_0047_0.png,4719,97e407ec1314e37f8b5a690880b59be93b676a4c141a49e4b22fa6b63e9a0587
shenzhen_mascaras,Shenzhen,shcxr-lung-mask/mask/CHNCXR_0048_0.png,4245,fba72493398963c1dd768115a9c92c1f1304b0625e8197dff2b36d06216bc990
shenzhen_mascaras,Shenzhen,shcxr-lung-mask/mask/CHNCXR_0049_0.png,3914,537e5b149cd0cd0bf2f8020e3b63236cf51da8373a75091ff84365728f54eaf7
shenzhen_mascaras,Shenzhen,shcxr-lung-mask/mask/CHNCXR_0050_0.png,4243,3503c8d58e17ec994c25599e3cbd39bc9bbf6aec7f7916925ded910bd8bff63b
shenzhen_mascaras,Shenzhen,shcxr-lung-mask/mask/CHNCXR_0051_0.png,4410,a0a128d6d6547613c02b410ec3b930247cfdfdb35ec7fc9068243c3c27be47c1
shenzhen_mascaras,Shenzhen,shcxr-lung-mask/mask/CHNCXR_0052_0.png,4747,883155a67eac2abe4cf6b8a3264fe496e319c2b03aab0c8f313d63d0ff88e8c5
shenzhen_mascaras,Shenzhen,shcxr-lung-mask/mask/CHNCXR_0053_0.png,4200,afe89d75a91c3331c98d7d184d6ac5e21afd477eb3668eda6867781e1a02d048
shenzhen_mascaras,Shenzhen,shcxr-lung-mask/mask/CHNCXR_0054_0.png,4416,06f87a2452c833d54d1b18370eeffd69f14892e4860d2e8c5a3a538d4763f5ff
shenzhen_mascaras,Shenzhen,shcxr-lung-mask/mask/CHNCXR_0055_0.png,4140,3d0f39db7d1e485e95c8059a08a024c690e4253f5b75bd9dc2ffb82b369ba52d
shenzhen_mascaras,Shenzhen,shcxr-lung-mask/mask/CHNCXR_0056_0.png,4068,4a153018144f6c759824b639de317b7bf1f77ae00284eebc34aff6f0ccf890cc
shenzhen_mascaras,Shenzhen,shcxr-lung-mask/mask/CHNCXR_0057_0.png,4333,5534a09a098c28a1364fcb5151b4369addefc3941d18234389df0a520396653d
shenzhen_mascaras,Shenzhen,shcxr-lung-mask/mask/CHNCXR_0058_0.png,3713,e04999c5ec0adbb1356fb5ed8a3e931695d84bf713916f3099117d5e18425fef
shenzhen_mascaras,Shenzhen,shcxr-lung-mask/mask/CHNCXR_0059_0.png,3859,409dff0cfa6e0fcccaacea553b617d27e541d8c320027e10809c86717155e425
shenzhen_mascaras,Shenzhen,shcxr-lung-mask/mask/CHNCXR_0060_0.png,4204,147a3eb7b6c625bcd128542196cbdf4e8edd9c51ab592abec3983e3279690895
shenzhen_mascaras,Shenzhen,shcxr-lung-mask/mask/CHNCXR_0061_0.png,5223,58ff316c5fc8808f81cda8102d36fd9e108356160f78f4dafa0eaee0cbfba31d
shenzhen_mascaras,Shenzhen,shcxr-lung-mask/mask/CHNCXR_0062_0.png,4423,e49595bdfe3ab02b93e8a6260a2ff6d32ec2229f65df54e15d32077cf2585da6
shenzhen_mascaras,Shenzhen,shcxr-lung-mask/mask/CHNCXR_0063_0.png,4646,2a5e3c373a7e5fb938f8588e8a8eacf5c0b32ed7767e79252d29a17ebf8773d5
shenzhen_mascaras,Shenzhen,shcxr-lung-mask/mask/CHNCXR_0064_0.png,4600,9c04aec2287669a46c2d798cbf54fa550546aae66bb524bb87aad9e226a40717
shenzhen_mascaras,Shenzhen,shcxr-lung-mask/mask/CHNCXR_0066_0.png,3724,1ff9f3ec2687bd874fe0a10c8bdca331e9780a47e5686e07e4a8ab33fe217caf
shenzhen_mascaras,Shenzhen,shcxr-lung-mask/mask/CHNCXR_0067_0.png,4758,682ec5701b1edd6b1bbc837a641ff443298308a31dd9e71026dfbdc908bc1118
shenzhen_mascaras,Shenzhen,shcxr-lung-mask/mask/CHNCXR_0068_0.png,4113,529b10177b5d4c8d824307fb2e4bc07daef7babb3d2cc389bcfd6974a4600fd0
shenzhen_mascaras,Shenzhen,shcxr-lung-mask/mask/CHNCXR_0069_0.png,4702,1c8019ee219b0d7329fe054f29b9e196abbcecee81cf3ac68ebd22423d55ccdc
shenzhen_mascaras,Shenzhen,shcxr-lung-mask/mask/CHNCXR_0070_0.png,5074,0da0dc474f46379687400ba1381f18252b8a480f352a6ac1525c494c962bb433
shenzhen_mascaras,Shenzhen,shcxr-lung-mask/mask/CHNCXR_0071_0.png,4623,44f07ec9feae3c0efbdbaaa5daf979ce6729d870e8473d823b5ec6b9c26c352e
shenzhen_mascaras,Shenzhen,shcxr-lung-mask/mask/CHNCXR_0072_0.png,4898,1aebb5239c820e1332b3bf82f9b21f6748cd58193c295463de4a78a03534c99c
shenzhen_mascaras,Shenzhen,shcxr-lung-mask/mask/CHNCXR_0073_0.png,4318,c3910ca27a2629bd983487cf718bac399c9be533d6e181b0c7a9e91ed07c6120
shenzhen_mascaras,Shenzhen,shcxr-lung-mask/mask/CHNCXR_0074_0.png,5320,b8ad188178e3f2cb66529a2a1e92ddeb444d79a6b850f37d74f4b3cb818f128e
shenzhen_mascaras,Shenzhen,shcxr-lung-mask/mask/CHNCXR_0075_0.png,5267,0fa38d2175b9cf2bd27ed76e088c517bffbe9abf623daa042feea12ad9041a32
shenzhen_mascaras,Shenzhen,shcxr-lung-mask/mask/CHNCXR_0076_0.png,5145,aa50351afec5623fcea66428895f33dffef72e2735b39c9db512e65deb24d702
shenzhen_mascaras,Shenzhen,shcxr-lung-mask/mask/CHNCXR_0077_0.png,4120,137a9db4e9d697f38374d78ff1b5f29d173910971b72bde0225e34d0318df6e5
shenzhen_mascaras,Shenzhen,shcxr-lung-mask/mask/CHNCXR_0078_0.png,4712,b2f1e36ad4241267957d6ba7e42cb912322c76c9f5d04fa8bf2940b7d3c6ad70
shenzhen_mascaras,Shenzhen,shcxr-lung-mask/mask/CHNCXR_0079_0.png,4470,0e6fe701d9bfd540043b71e9e9130c7b21aa090e02ef1e5b024a695615f22a1a
shenzhen_mascaras,Shenzhen,shcxr-lung-mask/mask/CHNCXR_0080_0.png,4116,5e8519de210ef9dbbed5adb5c698f09bed53912c59915f87b2d88bb473703151
shenzhen_mascaras,Shenzhen,shcxr-lung-mask/mask/CHNCXR_0081_0.png,5286,f2bae9d1e4aa9e0692addc0b6a3a5fc8a6f10b007d5ba5a91d09dca4d9f60d49
shenzhen_mascaras,Shenzhen,shcxr-lung-mask/mask/CHNCXR_0082_0.png,4734,336cb03f2ddc262abc73a1e8dcde08a1cdeb18d1da4eb1a499a5d247c0ad0f79
shenzhen_mascaras,Shenzhen,shcxr-lung-mask/mask/CHNCXR_0083_0.png,4105,11ac982842b0f81fa2cd4d8c83f9181e1a4fd37628385ce3623f5d8a3b8cf4bd
shenzhen_mascaras,Shenzhen,shcxr-lung-mask/mask/CHNCXR_0084_0.png,4707,540177ce4bdd36a5af2d7d896a331a972fe1eedcc90b235644d68f9d2f469de3
shenzhen_mascaras,Shenzhen,shcxr-lung-mask/mask/CHNCXR_0085_0.png,4403,0e5264903c0efc28f8beea0c5ab40927ed9d773c1f499ae5adab034f62d7ddd3
shenzhen_mascaras,Shenzhen,shcxr-lung-mask/mask/CHNCXR_0086_0.png,3992,26352c11b280f45cee2f409a08d26cc5666a0d607af3fa7be5a5544d0a518b14
shenzhen_mascaras,Shenzhen,shcxr-lung-mask/mask/CHNCXR_0087_0.png,4692,767316ef5ddc88dcc759cde41ded43f1cd8450140f94371cdb8ee2dcdc7c66ac
shenzhen_mascaras,Shenzhen,shcxr-lung-mask/mask/CHNCXR_0088_0.png,4791,742d864dadd8ee16c9699738fbdd798c7be81444a281d08b60f278a69af641ca
shenzhen_mascaras,Shenzhen,shcxr-lung-mask/mask/CHNCXR_0089_0.png,4741,b764544235e540b4a25610c873b30b42f36a88c414898e7bf7378dcd3fbf6b8e
shenzhen_mascaras,Shenzhen,shcxr-lung-mask/mask/CHNCXR_0090_0.png,4314,0c8cbeb47f2e50474c291ae26f044cd6d68b765ad4c8805f0109d2e681103385
shenzhen_mascaras,Shenzhen,shcxr-lung-mask/mask/CHNCXR_0091_0.png,5030,bb973bf7520534e2003b829c99e51d74d763c805c8e296ff2e8c6b52c0cfd893
shenzhen_mascaras,Shenzhen,shcxr-lung-mask/mask/CHNCXR_0092_0.png,4733,a0aac828083a1ebb3967412e0f6775395ded513688422cac8587e6e13bca6483
shenzhen_mascaras,Shenzhen,shcxr-lung-mask/mask/CHNCXR_0093_0.png,4934,2e6927b0a59b838896f31a9a1413651e4d722c0015d3e647fbe91636a8ac25cc
shenzhen_mascaras,Shenzhen,shcxr-lung-mask/mask/CHNCXR_0094_0.png,4639,950ad0c828d3ff3ed1bae574d34745193bcd7b153f7bee73b2085c506061c4f2
shenzhen_mascaras,Shenzhen,shcxr-lung-mask/mask/CHNCXR_0095_0.png,4819,fb617e63ae474f14731accfdbbb16c55f6366d562c65f09798c910b4741c7f1a
shenzhen_mascaras,Shenzhen,shcxr-lung-mask/mask/CHNCXR_0096_0.png,5417,891b2590e670476a4b627ba22abd850e0368b5a06b0c59cb3edebca13cde7674
shenzhen_mascaras,Shenzhen,shcxr-lung-mask/mask/CHNCXR_0097_0.png,5678,93fd23531d49d56a048520ef02e964c8f13a204880b34a8d15d10fce9f4d864d
shenzhen_mascaras,Shenzhen,shcxr-lung-mask/mask/CHNCXR_0098_0.png,4063,c558749e8c04d3cb14d2c716aa080ca234e3375141b3cb6532989898166e5075
shenzhen_mascaras,Shenzhen,shcxr-lung-mask/mask/CHNCXR_0099_0.png,4434,7f74429b23094562f2c4c3f3663c31f117a32608ebd0c7f20ee37985cb2e7b7b
shenzhen_mascaras,Shenzhen,shcxr-lung-mask/mask/CHNCXR_0100_0.png,5242,4496651df71b05d04dbddc25c0de09ef71914bed3ad520f893acd7cd1d0b864e
shenzhen_mascaras,Shenzhen,shcxr-lung-mask/mask/CHNCXR_0101_0.png,4671,e2333706bf97e42e97dbebb53835b5c6723e6bd5f15b45d16de56f0c3f535d97
shenzhen_mascaras,Shenzhen,shcxr-lung-mask/mask/CHNCXR_0102_0.png,5034,0842912b91d0d7b785c0494e12c5e15a7cb5c60c800bc1b5193e500b9e3273c7
shenzhen_mascaras,Shenzhen,shcxr-lung-mask/mask/CHNCXR_0103_0.png,4789,81915af6ba310ce2d1eadff0eaab7b8ecab2121428a5b355a0c7f6656564a714
shenzhen_mascaras,Shenzhen,shcxr-lung-mask/mask/CHNCXR_0104_0.png,4615,54cbc49cba0e5af06ba006e16a7c1b267270e5f1d3bd97a0c5487048c57a8862
shenzhen_mascaras,Shenzhen,shcxr-lung-mask/mask/CHNCXR_0105_0.png,4331,b6e99ca387b0519bdc7b8cbda0dd67727ada1d4b912614a70b937875373c4ab4
shenzhen_mascaras,Shenzhen,shcxr-lung-mask/mask/CHNCXR_0106_0.png,4711,3a8105f0644cdf571fa2cf13fdad1c1089f30a4c023bed89e789ef0d25ec0bc9
shenzhen_mascaras,Shenzhen,shcxr-lung-mask/mask/CHNCXR_0107_0.png,5127,c16b63329c67e8be0df0f595545d1abbf84c63b41dc190edbdc611258393839a
shenzhen_mascaras,Shenzhen,shcxr-lung-mask/mask/CHNCXR_0108_0.png,5096,f7112c62e597dd95407bbd700068464b864b68874162df9825dfd5e73786fc88
shenzhen_mascaras,Shenzhen,shcxr-lung-mask/mask/CHNCXR_0109_0.png,4041,557d933fd78048d3f8e49f4eb6857776c2585efa5ca83cd358373b894d3789d8
shenzhen_mascaras,Shenzhen,shcxr-lung-mask/mask/CHNCXR_0110_0.png,4112,e2d74dd175f33aea859e79899c3c59ee842647c1d6ff4e9b68faf271f8e8cdda
shenzhen_mascaras,Shenzhen,shcxr-lung-mask/mask/CHNCXR_0111_0.png,4933,a3fee125d5c10e057681c5aa1659f9bd6f2057e5d92b4e24f463af51c3135d9f
shenzhen_mascaras,Shenzhen,shcxr-lung-mask/mask/CHNCXR_0112_0.png,4785,3796c0fd3cb11234d5841cd701371c4c8747b36c403c60253ba4f6ef23b843df
shenzhen_mascaras,Shenzhen,shcxr-lung-mask/mask/CHNCXR_0113_0.png,4782,96a0320fc4d5b5afab65508ad7c970609c34db0ae080c765affcde60fc8d3892
shenzhen_mascaras,Shenzhen,shcxr-lung-mask/mask/CHNCXR_0114_0.png,4443,b1649c1da5d26c146d353290ce55a51afc343312ac94ad4e4ca1c5a4a227c05d
shenzhen_mascaras,Shenzhen,shcxr-lung-mask/mask/CHNCXR_0115_0.png,5478,8c2a38a1e308c6b3a30da55a03133dea34843e59f61ced5fe340c5faed9e138f
shenzhen_mascaras,Shenzhen,shcxr-lung-mask/mask/CHNCXR_0116_0.png,4734,7163b013ee74e4237ed3c50297267ad76b500326f1349d8e64feee25f94efaf4
shenzhen_mascaras,Shenzhen,shcxr-lung-mask/mask/CHNCXR_0117_0.png,4406,f45f032d82415d82aeb8ba9239dc453d65229b79fe99d1731be34d71c3effa8c
shenzhen_mascaras,Shenzhen,shcxr-lung-mask/mask/CHNCXR_0118_0.png,3711,116db99019c6d62005f527e1481f040657e0f1e06cf46f79a343ccc9791ba230
shenzhen_mascaras,Shenzhen,shcxr-lung-mask/mask/CHNCXR_0119_0.png,4220,960342b9a0817f518c959982a361478c7026577038f689b8369b7c948c76cde3
shenzhen_mascaras,Shenzhen,shcxr-lung-mask/mask/CHNCXR_0120_0.png,4563,8d4ace82e91937fa15bd64e6e71f50b79ff999f4c2a5083d0291ab78947f7797
shenzhen_mascaras,Shenzhen,shcxr-lung-mask/mask/CHNCXR_0121_0.png,4679,a66ce54183caf1347538d9c37cf0913eed6ff9a6d3f971deba841bf564150587
shenzhen_mascaras,Shenzhen,shcxr-lung-mask/mask/CHNCXR_0122_0.png,4477,fba12841e682d9f8dc59741c62f915525665075887ec080f85a44c68bb917f1d
shenzhen_mascaras,Shenzhen,shcxr-lung-mask/mask/CHNCXR_0123_0.png,3800,91d85ee894f0e9f5b8197cfa8841cc68869618ddbea9eb4c036f7b105602d685
shenzhen_mascaras,Shenzhen,shcxr-lung-mask/mask/CHNCXR_0124_0.png,4530,c84576d111dd2a4a6522fa1e99dca2e7dec66f6f6c2ebeea433114eea2fbd63a
shenzhen_mascaras,Shenzhen,shcxr-lung-mask/mask/CHNCXR_0125_0.png,4403,871089e554f576943a6e81a2f0c98b8e1c55b2a816488588e204fb564acda743
shenzhen_mascaras,Shenzhen,shcxr-lung-mask/mask/CHNCXR_0126_0.png,3633,5ad9157dfeb31dfe720249b3bea5c84b051d7bc2dd1509248e82875540e7e312
shenzhen_mascaras,Shenzhen,shcxr-lung-mask/mask/CHNCXR_0127_0.png,4976,1ccc2d418dc0d32f23a913317297800e3cb48abf56c1c37f0907b90cc28be56f
shenzhen_mascaras,Shenzhen,shcxr-lung-mask/mask/CHNCXR_0128_0.png,4421,3c0d32cf75ef1291c99ec370c7f854a6c025be2a0b50232e9926f70604b3224f
shenzhen_mascaras,Shenzhen,shcxr-lung-mask/mask/CHNCXR_0129_0.png,4081,2d1a57036f4e4ee8813045428a4be62265a5f178f751ea81e6577093cf5dac2a
shenzhen_mascaras,Shenzhen,shcxr-lung-mask/mask/CHNCXR_0130_0.png,4432,8ab24b3b3714c8e33da62e3a829aba822179624f6ffbf6e892b295eb3691c593
shenzhen_mascaras,Shenzhen,shcxr-lung-mask/mask/CHNCXR_0131_0.png,4676,67b94458588d2bea1b02dbcabecfac37ea7517f8361d1373f678b86fd504d092
shenzhen_mascaras,Shenzhen,shcxr-lung-mask/mask/CHNCXR_0132_0.png,4221,c747b9873091a4d6ba2be3e6c5861b15556a9f018fd621e9767c15bbd96581aa
shenzhen_mascaras,Shenzhen,shcxr-lung-mask/mask/CHNCXR_0133_0.png,4301,7fff7cd410658acd54969c376d8bbf0208b67c4147527dbdf0360734a211156e
shenzhen_mascaras,Shenzhen,shcxr-lung-mask/mask/CHNCXR_0134_0.png,5217,5ace29f37d0f1224cf1a7c75b806fb37a93b50e490bd4d0983927c25765b7e87
shenzhen_mascaras,Shenzhen,shcxr-lung-mask/mask/CHNCXR_0135_0.png,4367,4a60764dc853d17bfd345f2a8014f5ab230ee87cc59a2190dcce5455c579c1d9
shenzhen_mascaras,Shenzhen,shcxr-lung-mask/mask/CHNCXR_0136_0.png,4018,f6b1aa95b0c1fa53c30f0931c82371f2e22cbada30abcf2eaaf330e6ce6adbf5
shenzhen_mascaras,Shenzhen,shcxr-lung-mask/mask/CHNCXR_0137_0.png,4129,23f79072b498919cbd2f32b547e34d558ea1b06410c03d6ba3bf365bce5f4cd3
shenzhen_mascaras,Shenzhen,shcxr-lung-mask/mask/CHNCXR_0138_0.png,4161,d8012a6f3ea83ca24199cd3da21708cdd47a2627cdb80f50620da799bb18b69f
shenzhen_mascaras,Shenzhen,shcxr-lung-mask/mask/CHNCXR_0139_0.png,4159,fe44ee71d27fbcb059dabe9492c198b1027fae5f190c961bd42067226ce57ac8
shenzhen_mascaras,Shenzhen,shcxr-lung-mask/mask/CHNCXR_0140_0.png,5411,b83f4dd3528e847a275206736dd4df06296c2bf7387977c06660b9d259be6ecd
shenzhen_mascaras,Shenzhen,shcxr-lung-mask/mask/CHNCXR_0141_0.png,4505,e420043a934f099e5ce9a88f3f853424463c5b1ede57cf7b34149e3d5e7311c8
shenzhen_mascaras,Shenzhen,shcxr-lung-mask/mask/CHNCXR_0142_0.png,4909,d992c55ea90148ebc083880d1cfa5e396e6ac0d2cf1322dfe367881a8d61795f
shenzhen_mascaras,Shenzhen,shcxr-lung-mask/mask/CHNCXR_0143_0.png,4103,5747ec22da0eca8134c0602e5650bf66c9ce849b000958cf162db1afab4a7a35
shenzhen_mascaras,Shenzhen,shcxr-lung-mask/mask/CHNCXR_0144_0.png,4685,c327c138c62fb6b751d22bb8a4a66023acd787ddbb5b8c385d637606d874bd5c
shenzhen_mascaras,Shenzhen,shcxr-lung-mask/mask/CHNCXR_0145_0.png,4736,218000397ad62018da08900a5f420cf320c5fb3c49954c1c81939d4928468381
shenzhen_mascaras,Shenzhen,shcxr-lung-mask/mask/CHNCXR_0146_0.png,4056,c9f7005b97b85c2524d06f0e085ae68cfb3eae4acca774a328dd85e4f5773787
shenzhen_mascaras,Shenzhen,shcxr-lung-mask/mask/CHNCXR_0147_0.png,4767,6ffc4b9c6842a9ae800e40a2b8f20587254e3e04610bd05052c737bb5d2128de
shenzhen_mascaras,Shenzhen,shcxr-lung-mask/mask/CHNCXR_0148_0.png,4091,c0d170d7cb0f0a8e142b248aad26e1c233c0f7a54e75f91f524d4ea70b256112
shenzhen_mascaras,Shenzhen,shcxr-lung-mask/mask/CHNCXR_0149_0.png,4085,5b9d893f092ded611e800fa9b3d63e2565aa975a993f84cea42f82bf6699317f
shenzhen_mascaras,Shenzhen,shcxr-lung-mask/mask/CHNCXR_0150_0.png,4509,42957167c223f41b26e79d2ecbc5e0a90fa8a2b84aab3547c56c59fcd63766e8
shenzhen_mascaras,Shenzhen,shcxr-lung-mask/mask/CHNCXR_0151_0.png,4135,7201e7c28a34d38e7af5bc6637a3733feb24b9c7abcf789e207e4cfe5c409558
shenzhen_mascaras,Shenzhen,shcxr-lung-mask/mask/CHNCXR_0152_0.png,4746,1cd57f5e7b973a61adf2aedff9ecd894c08c5b801a14b11695d1f696554b3d42
shenzhen_mascaras,Shenzhen,shcxr-lung-mask/mask/CHNCXR_0153_0.png,4490,b831cf73e465ded18f6cfcdcb92782b4f9e0334f313a4423a58bf3311e751445
shenzhen_mascaras,Shenzhen,shcxr-lung-mask/mask/CHNCXR_0154_0.png,4461,58b147616f660c2e056fbc0a588c414ddc63b863633bd755f986dc6b38c81538
shenzhen_mascaras,Shenzhen,shcxr-lung-mask/mask/CHNCXR_0155_0.png,4388,b24ac363b3e7232027db65793ce3e58d34b08d72d7d0ea58cef905a1ae47fead
shenzhen_mascaras,Shenzhen,shcxr-lung-mask/mask/CHNCXR_0156_0.png,3910,d249d1c512bf48ad0674d8131966a26fc8f9e6c3560992f7f32fea83b54bdf26
shenzhen_mascaras,Shenzhen,shcxr-lung-mask/mask/CHNCXR_0157_0.png,4216,e80233b34a342da2ecd35eb92d786b10812a96f9d6ea03d0c134b63451a71283
shenzhen_mascaras,Shenzhen,shcxr-lung-mask/mask/CHNCXR_0158_0.png,4081,63cc68f2dc4b6214a6cc4821f4bb594fe69f038ec072e564bc5541e8108d070a
shenzhen_mascaras,Shenzhen,shcxr-lung-mask/mask/CHNCXR_0159_0.png,4060,df312a4f57c7d5bbe395cab9a1f2f03f6a5e66708441762d48f007c9870b14ef
shenzhen_mascaras,Shenzhen,shcxr-lung-mask/mask/CHNCXR_0160_0.png,4992,9446c6aed62fcfdbd4baeaa56cab8d33b279fe5f6743beb5458735a2e4540d94
shenzhen_mascaras,Shenzhen,shcxr-lung-mask/mask/CHNCXR_0161_0.png,4246,3063c0808f7ba5fd09e25d6b7bf1bb7605a007d29906b72f656a603ef7911d31
shenzhen_mascaras,Shenzhen,shcxr-lung-mask/mask/CHNCXR_0162_0.png,4534,9ee681f96ea567c045f4da3aa6dc6d166ea588d158c97ef0f0b68902652f9995
shenzhen_mascaras,Shenzhen,shcxr-lung-mask/mask/CHNCXR_0163_0.png,4067,a1e2e838083249ba3a2694b4522ff0fe22dbc770821d27b66d67b5e627dba236
shenzhen_mascaras,Shenzhen,shcxr-lung-mask/mask/CHNCXR_0164_0.png,3801,a9013a519d05604e89bf00cc527449c74bb202e8c51c85efd1b3753d1a3ae63d
shenzhen_mascaras,Shenzhen,shcxr-lung-mask/mask/CHNCXR_0165_0.png,4587,19a50ffaa98eec16c9d7624b761b1f70cb3bf3670b6de9513e4f404b1a78bbd9
shenzhen_mascaras,Shenzhen,shcxr-lung-mask/mask/CHNCXR_0166_0.png,5114,696efdd450fa49a6efceabcd8cbd15a4200eae91940c020fc102789244628c7e
shenzhen_mascaras,Shenzhen,shcxr-lung-mask/mask/CHNCXR_0167_0.png,4744,875dc148d5a710b3caf38ce81ea1c08ee142b2c1e0c0f976293920fef4ceed8a
shenzhen_mascaras,Shenzhen,shcxr-lung-mask/mask/CHNCXR_0168_0.png,5185,3b78c82035213e4d4e4e32c172c4a02204b691ec0d4bdbd4d9d3ad149c75a0d5
shenzhen_mascaras,Shenzhen,shcxr-lung-mask/mask/CHNCXR_0169_0.png,4771,c847d935bbff4e1476cbb6859a7d93d66591a91e7d23c899eb963cdf0f6021d7
shenzhen_mascaras,Shenzhen,shcxr-lung-mask/mask/CHNCXR_0170_0.png,3707,c4dbd35dd502735381b95c56eb24eb627e9fb7697e1cc77548be9d97aa49c5a0
shenzhen_mascaras,Shenzhen,shcxr-lung-mask/mask/CHNCXR_0171_0.png,4529,055b88bed4bfff492f4354800776c1b430ebc6c0740ba00fea9cf1a8977c12e3
shenzhen_mascaras,Shenzhen,shcxr-lung-mask/mask/CHNCXR_0172_0.png,5232,3072a765bf64bcdccb22d7b8ccc395b87550cfe1f0840666e8c691c8ed8c2e47
shenzhen_mascaras,Shenzhen,shcxr-lung-mask/mask/CHNCXR_0173_0.png,4745,2f4af68e0189485371fd5ce99618958960dc8b10b8823a1064ccaebd39f126ab
shenzhen_mascaras,Shenzhen,shcxr-lung-mask/mask/CHNCXR_0174_0.png,4636,089eb0a76dce0ebbf53241a38397bb19a5b3d1450dd313eeff1b5051996582f6
shenzhen_mascaras,Shenzhen,shcxr-lung-mask/mask/CHNCXR_0175_0.png,4518,353568911ce2aa040cf3f3cebf844ed056aa141c7bc9c72e3db91654e51e2e29
shenzhen_mascaras,Shenzhen,shcxr-lung-mask/mask/CHNCXR_0176_0.png,4008,55e6d839de2a10ed972c12f10c66a3e7d073180da472103b322a3d607fd2eeab
shenzhen_mascaras,Shenzhen,shcxr-lung-mask/mask/CHNCXR_0177_0.png,5240,eed7a0fb7041018ba501eb80cabe50583afbba7dc674d63ee7d3a29dba0c4ebb
shenzhen_mascaras,Shenzhen,shcxr-lung-mask/mask/CHNCXR_0178_0.png,5011,be67baa1c47aeada5720c8424ccb012754f44a88fafe21434df976631cc5d378
shenzhen_mascaras,Shenzhen,shcxr-lung-mask/mask/CHNCXR_0179_0.png,3717,c5d802b639eb4f1b2eb1c2d67e9464d13eba0e830073b5009fc7a01397b562fb
shenzhen_mascaras,Shenzhen,shcxr-lung-mask/mask/CHNCXR_0180_0.png,4262,4ca2de89ca33a61fc38f6d16b88a76063c46607aed422b3121f307ece8706204
shenzhen_mascaras,Shenzhen,shcxr-lung-mask/mask/CHNCXR_0221_0.png,4701,c89182ece127cbe6b824d5c03f64e8c205804bd58d34290e0779afe7c5f9cb78
shenzhen_mascaras,Shenzhen,shcxr-lung-mask/mask/CHNCXR_0222_0.png,4342,fd883c71abc3317fdd18f2c9a41f985c204e24c8786d3ace4e0debb563a01ec0
shenzhen_mascaras,Shenzhen,shcxr-lung-mask/mask/CHNCXR_0223_0.png,3531,b69a785cf38ec4f59c2b84fd054c2135352267ff7939bfd0dad89ba920c658c4
shenzhen_mascaras,Shenzhen,shcxr-lung-mask/mask/CHNCXR_0224_0.png,4270,18b691ecac5a6a9ac24f82698af607d47d1ec2e4475438bc06e448f84b61bd57
shenzhen_mascaras,Shenzhen,shcxr-lung-mask/mask/CHNCXR_0225_0.png,4522,231aded4635e35b6b1c8b2780384faa8cfb2e1b695c6a4d828760b5219bd31a4
shenzhen_mascaras,Shenzhen,shcxr-lung-mask/mask/CHNCXR_0226_0.png,4148,0835d482f631b58bc695d80e1ca29a5f3b005c07036eb926b3e2894105320306
shenzhen_mascaras,Shenzhen,shcxr-lung-mask/mask/CHNCXR_0227_0.png,4554,69f59893317e1e1cd21c3bffae3d2b1c70e29a44525968117e1306e4e016495d
shenzhen_mascaras,Shenzhen,shcxr-lung-mask/mask/CHNCXR_0228_0.png,6037,d6429a830f28a47bb82812b594c2eff83161a24c8c2c34c226486e9ca5cf0ca5
shenzhen_mascaras,Shenzhen,shcxr-lung-mask/mask/CHNCXR_0229_0.png,4148,54dbdb6990dc1a4efb9c7e874e8272cfe8018477d72ddec8c8aa8dc49955e3d9
shenzhen_mascaras,Shenzhen,shcxr-lung-mask/mask/CHNCXR_0230_0.png,3998,ec52ddec2f53ab75f903803b2954072b29b843d17bbf881665fb95b5ffc37bd7
shenzhen_mascaras,Shenzhen,shcxr-lung-mask/mask/CHNCXR_0231_0.png,4321,6710fce2994837a41bf0a464ecbc340fde1c468b676ab700097dda201bf54fdb
shenzhen_mascaras,Shenzhen,shcxr-lung-mask/mask/CHNCXR_0232_0.png,3736,532144d4580238ead1aa727feedb02c5d7104fbd5eb4bb5624d575f1737396e1
shenzhen_mascaras,Shenzhen,shcxr-lung-mask/mask/CHNCXR_0233_0.png,4159,bba27e2b60b2db18d4cbefb54fd022dc6cd41cb847e9e0262e051ca377aacdc7
shenzhen_mascaras,Shenzhen,shcxr-lung-mask/mask/CHNCXR_0234_0.png,3702,15bbc4d8a589410dc87ab2dfa686180dc53b85c5a4e12c52aa957adc0ea2c2f3
shenzhen_mascaras,Shenzhen,shcxr-lung-mask/mask/CHNCXR_0235_0.png,5471,2ead809f6ef4c3d9bdc370c4e5c96544c109b6a663b49eec2303951070fc3164
shenzhen_mascaras,Shenzhen,shcxr-lung-mask/mask/CHNCXR_0236_0.png,4225,f03faccd78d6c758e2c21c6ea1d73678af889fd6304ae28173bc9df420fd20ab
shenzhen_mascaras,Shenzhen,shcxr-lung-mask/mask/CHNCXR_0237_0.png,3869,4a8df35c469d2bb6f50bb34c3d0262eb2e3f13bb5a3024abd1622a7ac8630ed2
shenzhen_mascaras,Shenzhen,shcxr-lung-mask/mask/CHNCXR_0238_0.png,4454,05c1167aed06d15a4cdaec6677c102876ce4e3b06aa2089a945ad3b97eab779f
shenzhen_mascaras,Shenzhen,shcxr-lung-mask/mask/CHNCXR_0239_0.png,4553,73fa0f14c24c8a06e3481f9e74c80aa64beb3cf7807d0e26487112e9caf28cb6
shenzhen_mascaras,Shenzhen,shcxr-lung-mask/mask/CHNCXR_0240_0.png,4486,1a68c36b922eb1bb75490612f2204a378f2d0382548b4d874cd96d51a58d99b8
shenzhen_mascaras,Shenzhen,shcxr-lung-mask/mask/CHNCXR_0241_0.png,5614,8c17b8c1652f7f6982429bb5f80437644607054d9e72e570d0cdc389f4f8827a
shenzhen_mascaras,Shenzhen,shcxr-lung-mask/mask/CHNCXR_0242_0.png,5493,c8ae4f970931a3080ed95d9c4b6686901c0e931fc237246461f6806b97d44a3c
shenzhen_mascaras,Shenzhen,shcxr-lung-mask/mask/CHNCXR_0243_0.png,4752,3fe7b7f078f9b6b2b4b9891c60e0ec8fc3f305bd0012f23a2b6d1979de3f9a96
shenzhen_mascaras,Shenzhen,shcxr-lung-mask/mask/CHNCXR_0244_0.png,5149,e4b371c37f118fa47837aeadcfaf6368ed5e19994c7411e305f8aed05841a58a
shenzhen_mascaras,Shenzhen,shcxr-lung-mask/mask/CHNCXR_0245_0.png,4656,b5721fa59366d80018c26b17a54e8cd9be3815d062cfb95abcbc6528482f32a7
shenzhen_mascaras,Shenzhen,shcxr-lung-mask/mask/CHNCXR_0246_0.png,4387,f038f59d8e0e290e5cb2e114954c50c0ef844efb7c4852e4327ae92d5425d7f3
shenzhen_mascaras,Shenzhen,shcxr-lung-mask/mask/CHNCXR_0247_0.png,4260,d80b99076c19b485d03c6f46c7a4d1e4a091274ee84fccb4fcf349b2dff9975a
shenzhen_mascaras,Shenzhen,shcxr-lung-mask/mask/CHNCXR_0248_0.png,5613,3ff2b5d612a947c50d0e70a87bb9579969e497eba8fe2c5b86c84a0827a3784c
shenzhen_mascaras,Shenzhen,shcxr-lung-mask/mask/CHNCXR_0249_0.png,4110,cc12e51d328513884e368ed4363b283d904d937f5c3b004327b826007c6ee3cc
shenzhen_mascaras,Shenzhen,shcxr-lung-mask/mask/CHNCXR_0250_0.png,4795,b65bf7f1f3017166fd55caf29a466729c41654dac8aea172263572f010cfdded
shenzhen_mascaras,Shenzhen,shcxr-lung-mask/mask/CHNCXR_0251_0.png,4390,8ad0c2bb4e6d1899d067f70ee5e6b26fe54d1f4b736bd57df6899da825254a98
shenzhen_mascaras,Shenzhen,shcxr-lung-mask/mask/CHNCXR_0252_0.png,4688,dbc9eb12dd2714d9099818a96becd5ad5cb61ddf2775127e9dd09eaa83d209ef
shenzhen_mascaras,Shenzhen,shcxr-lung-mask/mask/CHNCXR_0253_0.png,4399,4f2b86b421537db26c1cd32702d197bb81734a8000cd517229d9a08678002070
shenzhen_mascaras,Shenzhen,shcxr-lung-mask/mask/CHNCXR_0254_0.png,4843,c5bf8bc0ca6456bf50d4aa55bcdb4882f1b626452c93181244785d4235a72286
shenzhen_mascaras,Shenzhen,shcxr-lung-mask/mask/CHNCXR_0255_0.png,4904,353ff8f4b6ee2497b74e0721ddd6b72e052ed143705173c45d48021e8cd8f09e
shenzhen_mascaras,Shenzhen,shcxr-lung-mask/mask/CHNCXR_0256_0.png,4579,db840114f25a98cf32bcabf520c70c934393490faa58069457df2f3e0cac2b57
shenzhen_mascaras,Shenzhen,shcxr-lung-mask/mask/CHNCXR_0257_0.png,4699,f30633ddda425c4ed1f598d09fa0c4b96ec87867492b1af4d24f9ee466147bad
shenzhen_mascaras,Shenzhen,shcxr-lung-mask/mask/CHNCXR_0258_0.png,4693,da1ad5db899b0aa3a364ae31d1d586d72f097d2ae1d6639b3605f1b623bafe2c
shenzhen_mascaras,Shenzhen,shcxr-lung-mask/mask/CHNCXR_0259_0.png,4240,63620ec8db2edeb21a2ea9e89c48d3bafc230daf4dd061ef80dccadc899d2330
shenzhen_mascaras,Shenzhen,shcxr-lung-mask/mask/CHNCXR_0260_0.png,4425,f9cb782a8270c6be19c935fcdea9b141fff677fb396b1a347ab1c074d300ff4e
shenzhen_mascaras,Shenzhen,shcxr-lung-mask/mask/CHNCXR_0261_0.png,4364,f58f73516592997b59253509ad54840219ac0d046d1723cd631b50047cd87875
shenzhen_mascaras,Shenzhen,shcxr-lung-mask/mask/CHNCXR_0262_0.png,4740,597192a7ff987507a90a51e890bccc7fe487cad15b24a3b3c903e3c8a97e3ec2
shenzhen_mascaras,Shenzhen,shcxr-lung-mask/mask/CHNCXR_0263_0.png,4443,3973b4f6c733ec7daf33d84696bb77e110b6c55ae8098ac3eb3f0a889e1f17d0
shenzhen_mascaras,Shenzhen,shcxr-lung-mask/mask/CHNCXR_0264_0.png,4098,19922a854087697c053fba0dce304d75d4501861ad0b60b5f6d416ba246ea2b1
shenzhen_mascaras,Shenzhen,shcxr-lung-mask/mask/CHNCXR_0265_0.png,4074,072f99133a42a77ca2b894c1c54320eda9dd7d312854b54f38dd74482d11a2ed
shenzhen_mascaras,Shenzhen,shcxr-lung-mask/mask/CHNCXR_0266_0.png,3957,b1c6010efecdea9fb552264b6cb942c3a24834de1d110f833edd815261914a79
shenzhen_mascaras,Shenzhen,shcxr-lung-mask/mask/CHNCXR_0267_0.png,3769,b0e5f82faf1a9784ecae5e20aa3cd4ea477c47ab7ef6ad644a1c6e25cdaded14
shenzhen_mascaras,Shenzhen,shcxr-lung-mask/mask/CHNCXR_0268_0.png,4204,38f2596ef0782a4eae2d22a1502105553b24b9222b22774c5f6cd43ecc771750
shenzhen_mascaras,Shenzhen,shcxr-lung-mask/mask/CHNCXR_0269_0.png,3928,fcefd580125f9de21bd45b1fcd51261c171890edb874eb997879e0ad6efb3f56
shenzhen_mascaras,Shenzhen,shcxr-lung-mask/mask/CHNCXR_0270_0.png,3961,c639b9cf989778c1395d87a29881e158a3769da4df51c630d502acb34d5ff52d
shenzhen_mascaras,Shenzhen,shcxr-lung-mask/mask/CHNCXR_0271_0.png,4802,b7b7704387fe56aae17bb9d089af01688bf64b5674dfc764a23a0e1b4c8b80fc
shenzhen_mascaras,Shenzhen,shcxr-lung-mask/mask/CHNCXR_0272_0.png,5500,ad272b4f911462b7bcd95b48ca454a741843fe20db322615e856c253d7629a96
shenzhen_mascaras,Shenzhen,shcxr-lung-mask/mask/CHNCXR_0273_0.png,4758,b8622993ef05cf192439acdec47031002565f1040b0c926238f2a10d65f23d2f
shenzhen_mascaras,Shenzhen,shcxr-lung-mask/mask/CHNCXR_0274_0.png,5187,665c333281194859f262fb78b102907b6d4644c8aadd2e1936a4fad2c7e53346
shenzhen_mascaras,Shenzhen,shcxr-lung-mask/mask/CHNCXR_0275_0.png,3850,bcd189023082ca4d17b626f810f4336e1323754a5cbb7b8e9b44c6accfc5b194
shenzhen_mascaras,Shenzhen,shcxr-lung-mask/mask/CHNCXR_0276_0.png,4256,2710935afd3c2b58ff7ddb9bbed57aa72b515bc4781adde18dd18603528dfaaf
shenzhen_mascaras,Shenzhen,shcxr-lung-mask/mask/CHNCXR_0277_0.png,4552,629bd7df9f4507716029305f3a19e45825fcbde88c3fe4c0a1d35ef47962ac3f
shenzhen_mascaras,Shenzhen,shcxr-lung-mask/mask/CHNCXR_0278_0.png,5246,6863accc0699c4c695d3a8dde27d9bfe5b054afbda7675dd27bff0db69370aff
shenzhen_mascaras,Shenzhen,shcxr-lung-mask/mask/CHNCXR_0279_0.png,5289,f81ff71d23d826bf914b990cdc3b8a33b112bb88a5e81ef408865680f48eba80
shenzhen_mascaras,Shenzhen,shcxr-lung-mask/mask/CHNCXR_0280_0.png,3910,6f83c4a40a418a147c8e78ed5ee27168ea07fb41982bbdb1800bd466bf4330dc
shenzhen_mascaras,Shenzhen,shcxr-lung-mask/mask/CHNCXR_0281_0.png,4974,d9198947c462e85a5810958909ba36824a95c4de7503c30a94fb9c45925e01e1
shenzhen_mascaras,Shenzhen,shcxr-lung-mask/mask/CHNCXR_0282_0.png,4764,6e8884def632ec56c012457b25eb0cb44e84b89d64da13742c93642bad2cfdc7
shenzhen_mascaras,Shenzhen,shcxr-lung-mask/mask/CHNCXR_0283_0.png,4428,0d3ea0d31295cb8be054cbc2180e9e7999a3077b171ffdb6dd6831c958905986
shenzhen_mascaras,Shenzhen,shcxr-lung-mask/mask/CHNCXR_0284_0.png,4032,f9822fd6da7b35fddbdd8fa1e237c1aaaa16e0fc3878ffbb5f3297bdc473ba9b
shenzhen_mascaras,Shenzhen,shcxr-lung-mask/mask/CHNCXR_0285_0.png,4588,b83c6734663de7a685bded7b5bf609bb8a2eeaf8b6ff626246da2152788a0902
shenzhen_mascaras,Shenzhen,shcxr-lung-mask/mask/CHNCXR_0286_0.png,4998,904ef36342c35fc0a61f37297871e6182a69e48b336bfa61e268cc774e48da46
shenzhen_mascaras,Shenzhen,shcxr-lung-mask/mask/CHNCXR_0287_0.png,4529,3e419d2917e1df35c3d68bca6d9704fa44052063972bc976c2f4466e703330b5
shenzhen_mascaras,Shenzhen,shcxr-lung-mask/mask/CHNCXR_0288_0.png,4556,8f0fae50db2b44400bcd7f2644a78c4e63d4482097af6b48a5bb0c6f23ab498a
shenzhen_mascaras,Shenzhen,shcxr-lung-mask/mask/CHNCXR_0289_0.png,4148,f81244f5576ae4193d641a558f44c3ca63956f28cadf99c42e3e8ca94a576b0a
shenzhen_mascaras,Shenzhen,shcxr-lung-mask/mask/CHNCXR_0290_0.png,4487,276f6a980f09fb027e75d4448339b8d817cb841e8006cc168b148dde982fc061
shenzhen_mascaras,Shenzhen,shcxr-lung-mask/mask/CHNCXR_0291_0.png,5364,25f5d28ca0c961e2e7155aad7eefa1bd5db7db61c91c0bb092b2ae59b48402f5
shenzhen_mascaras,Shenzhen,shcxr-lung-mask/mask/CHNCXR_0292_0.png,4117,4c8295ebd0a146751522f5316845715025422c8c1d798c5927a1fe3398240c34
shenzhen_mascaras,Shenzhen,shcxr-lung-mask/mask/CHNCXR_0293_0.png,4842,1047d8f4b503b6f271bfc5caee695c8692a76b08b58ce6988baee53a21594597
shenzhen_mascaras,Shenzhen,shcxr-lung-mask/mask/CHNCXR_0294_0.png,4639,52ebb92a45194f12008ecf5b573ecedb85dd780aa72ca890a148fb3a43e329db
shenzhen_mascaras,Shenzhen,shcxr-lung-mask/mask/CHNCXR_0295_0.png,5013,c063143afd1cf4cccc9ac2b977fb68b3567ad826c1b49072c21da3daea0c4b2b
shenzhen_mascaras,Shenzhen,shcxr-lung-mask/mask/CHNCXR_0296_0.png,5088,2735007306f30ea7998c43e482fd2a7c36bb5ff611b44e747a4372aa44b35d86
shenzhen_mascaras,Shenzhen,shcxr-lung-mask/mask/CHNCXR_0297_0.png,4785,fb6bfc5975139094f50002164743f8ce090e0ce42e7069ab6297267657678086
shenzhen_mascaras,Shenzhen,shcxr-lung-mask/mask/CHNCXR_0298_0.png,4669,07bbf91a18a94f95ced4aa06b6a9a75d70669b538efe5842ab72f2e3b2104134
shenzhen_mascaras,Shenzhen,shcxr-lung-mask/mask/CHNCXR_0299_0.png,4404,c17d588d34fa62a16351070dc06093f68ac4ddc198729f87e5b44e037d5beda6
shenzhen_mascaras,Shenzhen,shcxr-lung-mask/mask/CHNCXR_0300_0.png,4506,ac1f5fcda6e1592b9418860d7c0916b75bb6855567a2218c23a1df5d39f6efd5
shenzhen_mascaras,Shenzhen,shcxr-lung-mask/mask/CHNCXR_0301_0.png,4432,89ea3fb02c94bd4c4458d692572e8efd69955e994e8a7448f6cf5483fb10152d
shenzhen_mascaras,Shenzhen,shcxr-lung-mask/mask/CHNCXR_0302_0.png,4439,421fb0042743bf79445cd72697dd69213408c2495c001ffb985c52e861a1bfd2
shenzhen_mascaras,Shenzhen,shcxr-lung-mask/mask/CHNCXR_0303_0.png,3901,8fdb30f464e55649f04e3e39ab24c0d630019a5f27fcfcdb44ed52b3adacaa5c
shenzhen_mascaras,Shenzhen,shcxr-lung-mask/mask/CHNCXR_0304_0.png,4370,ec3bb59aaff92e82693544d0401403e13f01b4138653b30138de6336bf449d28
shenzhen_mascaras,Shenzhen,shcxr-lung-mask/mask/CHNCXR_0305_0.png,4556,9b413542bc8b7f6b789805a12e34027c943aff20b415b7bd650376c9dfca7f58
shenzhen_mascaras,Shenzhen,shcxr-lung-mask/mask/CHNCXR_0306_0.png,3903,1bcf32b41ba388926bfa5138ecaa0da39f2d94162841957b0bb007ed763863d6
shenzhen_mascaras,Shenzhen,shcxr-lung-mask/mask/CHNCXR_0307_0.png,4125,87540051328770c2850474d115d109cac2fc328996bd515645fa18e53feeb1a2
shenzhen_mascaras,Shenzhen,shcxr-lung-mask/mask/CHNCXR_0308_0.png,4262,795ae18b129876c0421fee853476dbc437ef0b9a228f5bb13fae9656046b0e97
shenzhen_mascaras,Shenzhen,shcxr-lung-mask/mask/CHNCXR_0309_0.png,4806,59d1a507547573858a5d58b90769958e64f9f58cfa1fd991f19daa589b51689c
shenzhen_mascaras,Shenzhen,shcxr-lung-mask/mask/CHNCXR_0310_0.png,4827,bb591bd4633c782b60c23e78467f3581be44c8ce09d2061a1028d3b865b0ebed
shenzhen_mascaras,Shenzhen,shcxr-lung-mask/mask/CHNCXR_0311_0.png,5110,24b6fcbac6d17c19ca6c891b649492eac2d02f9f1327982b2c34fb4ac8878011
shenzhen_mascaras,Shenzhen,shcxr-lung-mask/mask/CHNCXR_0312_0.png,3895,496e43abbda8d1ec07a0ef290408809c6e9180d73f356fc84427d5fddf6538a4
shenzhen_mascaras,Shenzhen,shcxr-lung-mask/mask/CHNCXR_0313_0.png,4575,bb6682f1852199c0765d667decb2bb3de87e7b71de4f2265ff0201461bf0dde4
shenzhen_mascaras,Shenzhen,shcxr-lung-mask/mask/CHNCXR_0314_0.png,4596,039af358cb18d9f5aee50b17eb2ea42315a400285dfe4fefb3aaf5a6982da7e1
shenzhen_mascaras,Shenzhen,shcxr-lung-mask/mask/CHNCXR_0315_0.png,4603,2b3b54020de5f8489dbcbf7f5412fb87a84ab740f1c955b448973f880fb01980
shenzhen_mascaras,Shenzhen,shcxr-lung-mask/mask/CHNCXR_0316_0.png,4815,47f776ca64e37661c77c6d0b7bed9fc2cb87e2f409bf11a366160c6dad9ec1d2
shenzhen_mascaras,Shenzhen,shcxr-lung-mask/mask/CHNCXR_0317_0.png,4747,c2536e3c91143a5dbd261427f96828c72788f2e48a1a4188ad3319cd58788ae4
shenzhen_mascaras,Shenzhen,shcxr-lung-mask/mask/CHNCXR_0318_0.png,4658,a7d0527587f6b74f0ffc551975b35aa0559db427bb84314e70c6bf615bf40de5
shenzhen_mascaras,Shenzhen,shcxr-lung-mask/mask/CHNCXR_0319_0.png,4478,108108e97efab7219760721126616e611db61be9bb13f80a907c98584a5eee98
shenzhen_mascaras,Shenzhen,shcxr-lung-mask/mask/CHNCXR_0320_0.png,4788,222688669eae1819e0d1647691a1eb4de2373c4ac4d336c72c9e797d7081626b
shenzhen_mascaras,Shenzhen,shcxr-lung-mask/mask/CHNCXR_0321_0.png,4535,306fa9a4651d3b5ddb719e76088ba9820e52f34a0d3785c049b8def8d73476aa
shenzhen_mascaras,Shenzhen,shcxr-lung-mask/mask/CHNCXR_0322_0.png,5102,cf14ad9a2b457836c9a497f241ed8ebe91e1889069db747f3d683faceaafac13
shenzhen_mascaras,Shenzhen,shcxr-lung-mask/mask/CHNCXR_0323_0.png,4076,4487f6be818947c789ab519a5bab2e6ccd28421051b2da5f155305e51c5b858b
shenzhen_mascaras,Shenzhen,shcxr-lung-mask/mask/CHNCXR_0324_0.png,4379,120ad13004488a0a84011ad1ec61c75b536e0f50f0163b7d0795a37a3cd73e45
shenzhen_mascaras,Shenzhen,shcxr-lung-mask/mask/CHNCXR_0325_0.png,4074,04877457d18f736333fda8e13cdabe57483dda104583886023b04bbe972b08ec
shenzhen_mascaras,Shenzhen,shcxr-lung-mask/mask/CHNCXR_0326_0.png,4082,15bf6379e317a0f458c5f7708bf41f6512bb5b79a97233de928d18da230ea22d
shenzhen_mascaras,Shenzhen,shcxr-lung-mask/mask/CHNCXR_0327_1.png,5379,cb8ef34d468f138c2c62dc92e91c159d8f6cdca28fc8169bd82492846bdbb30c
shenzhen_mascaras,Shenzhen,shcxr-lung-mask/mask/CHNCXR_0328_1.png,4249,f1c9515c0ab730a90a39ff4cb1919ff783dc2307c83d97e7e528667678d21cc7
shenzhen_mascaras,Shenzhen,shcxr-lung-mask/mask/CHNCXR_0329_1.png,5218,20d71aa29d266009904b9354ff95b7c85a8c2ed8cccec40721d0996a0efdc144
shenzhen_mascaras,Shenzhen,shcxr-lung-mask/mask/CHNCXR_0330_1.png,5211,f653ab1a5d45f476f5ed63c500e84cb9eb88f57084b719acd6c018836eafde25
shenzhen_mascaras,Shenzhen,shcxr-lung-mask/mask/CHNCXR_0331_1.png,5767,0ec4f4b2cee4946b319c16b8e240908fae4ecf618aafd34cce6acbab8e790fae
shenzhen_mascaras,Shenzhen,shcxr-lung-mask/mask/CHNCXR_0332_1.png,5385,2f33b7c316e80f09a735a17b01ece92ef1e932a44d0f0f4b5e62b14038957306
shenzhen_mascaras,Shenzhen,shcxr-lung-mask/mask/CHNCXR_0333_1.png,5866,98b203a53315189a0e7facf13c88a32cb88fc174ab73565d2795c446d265b528
shenzhen_mascaras,Shenzhen,shcxr-lung-mask/mask/CHNCXR_0334_1.png,5098,d31f48b9f47b8afe8977af73e6cdfccabea48ec24ba69d52fd799848ed8d463d
shenzhen_mascaras,Shenzhen,shcxr-lung-mask/mask/CHNCXR_0335_1.png,4965,1037a1bbf724ccc7adb530a654ce8e6e52af7ba607b928d90f6e56c235507574
shenzhen_mascaras,Shenzhen,shcxr-lung-mask/mask/CHNCXR_0337_1.png,5357,95dbc853a7cf832ad487c9969e16482bafd160866c68efa0df0b7d65a5fa687e
shenzhen_mascaras,Shenzhen,shcxr-lung-mask/mask/CHNCXR_0338_1.png,4772,21fc67fcc9ed9af1ad16fc26771f276b5cf9d65c7f530c3c94e6ee929d2b52eb
shenzhen_mascaras,Shenzhen,shcxr-lung-mask/mask/CHNCXR_0339_1.png,5478,ee19bda9d7e8d1c954580a75154a200d114684208923554815607cc176355826
shenzhen_mascaras,Shenzhen,shcxr-lung-mask/mask/CHNCXR_0340_1.png,4751,1c07a01de4aa7a1707981cddb8b01b5375f302df2baa0a61fb01e6a1fd95cc29
shenzhen_mascaras,Shenzhen,shcxr-lung-mask/mask/CHNCXR_0361_1.png,4465,4464cb236452daca86f775bb4f77485d493890e4f931bc81b2e6a1c793afe1e1
shenzhen_mascaras,Shenzhen,shcxr-lung-mask/mask/CHNCXR_0362_1.png,4953,abc582b676652c5330c80945687e3b4d293778a2d5271a5d771bbb19407272ec
shenzhen_mascaras,Shenzhen,shcxr-lung-mask/mask/CHNCXR_0363_1.png,4783,62e4be62dcc462f638c2ecc4af54b88ac6900ad25887cfb5d8ca7874bbff69b2
shenzhen_mascaras,Shenzhen,shcxr-lung-mask/mask/CHNCXR_0364_1.png,4207,e661b9f19cabbb1980ff2abbbb84e21c4f6e4da6fa107833c5a601c8246f78a5
shenzhen_mascaras,Shenzhen,shcxr-lung-mask/mask/CHNCXR_0365_1.png,4586,9126290080b765d27533692ce54229a910764a2c5e74a6af22e5c30fd2ca473f
shenzhen_mascaras,Shenzhen,shcxr-lung-mask/mask/CHNCXR_0366_1.png,4053,29fc8e49acef3e94636ba81d92853cd94f5f01330e2fca434eb669b63f916f72
shenzhen_mascaras,Shenzhen,shcxr-lung-mask/mask/CHNCXR_0367_1.png,5560,5dd844e0a93914dd99a432bda6b3fda188fd83005ca045f82957f1bdcd09e80c
shenzhen_mascaras,Shenzhen,shcxr-lung-mask/mask/CHNCXR_0368_1.png,4690,df7722c31b942bd507dec8d7c9fa6c5d9199fcc4b23049695f3683db23c9b2c4
shenzhen_mascaras,Shenzhen,shcxr-lung-mask/mask/CHNCXR_0369_1.png,4216,019dc0dc677a299d2e68c3c32f265e0b07f41e69c10f778138500a333fdd8252
shenzhen_mascaras,Shenzhen,shcxr-lung-mask/mask/CHNCXR_0370_1.png,3769,37455695b8dd01b8f968cb5632019dc7f4820c23a685218518c07d2288b655fa
shenzhen_mascaras,Shenzhen,shcxr-lung-mask/mask/CHNCXR_0371_1.png,4523,7673b61b59de3c34a5d17c573d4f7b8b9ebb7d3e36d7085acc304d9b84e1822b
shenzhen_mascaras,Shenzhen,shcxr-lung-mask/mask/CHNCXR_0372_1.png,4784,aa5c40ebda56fbefc42bab9a29b3b76628a1d1ac17db06e08f256eebe66bde91
shenzhen_mascaras,Shenzhen,shcxr-lung-mask/mask/CHNCXR_0373_1.png,5031,c986c80e4ec32a97c50f018f693b6e3db845acfd4cbd50fc35bf4bb07168efb1
shenzhen_mascaras,Shenzhen,shcxr-lung-mask/mask/CHNCXR_0374_1.png,4412,954e5aa6071d435897ca3a3003f3711af9a6bdfc8d2a5e62cc3f06d093de3f34
shenzhen_mascaras,Shenzhen,shcxr-lung-mask/mask/CHNCXR_0375_1.png,4720,d1591984e4e1dbb9686f306e1e847ad2c3e567ae9105b380b0edad1442ea9952
shenzhen_mascaras,Shenzhen,shcxr-lung-mask/mask/CHNCXR_0376_1.png,4324,d29280401ed4ba2b8d381cb6ca07ba4df0dac1a26ab661e672ee88a9932f4d48
shenzhen_mascaras,Shenzhen,shcxr-lung-mask/mask/CHNCXR_0377_1.png,4160,f8ea758082fa20c1411446ff68d8234307f6c5a0630728d8c8b684b0d85dcd20
shenzhen_mascaras,Shenzhen,shcxr-lung-mask/mask/CHNCXR_0378_1.png,4403,655f8af9ba157e9101a35e3f4b6ecc748a913d1c0352492c97022c16a5c65534
shenzhen_mascaras,Shenzhen,shcxr-lung-mask/mask/CHNCXR_0379_1.png,4978,62ab018f7da91ebdaf79ec193a3a86cf67e3ac087bd09ab247dffd79a049393d
shenzhen_mascaras,Shenzhen,shcxr-lung-mask/mask/CHNCXR_0380_1.png,3804,6f2ff52d5a16eb072af25e9b5eb475561a4841509a4cc0f13261977df6cb6194
shenzhen_mascaras,Shenzhen,shcxr-lung-mask/mask/CHNCXR_0381_1.png,4147,4ca180b2d9d770f9a18ddad63d45ce23a56d5be6ceec94f735ff2c5b0a3cac2e
shenzhen_mascaras,Shenzhen,shcxr-lung-mask/mask/CHNCXR_0382_1.png,4548,ff8fc979fd6848f7e9503e507b52f6351fbe0468642d1a988ed2e6d321e322d9
shenzhen_mascaras,Shenzhen,shcxr-lung-mask/mask/CHNCXR_0383_1.png,4341,d2c4701867718a27df80049d5dee0f242107c7ca54de3750aaf5e78cd681edec
shenzhen_mascaras,Shenzhen,shcxr-lung-mask/mask/CHNCXR_0384_1.png,4594,1ee74fb7cf3e172af6b7a6ca0a47fb5aedeb63ca9e8642faebe1699cfea69231
shenzhen_mascaras,Shenzhen,shcxr-lung-mask/mask/CHNCXR_0385_1.png,4785,f1cdff9f7c89d50e1d199232eb55bc729b71e5503fc1ee3b4a3d102c4419ded5
shenzhen_mascaras,Shenzhen,shcxr-lung-mask/mask/CHNCXR_0386_1.png,4398,04c67fad13fe619070c488f9349792f159ef834026bcee0ad2f8fdd0ec9fc48b
shenzhen_mascaras,Shenzhen,shcxr-lung-mask/mask/CHNCXR_0387_1.png,5177,d54b02864abc3e4fd11a61eab4cf9be909e1a65a3f9d1b861baa512632cbc905
shenzhen_mascaras,Shenzhen,shcxr-lung-mask/mask/CHNCXR_0388_1.png,4842,7c6bbf8478734ad2309e43867fb58df47651a1cea573aab626fb95f72e717f27
shenzhen_mascaras,Shenzhen,shcxr-lung-mask/mask/CHNCXR_0389_1.png,4405,7966bfc5469ef5dcc395b8ba79f705ed7d7264ec1687067f62bcdeb65f04532b
shenzhen_mascaras,Shenzhen,shcxr-lung-mask/mask/CHNCXR_0390_1.png,5180,cc52e47e98d3e0413bd1e1b66dbf91109d125bde62cfc8e6974c434ecfa8b516
shenzhen_mascaras,Shenzhen,shcxr-lung-mask/mask/CHNCXR_0391_1.png,4539,eb5e897ce2139cbd9397eda272404aa41aa63768e284c55fadc23cd0e52eb362
shenzhen_mascaras,Shenzhen,shcxr-lung-mask/mask/CHNCXR_0392_1.png,5021,1cf86b50b55fc50bc01fa774e3b1b084daca0e875460791eacda9186b5ac6aae
shenzhen_mascaras,Shenzhen,shcxr-lung-mask/mask/CHNCXR_0393_1.png,5353,15ca4c4a2d93f80fb922a435c83849ff6f31c7b368d82713476e34b7dd9f4659
shenzhen_mascaras,Shenzhen,shcxr-lung-mask/mask/CHNCXR_0394_1.png,4815,5818a938c7ee74bac668a6eecc0f083c146b43c7c67ecb9cbc8cde24d1fa5390
shenzhen_mascaras,Shenzhen,shcxr-lung-mask/mask/CHNCXR_0395_1.png,4578,b710616445d4952af9f0e5737f0c383f711bc8119d425d45765edb8d575d9c33
shenzhen_mascaras,Shenzhen,shcxr-lung-mask/mask/CHNCXR_0396_1.png,4887,3fff578574a7d6a41c726904ff9e8f88b9023e0dfbcb58ae30e25947d622c154
shenzhen_mascaras,Shenzhen,shcxr-lung-mask/mask/CHNCXR_0397_1.png,4424,9ba4357530cf07126e0f47b8bcaf153344bd36acd16fb61fce3ed541b8520df1
shenzhen_mascaras,Shenzhen,shcxr-lung-mask/mask/CHNCXR_0398_1.png,4379,d5eb180d617f64bc8e7f7f6f15dd5dc24d3e21e01ef9fd0ee1a8945a80498575
shenzhen_mascaras,Shenzhen,shcxr-lung-mask/mask/CHNCXR_0399_1.png,4527,b0db62dd57f3723cdec61762ae4f06ee2eb51d9147117a0f0ec1d8beebb5b5f3
shenzhen_mascaras,Shenzhen,shcxr-lung-mask/mask/CHNCXR_0400_1.png,4793,07513801446e030ae40e9846e16ddcead80bada8a2edaaaa5f1eac32d5316ac3
shenzhen_mascaras,Shenzhen,shcxr-lung-mask/mask/CHNCXR_0401_1.png,4539,c684f5caa0e407311c771c48151e5f290b7f85f471627085005c118a0d206636
shenzhen_mascaras,Shenzhen,shcxr-lung-mask/mask/CHNCXR_0402_1.png,4589,04f0904db0ccdd0b0a7aab0f16e0b2768444c67efb2daa485ccc7f7658347f2b
shenzhen_mascaras,Shenzhen,shcxr-lung-mask/mask/CHNCXR_0403_1.png,4874,8cd046495d1711e2df5c0193df63d76ca527811ccc210c7b8b93e7ee3ce286d4
shenzhen_mascaras,Shenzhen,shcxr-lung-mask/mask/CHNCXR_0404_1.png,4829,9e1cb114cc025c4333e6dffe197a2d2aef9710f6b3ea8206b7ca0530dfcd3d9d
shenzhen_mascaras,Shenzhen,shcxr-lung-mask/mask/CHNCXR_0405_1.png,4799,2f6e0981a673717490c35e6e0b8099a42e39d13eff8904be99916524c78dedb0
shenzhen_mascaras,Shenzhen,shcxr-lung-mask/mask/CHNCXR_0406_1.png,4801,0860a343f86856e6916ee67307b02842a83d233b6c342c9c6637203efad533a3
shenzhen_mascaras,Shenzhen,shcxr-lung-mask/mask/CHNCXR_0407_1.png,4481,ea51568310f105fc21247f8dd18fbc8a3208eb037ce266d2364a041f72276997
shenzhen_mascaras,Shenzhen,shcxr-lung-mask/mask/CHNCXR_0408_1.png,5083,927b8d6a2d2c1934a78c12fb09db0ff5d24001a1a1aeeb6fa3228d03c2ad6a68
shenzhen_mascaras,Shenzhen,shcxr-lung-mask/mask/CHNCXR_0409_1.png,4739,798492bf8aa6365c1db8ea2ad131df9d5724a198ba117fed1711af74568a881f
shenzhen_mascaras,Shenzhen,shcxr-lung-mask/mask/CHNCXR_0410_1.png,4926,74e48a72196ca1d9297392f1fa8130c51a3ca5b0adfab841b427f0d06332d127
shenzhen_mascaras,Shenzhen,shcxr-lung-mask/mask/CHNCXR_0411_1.png,4528,348192ccdaf2fa8b827ceaa089a788ee83f7bc91e844dd4d3e033ccd320c7493
shenzhen_mascaras,Shenzhen,shcxr-lung-mask/mask/CHNCXR_0412_1.png,4079,7f446c416294025657df47b99e39975484b3bc1b41c62093a7d77fa21f99a816
shenzhen_mascaras,Shenzhen,shcxr-lung-mask/mask/CHNCXR_0413_1.png,4435,a5ca5cf45f67e1a35992e5868f3bec7939322e561be50cfc691963853c6f3a44
shenzhen_mascaras,Shenzhen,shcxr-lung-mask/mask/CHNCXR_0414_1.png,4398,c2cd7ffbd5b4cdc3f5f23fb87c0bcafb77d14ff75ecc82e5bca592f6ec40fd38
shenzhen_mascaras,Shenzhen,shcxr-lung-mask/mask/CHNCXR_0415_1.png,4902,5aa8e234f1562a91bb37e7047e0c8fd4ab325a6a677d3508d7c75996eb4ef2a3
shenzhen_mascaras,Shenzhen,shcxr-lung-mask/mask/CHNCXR_0416_1.png,4716,e89702d89caf2a72d56e2cbda79c395a23af8dbe03c45967d4f754940e4c7dc5
shenzhen_mascaras,Shenzhen,shcxr-lung-mask/mask/CHNCXR_0417_1.png,5145,cdb24f78d04643168120e48eac5a1e2ed5ed97be6eb242c0a0ff77b533c1a3b6
shenzhen_mascaras,Shenzhen,shcxr-lung-mask/mask/CHNCXR_0418_1.png,4595,a59ad7f885a841d44a01544eb97b88d9382694a6d3e594fb37775e401bbee9b1
shenzhen_mascaras,Shenzhen,shcxr-lung-mask/mask/CHNCXR_0419_1.png,4073,3a027600ab5cf6d4ec53034745c3e81910cac09834be740c885c59cf7424db0b
shenzhen_mascaras,Shenzhen,shcxr-lung-mask/mask/CHNCXR_0420_1.png,4836,a69afee9cd2a962ea8c9984bdfa8fa85f8501cf09f421ae8bd18df0e388146f0
shenzhen_mascaras,Shenzhen,shcxr-lung-mask/mask/CHNCXR_0421_1.png,5269,829555fbda4d28acdfaceac2914bd63d4da1969cfd0dd5369b2f0ab90d8e6a0f
shenzhen_mascaras,Shenzhen,shcxr-lung-mask/mask/CHNCXR_0422_1.png,4441,9f9a9749275b2aa834f04ba7645d46f323af2703a8e7468ebeb66889500e594d
shenzhen_mascaras,Shenzhen,shcxr-lung-mask/mask/CHNCXR_0423_1.png,4662,91287400ef78916ee678aced7c3b3a3df881e3af7c276fc8981a73000afa3eb6
shenzhen_mascaras,Shenzhen,shcxr-lung-mask/mask/CHNCXR_0424_1.png,4344,e4aa5141d0c8eb9dc3c46edd81c5b944d1c972fc2c5faeea9cb1d9db29c1fbae
shenzhen_mascaras,Shenzhen,shcxr-lung-mask/mask/CHNCXR_0425_1.png,4897,5bdfb07c500c7042be4cf39d23305065e85761a951a1035676a70cd108bced97
shenzhen_mascaras,Shenzhen,shcxr-lung-mask/mask/CHNCXR_0426_1.png,5078,028d24d737ea79cb2cf47d0a7761b4c83a106931ecd6a615fa7612c3536f48f6
shenzhen_mascaras,Shenzhen,shcxr-lung-mask/mask/CHNCXR_0427_1.png,4554,bd8350ac34171ec45ea84f6d0bc143378b086fd31caffd2e3e4f6757d2d88a12
shenzhen_mascaras,Shenzhen,shcxr-lung-mask/mask/CHNCXR_0428_1.png,4726,7081721a87bd72ab21468eb7b317b8e699d5308e6fdbe94caca3f19df32ab857
shenzhen_mascaras,Shenzhen,shcxr-lung-mask/mask/CHNCXR_0429_1.png,4609,f701b55a2c41d43aee2ec87b977317e14e414bf39e68c7b4c36535fc13cbbc37
shenzhen_mascaras,Shenzhen,shcxr-lung-mask/mask/CHNCXR_0430_1.png,3996,dc893796f598e0714adb598848e9b03b9b09e6b5b79ed530dcd5d9ad87e76381
shenzhen_mascaras,Shenzhen,shcxr-lung-mask/mask/CHNCXR_0431_1.png,5148,0d20d4360688b2172ce65a577950766ee565537d7b0c5adf49ff5b0c7c2cd42f
shenzhen_mascaras,Shenzhen,shcxr-lung-mask/mask/CHNCXR_0432_1.png,4537,5f5e31b177ae179476f82bdf9b644145e8145e47959bf3c397de56417a4701b4
shenzhen_mascaras,Shenzhen,shcxr-lung-mask/mask/CHNCXR_0433_1.png,4933,eb507f28ec6be8cdc0b87f7680544ad03dfe0eecdc43813c637b1aa4ac54138b
shenzhen_mascaras,Shenzhen,shcxr-lung-mask/mask/CHNCXR_0434_1.png,4718,a4bf9634704d152979befb5e70bc742b8dac38bd64bae66b0be999b1802a0312
shenzhen_mascaras,Shenzhen,shcxr-lung-mask/mask/CHNCXR_0435_1.png,5219,ae36d1fa3a53fe6002cdfb52366dfcfbae97ea51ee93aba9a335a13a909adc3e
shenzhen_mascaras,Shenzhen,shcxr-lung-mask/mask/CHNCXR_0436_1.png,4737,21b0e107077dda71d2d261c7c25e04dab70014d64b826040eebce28ba3a69080
shenzhen_mascaras,Shenzhen,shcxr-lung-mask/mask/CHNCXR_0437_1.png,5172,29abeb6595ba7683a6c905aadf010ac310d0091742336042f71d1b7c05ee20dc
shenzhen_mascaras,Shenzhen,shcxr-lung-mask/mask/CHNCXR_0438_1.png,4740,f17e23f5a578f1e15d39db2744f586dcda2529bee14eb1fed0702412d4214960
shenzhen_mascaras,Shenzhen,shcxr-lung-mask/mask/CHNCXR_0439_1.png,4491,46a7a997c603ab6f9ca3404d6fc385274fb923102d4cd363d0cc125196cbb320
shenzhen_mascaras,Shenzhen,shcxr-lung-mask/mask/CHNCXR_0440_1.png,4565,f9d1dd0cbdf0c359937a34e86c3379d748f7ee1ecdc6877ea0d108ea77b14d85
shenzhen_mascaras,Shenzhen,shcxr-lung-mask/mask/CHNCXR_0441_1.png,4512,e65fabea57e3094c33e6d5990d6c1577f53fedaf3758207f180e1fa8b4a5562d
shenzhen_mascaras,Shenzhen,shcxr-lung-mask/mask/CHNCXR_0442_1.png,3931,3201940762365539bba12e1be26e255778a12f7f44d0a74582e0c58bcac5381e
shenzhen_mascaras,Shenzhen,shcxr-lung-mask/mask/CHNCXR_0443_1.png,4203,02405b7aa24c9a6084117404c8458a05914f40057d6ad327ba85325cf5d03b05
shenzhen_mascaras,Shenzhen,shcxr-lung-mask/mask/CHNCXR_0444_1.png,4737,8c3aced7d85d2fab0c47b8364fc94c1128c52ca7f0732d35bc06b9dcde12476e
shenzhen_mascaras,Shenzhen,shcxr-lung-mask/mask/CHNCXR_0445_1.png,4958,bf76a00123e399a02b921f9726c25eb6a55dfabd9dac08ae08ffceeee2cbc913
shenzhen_mascaras,Shenzhen,shcxr-lung-mask/mask/CHNCXR_0446_1.png,4520,d16eb9f6e3f7ed6d923fabb01bd70fc73cfbade60200eb9801f99fb804c965a1
shenzhen_mascaras,Shenzhen,shcxr-lung-mask/mask/CHNCXR_0447_1.png,4449,c03a1510adacc21b0affef2e3d82b5703860661d06f2dad2db77c8ec0291dad8
shenzhen_mascaras,Shenzhen,shcxr-lung-mask/mask/CHNCXR_0448_1.png,5197,7570297142e0ea2e4312c16fd82ee455632329162c5cbcff4ba456c1b46667e5
shenzhen_mascaras,Shenzhen,shcxr-lung-mask/mask/CHNCXR_0449_1.png,4817,692be1c14f439dc15b12b2afac8d9109b3f99028411f037f384cfda2a0f204a7
shenzhen_mascaras,Shenzhen,shcxr-lung-mask/mask/CHNCXR_0450_1.png,4539,9dd8e3343cda2df7186f10cab0e90f2ab3a8771eccbb65f474afa103adbff1d9
shenzhen_mascaras,Shenzhen,shcxr-lung-mask/mask/CHNCXR_0451_1.png,4455,14ede28af1cb3cfdab69967a5c77f0b29397ea5dfb03cab0c4eaa62f4f4ec5fb
shenzhen_mascaras,Shenzhen,shcxr-lung-mask/mask/CHNCXR_0452_1.png,5311,7fb8df87ade98a7f4c06b93d74240e55cfe7f6f185e4dfbf0a820cbae63d2ddf
shenzhen_mascaras,Shenzhen,shcxr-lung-mask/mask/CHNCXR_0453_1.png,3965,5ec67b1c36aacc6866dd2f48c63fad2ee31e8b7c742ff08164623fe59fdb992c
shenzhen_mascaras,Shenzhen,shcxr-lung-mask/mask/CHNCXR_0454_1.png,4923,d4150069fd9d90c84959bc5c70a431abd6408c623ed4aa836a02066746f7eef0
shenzhen_mascaras,Shenzhen,shcxr-lung-mask/mask/CHNCXR_0455_1.png,3001,a56cb69aad92df018a930889ae510ce09e90da5fcf61fff4bb54a90bb265e67f
shenzhen_mascaras,Shenzhen,shcxr-lung-mask/mask/CHNCXR_0456_1.png,5151,c6cb54d087c0c4b6ab1a33a91fa19aece4540e77d3f68d729a1faa28d6b92693
shenzhen_mascaras,Shenzhen,shcxr-lung-mask/mask/CHNCXR_0457_1.png,4853,8a3d6a47a2a6a37d14eb1dcd11f570ce9475c063ee756056b45d6ac5ed1a9441
shenzhen_mascaras,Shenzhen,shcxr-lung-mask/mask/CHNCXR_0458_1.png,4878,f9e0ca3134f30b8f29d8cd2fc51b44356a6f7378a75b7d0284295e13ce9422c7
shenzhen_mascaras,Shenzhen,shcxr-lung-mask/mask/CHNCXR_0459_1.png,4666,a2efce7430343c14e1a614c19176909314118fb5f760a445ef356c613c18e04b
shenzhen_mascaras,Shenzhen,shcxr-lung-mask/mask/CHNCXR_0460_1.png,4916,7f16461c00545e5e30da9b1f835ca1fb78b5895cf70fa512cf57b5370c937ee1
shenzhen_mascaras,Shenzhen,shcxr-lung-mask/mask/CHNCXR_0461_1.png,4698,493dfec2fdd32fc824b61d83aa783d2cff79c54bb8fd69cae5005aabc1a063f2
shenzhen_mascaras,Shenzhen,shcxr-lung-mask/mask/CHNCXR_0462_1.png,5143,4ceeb873ff0932d7f0296a83a1e07fdcacde4a5fdb8db94b53ed8aabfd5a7ca2
shenzhen_mascaras,Shenzhen,shcxr-lung-mask/mask/CHNCXR_0463_1.png,4786,758e78dfe9fefea974db67cb792ba5d5ef64e88a92641553d117d2b1bdc94de7
shenzhen_mascaras,Shenzhen,shcxr-lung-mask/mask/CHNCXR_0464_1.png,4237,d5b1f8bdf1c92b9b805185aaf81d3343b5557a1600a48ae1d4a5a129b9be113b
shenzhen_mascaras,Shenzhen,shcxr-lung-mask/mask/CHNCXR_0465_1.png,4604,92a69561ad69a4e4d7fb693c139d5aabab3625569333d8983f18f1a682901aba
shenzhen_mascaras,Shenzhen,shcxr-lung-mask/mask/CHNCXR_0466_1.png,5305,9abfb310fc6e5f6bc3545f2e36dbf9248fd3746394f8da5b74ba28ed7fc8b4cd
shenzhen_mascaras,Shenzhen,shcxr-lung-mask/mask/CHNCXR_0467_1.png,4961,f956c313a57cfa7bc1e21bd085d27247aa97efbf818cfc0f23830d95f43a5845
shenzhen_mascaras,Shenzhen,shcxr-lung-mask/mask/CHNCXR_0468_1.png,4944,337fd2a5ce8a941cf8d6dadef3544e82c1a3b695b908ddd85d17e5e45e17e2ad
shenzhen_mascaras,Shenzhen,shcxr-lung-mask/mask/CHNCXR_0469_1.png,5174,11cc0607ab05f5208e46ff94d66124c67d48813a3af1cbb88a0fc218b3787b41
shenzhen_mascaras,Shenzhen,shcxr-lung-mask/mask/CHNCXR_0470_1.png,5227,2a8fb512eda5eb40e44da07089d3f2c2cd2deaac91b62e3973c032df3f9a1fc4
shenzhen_mascaras,Shenzhen,shcxr-lung-mask/mask/CHNCXR_0471_1.png,4241,e0c35bb1d64fbe0cbd61fb0d56c6dfb6e5b508bee6393eb2d7e7e6064c978b22
shenzhen_mascaras,Shenzhen,shcxr-lung-mask/mask/CHNCXR_0472_1.png,4954,3873ddf576180942394ed4435490722698b817d9954b1f28c90d92739e5c9b03
shenzhen_mascaras,Shenzhen,shcxr-lung-mask/mask/CHNCXR_0473_1.png,4637,85a66847b9996863d55eaaaf54aaec411565d8f8d4a9116f641abaa600b54941
shenzhen_mascaras,Shenzhen,shcxr-lung-mask/mask/CHNCXR_0474_1.png,4467,cbcae77b093a1e7c56ce3238fef727d1ff3dfcca76d255b8f9cf7e3ac42516e4
shenzhen_mascaras,Shenzhen,shcxr-lung-mask/mask/CHNCXR_0475_1.png,4632,c4c8bb26a947d7665e342553bb1bcb0dd21a4561963320d3ac2ed9a09ffc993b
shenzhen_mascaras,Shenzhen,shcxr-lung-mask/mask/CHNCXR_0476_1.png,5165,5750d3e74fbb4c0d034db0acfbdbcf490be380da150a07cab9c429f7bf9be78d
shenzhen_mascaras,Shenzhen,shcxr-lung-mask/mask/CHNCXR_0477_1.png,5163,030a9dd9d7db59ae4355062d8eb5d0f111b85137760149e93d31979769aed1b3
shenzhen_mascaras,Shenzhen,shcxr-lung-mask/mask/CHNCXR_0478_1.png,5144,54f448d6f76db8883ff1ca9975db6be7cf82cef1acddc861b890d17a091a1893
shenzhen_mascaras,Shenzhen,shcxr-lung-mask/mask/CHNCXR_0479_1.png,4843,6c4e8df7bf2c570fbc869085a7dfa9d3d06bf3c71602d1ddfb090df60f2db646
shenzhen_mascaras,Shenzhen,shcxr-lung-mask/mask/CHNCXR_0480_1.png,4651,d4dd1c4a541ffa6658449ad0a90b4b676ae3c7a46be419133c214ea49f80cfbb
shenzhen_mascaras,Shenzhen,shcxr-lung-mask/mask/CHNCXR_0501_1.png,4864,2e8393cb0208a3b6d812ec67d3e4faf826b6240674dde0c1541a82ca7db927d2
shenzhen_mascaras,Shenzhen,shcxr-lung-mask/mask/CHNCXR_0503_1.png,5158,ce10b17d39d2e54e19a50ae0017a962bea06e6c97615d2c7689076dfc234ac11
shenzhen_mascaras,Shenzhen,shcxr-lung-mask/mask/CHNCXR_0504_1.png,4655,8ed334940d31a92effaa446a4ded421f2c00171930decd62c11f602b3b5a4786
shenzhen_mascaras,Shenzhen,shcxr-lung-mask/mask/CHNCXR_0506_1.png,4532,8f7498bef227a5a5b3c659f607133316e7c687c15d6fb266c4891bbdf4c07980
shenzhen_mascaras,Shenzhen,shcxr-lung-mask/mask/CHNCXR_0507_1.png,5178,562f73330cf055fc8782c51ebb86f8452b33db0c9db3da16b438e29f37fb4d58
shenzhen_mascaras,Shenzhen,shcxr-lung-mask/mask/CHNCXR_0508_1.png,4788,60bb0b6bd07287ae81e6425b8776c06d2129d4ea16103fe83673b9ae78c4d66b
shenzhen_mascaras,Shenzhen,shcxr-lung-mask/mask/CHNCXR_0509_1.png,5240,e5e718092236039d77b11df3c681d10d317d0f996ff1cbe0f5259e87aba12282
shenzhen_mascaras,Shenzhen,shcxr-lung-mask/mask/CHNCXR_0510_1.png,5290,233004beabfbcd593cde955536a838d9c08bf1d76aa83f7ce62f0a701bd4a894
shenzhen_mascaras,Shenzhen,shcxr-lung-mask/mask/CHNCXR_0511_1.png,4606,c4b55c2c72d09cd91857bed005a6c81899c002a403ddb0114e3bab9eb4958fd9
shenzhen_mascaras,Shenzhen,shcxr-lung-mask/mask/CHNCXR_0512_1.png,4839,c5081123339e992e236a120e107c3e5ff44ce8ef4a218b363c28611379ba6b23
shenzhen_mascaras,Shenzhen,shcxr-lung-mask/mask/CHNCXR_0513_1.png,5351,4934fc5e2d4a8843c0148388b484e2c549dd3fcda29836215cfb8744d7f09596
shenzhen_mascaras,Shenzhen,shcxr-lung-mask/mask/CHNCXR_0514_1.png,4847,d082a2183a7c82630f8731043ae17d76b2edf871cdc8e8d2c026df0f4486ee00
shenzhen_mascaras,Shenzhen,shcxr-lung-mask/mask/CHNCXR_0515_1.png,4731,b9cb699c797820abd9551eeabe7b510f5e4181921a2f274c9f9cec2c6942cf57
shenzhen_mascaras,Shenzhen,shcxr-lung-mask/mask/CHNCXR_0516_1.png,4369,ba969365e557b97071137a60ed2343e0e040f5deb358d0cc6295141ab167d8c9
shenzhen_mascaras,Shenzhen,shcxr-lung-mask/mask/CHNCXR_0517_1.png,4376,d4aed9e01d0d7bd94d74d05907712189b62e2c935b88b8fefb122573b3a3c897
shenzhen_mascaras,Shenzhen,shcxr-lung-mask/mask/CHNCXR_0518_1.png,5319,e519752b8c1e74af03ec0d39e135bad78905066b86d6513fbb69a31def5f25bc
shenzhen_mascaras,Shenzhen,shcxr-lung-mask/mask/CHNCXR_0519_1.png,5108,c1bc8ec04bd2990ba3babefcf8f450a5aa40df36d31b29c65e29771fe7132b43
shenzhen_mascaras,Shenzhen,shcxr-lung-mask/mask/CHNCXR_0520_1.png,4583,b73ee9bdd328c34113f6957f35104b11672629911e282d07cb2f98673f79972d
shenzhen_mascaras,Shenzhen,shcxr-lung-mask/mask/CHNCXR_0521_1.png,5404,3f9eaf2cd7cda0cf07ace6b8d0a667d6f418e33d92d3c0cec854304c82b55f26
shenzhen_mascaras,Shenzhen,shcxr-lung-mask/mask/CHNCXR_0522_1.png,4274,03bbffc22108c1edaed4c13c2b6b3ca4ab07def57ed309fb2b2b28c40ea530f7
shenzhen_mascaras,Shenzhen,shcxr-lung-mask/mask/CHNCXR_0523_1.png,4989,c66897ee17b7103bb6781e57e80f4caa2fdfbbb6baf6558ec5701212380e28e3
shenzhen_mascaras,Shenzhen,shcxr-lung-mask/mask/CHNCXR_0524_1.png,4776,f74800799d41ddec3bfd4fae6581fc1498295f449edcd8cb84d65823ba780e36
shenzhen_mascaras,Shenzhen,shcxr-lung-mask/mask/CHNCXR_0525_1.png,5147,412d639d1239d07e5f1b8c90927656f0ff9d410dcd240efa5e9cacc2ac47801c
shenzhen_mascaras,Shenzhen,shcxr-lung-mask/mask/CHNCXR_0526_1.png,4377,d64b392a6ca5d65c3925f19a8db59a65e9edbdf5c7789558adae39064f17afa4
shenzhen_mascaras,Shenzhen,shcxr-lung-mask/mask/CHNCXR_0527_1.png,5179,77fe2a643e206817bb03761fbaed2a70812600b9be33da374a6ebb96dc9948e7
shenzhen_mascaras,Shenzhen,shcxr-lung-mask/mask/CHNCXR_0528_1.png,5682,d90805252da0928b0577f5af6f46b6654bd27b9a3aa300ee32cd931f64304636
shenzhen_mascaras,Shenzhen,shcxr-lung-mask/mask/CHNCXR_0529_1.png,5346,7919e5f5a76d51a8fa7196def589a0ddaf596e3cf91865986717a9873c97d8a9
shenzhen_mascaras,Shenzhen,shcxr-lung-mask/mask/CHNCXR_0530_1.png,3925,7521a1d66cb2909f297585a1f663fc7c1cf7b74695c7d6f59946902fe1169baf
shenzhen_mascaras,Shenzhen,shcxr-lung-mask/mask/CHNCXR_0531_1.png,5590,9c7ab36ba9e3e952768cf571379947a9f41ee537c6e066b245589c36b7362328
shenzhen_mascaras,Shenzhen,shcxr-lung-mask/mask/CHNCXR_0532_1.png,5157,e2f0c9326576157681424e7265080f69907d9a1527b0b647f24fdd40c5c39c3e
shenzhen_mascaras,Shenzhen,shcxr-lung-mask/mask/CHNCXR_0533_1.png,5175,06ef07b3b4786e77df9b94ed344ba1122c4d05a0397f78456eb80252a158c603
shenzhen_mascaras,Shenzhen,shcxr-lung-mask/mask/CHNCXR_0534_1.png,5011,ab795370e48b2c06ad9e78f1cfff07583ca58c16b7e76009e072d6e0d0998954
shenzhen_mascaras,Shenzhen,shcxr-lung-mask/mask/CHNCXR_0535_1.png,4799,727f2957851247a9d4f9904ad5a8bdc5f134d17b5d20ce01e1649a5a9b45577a
shenzhen_mascaras,Shenzhen,shcxr-lung-mask/mask/CHNCXR_0536_1.png,5154,7a0560a4dafd22b75fc9afd970571eeea167f8951a22a717ad56d38e3d2da4b8
shenzhen_mascaras,Shenzhen,shcxr-lung-mask/mask/CHNCXR_0537_1.png,5159,33a50413495d419469f86fd99d9aa71c49ba8d1d50a564bc865803cbd8a68470
shenzhen_mascaras,Shenzhen,shcxr-lung-mask/mask/CHNCXR_0538_1.png,5258,f55942adb9f0a88b4a29f4fac69b87e598b4b1f26f6d228bc20b2b2f300b5305
shenzhen_mascaras,Shenzhen,shcxr-lung-mask/mask/CHNCXR_0539_1.png,5099,095e64afe1e5bddedfa145515e2972f311cbb203c9d4d8de231abaa811329e67
shenzhen_mascaras,Shenzhen,shcxr-lung-mask/mask/CHNCXR_0540_1.png,4770,771ebba6f93df070836f64b6c3e6c3b00c7ca5a1d376a231189ba168780403b9
shenzhen_mascaras,Shenzhen,shcxr-lung-mask/mask/CHNCXR_0541_1.png,5156,0d51a53a414be466f93cdcd81d34e6c4d33f69386cf6f317f0f1a5a8b4053814
shenzhen_mascaras,Shenzhen,shcxr-lung-mask/mask/CHNCXR_0542_1.png,5518,a8f6ec75e98a234afc82e034864197a9e26a1fcd5c0ae6aa98bf3032ff56c0f3
shenzhen_mascaras,Shenzhen,shcxr-lung-mask/mask/CHNCXR_0543_1.png,5315,cd4bec32f2e5c962ea0322c38e98467ed636d494d4cf699d95fd7bef1327247f
shenzhen_mascaras,Shenzhen,shcxr-lung-mask/mask/CHNCXR_0544_1.png,4100,2682ea13956417d5f8b2ea4c4c0d566065cf53f36be4b80af24d8873288d31fd
shenzhen_mascaras,Shenzhen,shcxr-lung-mask/mask/CHNCXR_0545_1.png,4311,4bb3b61acd59cfcc878c2dc84d7d534002535fdd5613b2907b36dd0eb5f842d5
shenzhen_mascaras,Shenzhen,shcxr-lung-mask/mask/CHNCXR_0546_1.png,4820,18099fc29451e65f61c1f7a02eb02503146edd7ed7bbb574051ccf7be95abb93
shenzhen_mascaras,Shenzhen,shcxr-lung-mask/mask/CHNCXR_0547_1.png,5112,b54b62dd5facb21279d38e5d4b58c06eb0c35e1de654f40d91de0b619066a5ad
shenzhen_mascaras,Shenzhen,shcxr-lung-mask/mask/CHNCXR_0548_1.png,4671,70106cfe2ef184bb4beb7496656b640f747fcda8c447c8b8825204915e8d23bf
shenzhen_mascaras,Shenzhen,shcxr-lung-mask/mask/CHNCXR_0549_1.png,4566,8cdf9b7ae4ce3f3ee4c307f259a31f40e524801a5ade634f207a3f0a81fe335e
shenzhen_mascaras,Shenzhen,shcxr-lung-mask/mask/CHNCXR_0550_1.png,4415,ee96924667f6d2e43a80ee2260e03f4f1d75dfde4ec27dca56a7928e51b305f8
shenzhen_mascaras,Shenzhen,shcxr-lung-mask/mask/CHNCXR_0551_1.png,5041,af5d75efc32724edd65f72f595054d410c38d75fc2e7ac570cacd14f635e86e6
shenzhen_mascaras,Shenzhen,shcxr-lung-mask/mask/CHNCXR_0552_1.png,4207,d36c42764c624da4af4745e209cd67a6ff3988319b90b8aed806f960c082cb9c
shenzhen_mascaras,Shenzhen,shcxr-lung-mask/mask/CHNCXR_0553_1.png,5417,8bdfbb2f6c4e6f85d3c16c85f22f01a92b3ecf8398d7b0f58ab64c2a92ce09d5
shenzhen_mascaras,Shenzhen,shcxr-lung-mask/mask/CHNCXR_0554_1.png,5169,7ea3734e142e3bdce465b56e0be5921ee64319e81c3dc3e02a97c348f561bf57
shenzhen_mascaras,Shenzhen,shcxr-lung-mask/mask/CHNCXR_0555_1.png,4634,1c702f6d8f0d181bbe90c8d2da423a7d23e2ab154afd347374ff2d4176e9469a
shenzhen_mascaras,Shenzhen,shcxr-lung-mask/mask/CHNCXR_0556_1.png,5003,befbe03f483ca36836da6efd1d20287b02904a20e7f63c0437ac26bd272bbc7a
shenzhen_mascaras,Shenzhen,shcxr-lung-mask/mask/CHNCXR_0557_1.png,5230,13b8b60eea042752dcdfebea64b15a18247867768007e3b22ef5f5a383920e42
shenzhen_mascaras,Shenzhen,shcxr-lung-mask/mask/CHNCXR_0558_1.png,4176,e07ac7a4d93a83a61cfdd4009cd8f3ecd888ce9a7e5da13f09295492c3215af2
shenzhen_mascaras,Shenzhen,shcxr-lung-mask/mask/CHNCXR_0559_1.png,5244,d296ef56e4b865c039383951e4ab767ca21c0b0f0a6ec01bf93cf3e9f4f4384b
shenzhen_mascaras,Shenzhen,shcxr-lung-mask/mask/CHNCXR_0566_1.png,5078,70dd85d23f8fe6e58f10f4376c9ae267b5303f9ecee68e8898567f1647119d64
shenzhen_mascaras,Shenzhen,shcxr-lung-mask/mask/CHNCXR_0567_1.png,3924,1b49cc8b00c0323701927013c089c2418e7d7607d66c071e2827cfb48e2b14f3
shenzhen_mascaras,Shenzhen,shcxr-lung-mask/mask/CHNCXR_0568_1.png,4847,c11fab09290732881e0e4492af472c3842affe67dce31c29598d3d267dc49d6f
shenzhen_mascaras,Shenzhen,shcxr-lung-mask/mask/CHNCXR_0569_1.png,4786,ba3af7ac7b0df211e72601c368bfe225f8ace8be199d322f0c9d0ab6563d0f5a
shenzhen_mascaras,Shenzhen,shcxr-lung-mask/mask/CHNCXR_0570_1.png,4921,2c02cc2fc345a3ce0436f84cd7de9c2fb1ee04c397a27e58dac6fca077232b2f
shenzhen_mascaras,Shenzhen,shcxr-lung-mask/mask/CHNCXR_0571_1.png,4794,6b27a68f306fb99961c07b5327c78d5ed439a3daa3ab0f67fa67b5fd4660b766
shenzhen_mascaras,Shenzhen,shcxr-lung-mask/mask/CHNCXR_0572_1.png,4100,17429f2c2724b192a0ee59f285476b1fef51c9502a64329af70412fbd644ad6a
shenzhen_mascaras,Shenzhen,shcxr-lung-mask/mask/CHNCXR_0573_1.png,5001,8b1db5534f08493757147dbca1c2527ec0a9318a6a9fd013871304a95617e712
shenzhen_mascaras,Shenzhen,shcxr-lung-mask/mask/CHNCXR_0574_1.png,4810,723be4b85420966f0a91f33514a215af796f3c4b58c7813b88fce89815ec9695
shenzhen_mascaras,Shenzhen,shcxr-lung-mask/mask/CHNCXR_0575_1.png,4948,3f398952e1dcc723096e4271ac1f113cffb07a7ed4b3d5185603a531892ce63a
shenzhen_mascaras,Shenzhen,shcxr-lung-mask/mask/CHNCXR_0576_1.png,5217,df1abfdb583ce12cf7baf5259f3c3a33d35b8ced864f74e2d7df067bcc2a8af5
shenzhen_mascaras,Shenzhen,shcxr-lung-mask/mask/CHNCXR_0577_1.png,4811,2bbaa088e9f9b09b728f0be99ac35c7f11165956687c152dec3f1debe128326e
shenzhen_mascaras,Shenzhen,shcxr-lung-mask/mask/CHNCXR_0578_1.png,4994,870de8595ad7b0daefec9a09169a2e794abc749c5fc3991b6e7847a793785d97
shenzhen_mascaras,Shenzhen,shcxr-lung-mask/mask/CHNCXR_0579_1.png,4882,25dcbc2be7648f582ae646f3c9420ee78c64e56f8277ebf9ee640c29015d005a
shenzhen_mascaras,Shenzhen,shcxr-lung-mask/mask/CHNCXR_0580_1.png,4833,4c7596e50bcaa5efed9d0bad800f2842a5c3111ef0ded3d8b689d64a2300de73
shenzhen_mascaras,Shenzhen,shcxr-lung-mask/mask/CHNCXR_0581_1.png,4854,6e6f2b53a18cb8f901da3665e37d5af5d560c13d362c808a576975a14409e85a
shenzhen_mascaras,Shenzhen,shcxr-lung-mask/mask/CHNCXR_0582_1.png,4867,2694098ad2a9512c910132976352dabdb339d88e76f0de3bbb6704d23f6530a9
shenzhen_mascaras,Shenzhen,shcxr-lung-mask/mask/CHNCXR_0583_1.png,4863,309374830bf856f23520d6b140d515d2d7611f90c76643dc3c63f4d5a2eb3320
shenzhen_mascaras,Shenzhen,shcxr-lung-mask/mask/CHNCXR_0584_1.png,4457,a099a82fbf1066411aaa60fd51f5aa69fa2360f8a621f6a4cb745126493d87a0
shenzhen_mascaras,Shenzhen,shcxr-lung-mask/mask/CHNCXR_0585_1.png,4523,c8310d51f20f13b84d0477bb7189fb65be97680157b57a6ee60a6f0d9dfa3682
shenzhen_mascaras,Shenzhen,shcxr-lung-mask/mask/CHNCXR_0586_1.png,4165,406b682e7ed90e48d02c77b8f1ede946712050789700cab2c0a439c2147593a0
shenzhen_mascaras,Shenzhen,shcxr-lung-mask/mask/CHNCXR_0587_1.png,4875,2d9fb27a494fb6f46f4a0b9496e906ca838ba4e5e8605696ab9e1a541f1ac365
shenzhen_mascaras,Shenzhen,shcxr-lung-mask/mask/CHNCXR_0588_1.png,5103,80606e40d91fbebb8fa3d5224752f7e236fe148f999093d8cbaf823b2a6a09d3
shenzhen_mascaras,Shenzhen,shcxr-lung-mask/mask/CHNCXR_0589_1.png,4998,057bb7e204ffcf3fd9d89a589bb2041ad82a079b300d2490d1a3d6ac78cf80e4
shenzhen_mascaras,Shenzhen,shcxr-lung-mask/mask/CHNCXR_0590_1.png,5423,5baf26ef5a4e7f7875457c64b4ff59b0c33e3ba2688529414e95e05c9a8c3af0
shenzhen_mascaras,Shenzhen,shcxr-lung-mask/mask/CHNCXR_0591_1.png,4851,8829b32111369831a1cce87c0f79f2f349aa3610f2e3be0aa31ed578ba22ec30
shenzhen_mascaras,Shenzhen,shcxr-lung-mask/mask/CHNCXR_0592_1.png,4759,8a3b51b669e54e9c9b56e2eff38c81d469fa5aa67a0dd58d65d6a809633fd04c
shenzhen_mascaras,Shenzhen,shcxr-lung-mask/mask/CHNCXR_0593_1.png,5376,0c8053f1b4065c9ca0173e31300bc856d552908fdb190a27ca2cf2fb040128f6
shenzhen_mascaras,Shenzhen,shcxr-lung-mask/mask/CHNCXR_0594_1.png,5433,21f07e415db43e99d2abe320540d2538e909a178ed64b57e3cfe386a483e82ed
shenzhen_mascaras,Shenzhen,shcxr-lung-mask/mask/CHNCXR_0595_1.png,5247,f178834282001c398e0fd969e2fc765aedb10f08528c1f189faca1d4e28f8b1c
shenzhen_mascaras,Shenzhen,shcxr-lung-mask/mask/CHNCXR_0596_1.png,4820,0999bd57475ec0e528d1f003e263a8bd60c7f90cae4aba1ca7c714e5dcaef36d
shenzhen_mascaras,Shenzhen,shcxr-lung-mask/mask/CHNCXR_0597_1.png,4627,0be18c5752524bc08fad66f39de5eff9eae18c9f25524746d6dcdeb0a0feb390
shenzhen_mascaras,Shenzhen,shcxr-lung-mask/mask/CHNCXR_0598_1.png,5044,a300595ef5445d56d5a4187bf3d6d89f32c655194b8e8289f1a09f54651cf9ae
shenzhen_mascaras,Shenzhen,shcxr-lung-mask/mask/CHNCXR_0599_1.png,4320,4f1a9b08b3a488feff1aca715c5a2b753657a4f39b2b7e32fbd0b08315041bf8
shenzhen_mascaras,Shenzhen,shcxr-lung-mask/mask/CHNCXR_0600_1.png,5203,4862cc9c84cc733952bf75f14747501437b49d5f3099f4b6f090b3c19099575f
shenzhen_mascaras,Shenzhen,shcxr-lung-mask/mask/CHNCXR_0601_1.png,4270,5b15972270ba24650432a114f7e459374cff24367731d818ec96526c3ac8f5ad
shenzhen_mascaras,Shenzhen,shcxr-lung-mask/mask/CHNCXR_0602_1.png,5548,d38e2327f84ff1ace3b6d578150307a7873111bd55fbb70e9c3b603279e8a2c8
shenzhen_mascaras,Shenzhen,shcxr-lung-mask/mask/CHNCXR_0603_1.png,3692,3646f707c92ea6e9a8e3a0b42df68231296e587dfda019b1b4e9d39ae721c568
shenzhen_mascaras,Shenzhen,shcxr-lung-mask/mask/CHNCXR_0604_1.png,3942,68ddd0a704dfb64180e44060e530ff69d1bdd73a6b0939b708555eaa6d973246
shenzhen_mascaras,Shenzhen,shcxr-lung-mask/mask/CHNCXR_0605_1.png,4864,260b19e50c6eeb65c26f0bd694bb808b2badc3c430d0e2d1759ddf56da5a602e
shenzhen_mascaras,Shenzhen,shcxr-lung-mask/mask/CHNCXR_0606_1.png,4760,8c797e6b56093c6b112c88c1666ff1c525d7bd96d2054f19cf9b2624235ae96c
shenzhen_mascaras,Shenzhen,shcxr-lung-mask/mask/CHNCXR_0607_1.png,5131,b375d411dba0ddcdf3962d6bcf9a8a7a0303b42733f2b5497fc753cafec96cc5
shenzhen_mascaras,Shenzhen,shcxr-lung-mask/mask/CHNCXR_0608_1.png,4856,123a7163b0e808fc1a649ab44bd51ab85e9ef4180d1544996573b564e6885b03
shenzhen_mascaras,Shenzhen,shcxr-lung-mask/mask/CHNCXR_0609_1.png,4821,1940d71f618a6b06b8ac56b64b64a40a7acb6c0867c46ffe13f4e6d7b3177fc0
shenzhen_mascaras,Shenzhen,shcxr-lung-mask/mask/CHNCXR_0610_1.png,4692,6f16eb27630a9768ab12f08f75e55e294b9cc01b7d69a7fe35a0cb642532b464
shenzhen_mascaras,Shenzhen,shcxr-lung-mask/mask/CHNCXR_0611_1.png,4770,819374069ae2da46a99d6ff00c7d81f766dd63bb5c90a6b4061da6a852bc44f8
shenzhen_mascaras,Shenzhen,shcxr-lung-mask/mask/CHNCXR_0612_1.png,4963,d0be13391e30f03c33ac28285f33aa5d9931cb4fa67e2a7b30a2bdbae97ef8bd
shenzhen_mascaras,Shenzhen,shcxr-lung-mask/mask/CHNCXR_0613_1.png,4933,661f511bd63432010efe305ac23db2e3d440122dc720fb2bcb4758a66ff815c0
shenzhen_mascaras,Shenzhen,shcxr-lung-mask/mask/CHNCXR_0614_1.png,5307,a44c7a37bb00a4aa7f07bd3d8967adcd05b743ae870cd9ff2785aecda3ad655f
shenzhen_mascaras,Shenzhen,shcxr-lung-mask/mask/CHNCXR_0615_1.png,4837,c1088eadc045f42f91b31bfda49c75f15330ec46417e7640cbe6f337e34a5345
shenzhen_mascaras,Shenzhen,shcxr-lung-mask/mask/CHNCXR_0616_1.png,4943,9578fed138b1fce11a0eebf913fd43d5eea0901f6cd786e103486ba89cf0f02e
shenzhen_mascaras,Shenzhen,shcxr-lung-mask/mask/CHNCXR_0617_1.png,4701,7fb87bf8d192406da3a88d49d7cf65b3ecab15475296e53525cf1df8874d7acf
shenzhen_mascaras,Shenzhen,shcxr-lung-mask/mask/CHNCXR_0618_1.png,5390,592f7503b6b03647a0f287ea250044bd6a91b9bc7e3946ea1443792449aa1d6f
shenzhen_mascaras,Shenzhen,shcxr-lung-mask/mask/CHNCXR_0619_1.png,5517,ddac61e83c646391f5fdca1113a0a6e528b4794cc54a7f853204ff238fddb0df
shenzhen_mascaras,Shenzhen,shcxr-lung-mask/mask/CHNCXR_0620_1.png,5389,d26b044c87f221ede33e5f336849846e0cbfe5a68dd7d1ec2d8adf9927edddd5
shenzhen_mascaras,Shenzhen,shcxr-lung-mask/mask/CHNCXR_0621_1.png,4490,9cfef8a460a2a344a39f86d2f6915a1d1e16b3a7f0dabb63f9fa8e8d834e054b
shenzhen_mascaras,Shenzhen,shcxr-lung-mask/mask/CHNCXR_0622_1.png,5309,c8b84bd846d57f33315817d3fd5c5a04edda38c7c85da3e9450b8613c2e4f8b2
shenzhen_mascaras,Shenzhen,shcxr-lung-mask/mask/CHNCXR_0623_1.png,5091,7033bd4195addabbd4453002964f7b6d49a44ec324f5b867a7314160dac3a6ec
shenzhen_mascaras,Shenzhen,shcxr-lung-mask/mask/CHNCXR_0624_1.png,3772,d0ee9d2678c0dfaa7a7766b237bb793231be8d1ed7d5c03b949ffb6d9761f4e3
shenzhen_mascaras,Shenzhen,shcxr-lung-mask/mask/CHNCXR_0625_1.png,5564,d5e11eb52c832ebad2d4733ea2ea493c68ab4d2056626191dd8d63ffe29c432c
shenzhen_mascaras,Shenzhen,shcxr-lung-mask/mask/CHNCXR_0626_1.png,4615,f5568408b0bc03c76d9741367845fea77f53173518c97ec70ab212a49164f5f6
shenzhen_mascaras,Shenzhen,shcxr-lung-mask/mask/CHNCXR_0627_1.png,4652,7345fbb7ad46c6a68da2e573c818d7f2036282c546c3b640db66f8e3a0590efc
shenzhen_mascaras,Shenzhen,shcxr-lung-mask/mask/CHNCXR_0628_1.png,4755,bff29dfcaf024ccbb34b1ea69389b5bf56433aac8ff68dcf3cc21c30f7a6ae7d
shenzhen_mascaras,Shenzhen,shcxr-lung-mask/mask/CHNCXR_0629_1.png,4738,abc7fa6a2ca57047e4bd8d1f178d91986956dfddfda5d9be487380e9d99a8b01
shenzhen_mascaras,Shenzhen,shcxr-lung-mask/mask/CHNCXR_0630_1.png,4311,ceea5dbc431dd8dd56c2efe73aad9bd45aca032b34ec23e127860b2b6ba44fb4
shenzhen_mascaras,Shenzhen,shcxr-lung-mask/mask/CHNCXR_0631_1.png,4596,73e230f39b1a53d68ae2284dc40f93f1abca971cc91ca182c075c4b9e2768206
shenzhen_mascaras,Shenzhen,shcxr-lung-mask/mask/CHNCXR_0632_1.png,4172,b7799305163c169ad2cc2886e7625b4db9cb114d11c97579e933a2207fc034ed
shenzhen_mascaras,Shenzhen,shcxr-lung-mask/mask/CHNCXR_0633_1.png,4538,b21903386a0992c9948ea9ca6143795e38852f5121e3e652609ae03bd8b70f45
shenzhen_mascaras,Shenzhen,shcxr-lung-mask/mask/CHNCXR_0634_1.png,4908,3e5f30e7a53d97eeba673f79e76be34ce8f85c3a98bc89492460fd56e8347f10
shenzhen_mascaras,Shenzhen,shcxr-lung-mask/mask/CHNCXR_0635_1.png,4937,e189984f697551ab787aa3941aad0eb7de8c2d6bddf35623d0c2b45fcdfccc64
shenzhen_mascaras,Shenzhen,shcxr-lung-mask/mask/CHNCXR_0636_1.png,4567,a914e615a69fcd150545dc005f7b471bfc10ce044f8afc177cda50a4a3b32439
shenzhen_mascaras,Shenzhen,shcxr-lung-mask/mask/CHNCXR_0637_1.png,4196,215ac0f823323b7f91165c677c20fff066b0c516108a16db773b91a699d6e515
shenzhen_mascaras,Shenzhen,shcxr-lung-mask/mask/CHNCXR_0638_1.png,4582,692a080d553d44e5f64858efa0f0ebf982faceffa358cb63f291b8df94befba8
shenzhen_mascaras,Shenzhen,shcxr-lung-mask/mask/CHNCXR_0639_1.png,5020,93875eb248de2a7195318259f05bab2f3f05607007cf17ce1b164632df498ff7
shenzhen_mascaras,Shenzhen,shcxr-lung-mask/mask/CHNCXR_0640_1.png,4686,9a59bf9c43a942175a3168d02906434a3d4f7259ca0407609d93b7f63c4e84a9
shenzhen_mascaras,Shenzhen,shcxr-lung-mask/mask/CHNCXR_0641_1.png,5140,3b5e724ca8b8c3613debe01c205725eef005ea493820cde1339d174ee137dc8b
shenzhen_mascaras,Shenzhen,shcxr-lung-mask/mask/CHNCXR_0642_1.png,5429,b4ab9945b79fba80dc19db0a8b3a5ceda7c0823231c125e8fc88f5a70c4e73a6
shenzhen_mascaras,Shenzhen,shcxr-lung-mask/mask/CHNCXR_0643_1.png,5239,d4db4b13875cd05001bc1940086db90d7e7d444f0966ba88832e4c18016ac918
shenzhen_mascaras,Shenzhen,shcxr-lung-mask/mask/CHNCXR_0644_1.png,5137,1acbddbaa574f864c240b79861896b5182b5fccbdb926a4e680ff676e4ed8f61
shenzhen_mascaras,Shenzhen,shcxr-lung-mask/mask/CHNCXR_0645_1.png,5053,7ebd7d44e92a526b608eb9200c3f0004891417f85b05fff4b9f56401d2b9a165
shenzhen_mascaras,Shenzhen,shcxr-lung-mask/mask/CHNCXR_0646_1.png,4356,b9ff5a1fd5bb60843fffa1b1081464209cb0f09cb83790466c29a0597c35e296
shenzhen_mascaras,Shenzhen,shcxr-lung-mask/mask/CHNCXR_0647_1.png,4626,8298f83504ba043fadba3c134126d5e12d7851c9a7014afcaeb744f7a548d06f
shenzhen_mascaras,Shenzhen,shcxr-lung-mask/mask/CHNCXR_0648_1.png,4900,0d44c3471ee7704ebcd7dcaf0aed5a5f172700907a92bb201ea16e5750f6d592
shenzhen_mascaras,Shenzhen,shcxr-lung-mask/mask/CHNCXR_0649_1.png,4264,8e732c43e0e697c23b6efcd62b3632ff23c4296863a1782d8f8d0618164f151d
shenzhen_mascaras,Shenzhen,shcxr-lung-mask/mask/CHNCXR_0650_1.png,4859,acf185a2c4a65a618e3c76dfe0086cfd79a1744feb0863461b9f7ecd4b52a8ef
shenzhen_mascaras,Shenzhen,shcxr-lung-mask/mask/CHNCXR_0651_1.png,5456,683de32dbdfbc59843e1085b85b1a2674287457cffd8afb02d0fe7f2d1564804
shenzhen_mascaras,Shenzhen,shcxr-lung-mask/mask/CHNCXR_0652_1.png,4515,8ccd7e109276d2b765f2c876e301e09d621a84165dfae9b1821a4e4452256d08
shenzhen_mascaras,Shenzhen,shcxr-lung-mask/mask/CHNCXR_0653_1.png,5133,35b5d372e0efa784cdf6aa0e2add5ac83d77ce06c77c5403627168241514e91f
shenzhen_mascaras,Shenzhen,shcxr-lung-mask/mask/CHNCXR_0654_1.png,6019,fedc9694e2e4ee222221d99dbeeaca34ef4d840c1bcf278c885a3f265a8c69cb
shenzhen_mascaras,Shenzhen,shcxr-lung-mask/mask/CHNCXR_0655_1.png,4915,8ef93d1571fbcccb17a037193b56a1552a0d990fe294513adfde428941fff8a1
shenzhen_mascaras,Shenzhen,shcxr-lung-mask/mask/CHNCXR_0656_1.png,4151,e3b0c9442bd39168bcc0f3409a488c3a9a07b8ca206e6f7929cae0174afbf658
shenzhen_mascaras,Shenzhen,shcxr-lung-mask/mask/CHNCXR_0657_1.png,5166,0a5f3856352071858f9c9822706b655811deac21feb3c4893d447e77e4b42332
shenzhen_mascaras,Shenzhen,shcxr-lung-mask/mask/CHNCXR_0658_1.png,4890,1587eda0c276e9b1a33819852f867450a46cb8f4fce3c9a829fa4fa66685c483
shenzhen_mascaras,Shenzhen,shcxr-lung-mask/mask/CHNCXR_0659_1.png,4289,330076e8825a8938532cc911fa407420385baded6ea3cb4ae4ee7b4defcea937
shenzhen_mascaras,Shenzhen,shcxr-lung-mask/mask/CHNCXR_0660_1.png,4259,4a56e556beb7442bb9ed12185bd513d34090338ff8b2331fd80ff137e256672c
shenzhen_mascaras,Shenzhen,shcxr-lung-mask/mask/CHNCXR_0661_1.png,5531,a574fa719e47dc3157a01f5a859c293da555642542c30f893eeb75ddf6de890f
shenzhen_mascaras,Shenzhen,shcxr-lung-mask/mask/CHNCXR_0662_1.png,5476,71555c1d74536efe36bfb1498eecff6258d40cda59766f441af0e8fbfce76681
