image_id,subject_id,subject_evidence,dataset_id,dataset_version,site_id,modality,relative_path,sha256,height,width,depth,channels,orientacion,dtype,bits_efectivos,intensity_unit,valor_min,valor_max,media,desviacion,mediana,escala_invertida,spacing_y_mm,spacing_x_mm,spacing_z_mm,edad,edad_meses,sexo,target,target_source,hallazgo_texto,mask_path,mask_source,quality_status,quality_reason,split
CHNCXR_0001_0,,,NLM-ChinaCXRSet,NLM 2014 (archivos 2024-08-28),"Shenzhen No. 3 People's Hospital, Guangdong, China",DR,ChinaSet_AllFiles/CXR_png/CHNCXR_0001_0.png,,2919,3000,1,3,horizontal,uint8,8,stored,0.0,255.0,170.704,61.2779,192.0,0,,,,45,540,M,0,sufijo_del_nombre_de_archivo,normal,shcxr-lung-mask/mask/CHNCXR_0001_0.png,"Instituto Politecnico de Kiev (Stirenko et al. 2018), CC BY-NC-SA 4.0",aceptada,,
CHNCXR_0002_0,,,NLM-ChinaCXRSet,NLM 2014 (archivos 2024-08-28),"Shenzhen No. 3 People's Hospital, Guangdong, China",DR,ChinaSet_AllFiles/CXR_png/CHNCXR_0002_0.png,,2951,3000,1,3,horizontal,uint8,8,stored,0.0,255.0,156.6202,70.9507,182.0,0,,,,63,756,M,0,sufijo_del_nombre_de_archivo,normal,shcxr-lung-mask/mask/CHNCXR_0002_0.png,"Instituto Politecnico de Kiev (Stirenko et al. 2018), CC BY-NC-SA 4.0",aceptada,,
CHNCXR_0003_0,,,NLM-ChinaCXRSet,NLM 2014 (archivos 2024-08-28),"Shenzhen No. 3 People's Hospital, Guangdong, China",DR,ChinaSet_AllFiles/CXR_png/CHNCXR_0003_0.png,,2945,2987,1,3,horizontal,uint8,8,stored,0.0,255.0,160.2302,64.5695,179.0,0,,,,48,576,F,0,sufijo_del_nombre_de_archivo,normal,shcxr-lung-mask/mask/CHNCXR_0003_0.png,"Instituto Politecnico de Kiev (Stirenko et al. 2018), CC BY-NC-SA 4.0",aceptada,,
CHNCXR_0004_0,,,NLM-ChinaCXRSet,NLM 2014 (archivos 2024-08-28),"Shenzhen No. 3 People's Hospital, Guangdong, China",DR,ChinaSet_AllFiles/CXR_png/CHNCXR_0004_0.png,,2933,3000,1,3,horizontal,uint8,8,stored,0.0,255.0,156.547,68.659,178.0,0,,,,58,696,M,0,sufijo_del_nombre_de_archivo,normal,shcxr-lung-mask/mask/CHNCXR_0004_0.png,"Instituto Politecnico de Kiev (Stirenko et al. 2018), CC BY-NC-SA 4.0",aceptada,,
CHNCXR_0005_0,,,NLM-ChinaCXRSet,NLM 2014 (archivos 2024-08-28),"Shenzhen No. 3 People's Hospital, Guangdong, China",DR,ChinaSet_AllFiles/CXR_png/CHNCXR_0005_0.png,,2933,3000,1,3,horizontal,uint8,8,stored,0.0,255.0,148.3966,68.1561,166.0,0,,,,28,336,M,0,sufijo_del_nombre_de_archivo,normal,shcxr-lung-mask/mask/CHNCXR_0005_0.png,"Instituto Politecnico de Kiev (Stirenko et al. 2018), CC BY-NC-SA 4.0",aceptada,,
CHNCXR_0006_0,,,NLM-ChinaCXRSet,NLM 2014 (archivos 2024-08-28),"Shenzhen No. 3 People's Hospital, Guangdong, China",DR,ChinaSet_AllFiles/CXR_png/CHNCXR_0006_0.png,,2948,2775,1,3,vertical,uint8,8,stored,0.0,255.0,158.4061,65.6163,179.0,0,,,,60,720,M,0,sufijo_del_nombre_de_archivo,normal,shcxr-lung-mask/mask/CHNCXR_0006_0.png,"Instituto Politecnico de Kiev (Stirenko et al. 2018), CC BY-NC-SA 4.0",aceptada,,
CHNCXR_0007_0,,,NLM-ChinaCXRSet,NLM 2014 (archivos 2024-08-28),"Shenzhen No. 3 People's Hospital, Guangdong, China",DR,ChinaSet_AllFiles/CXR_png/CHNCXR_0007_0.png,,2320,2306,1,3,vertical,uint8,8,stored,0.0,255.0,189.0328,53.0003,205.0,0,,,,53,636,F,0,sufijo_del_nombre_de_archivo,normal,shcxr-lung-mask/mask/CHNCXR_0007_0.png,"Instituto Politecnico de Kiev (Stirenko et al. 2018), CC BY-NC-SA 4.0",aceptada,,
CHNCXR_0008_0,,,NLM-ChinaCXRSet,NLM 2014 (archivos 2024-08-28),"Shenzhen No. 3 People's Hospital, Guangdong, China",DR,ChinaSet_AllFiles/CXR_png/CHNCXR_0008_0.png,,2937,3000,1,3,horizontal,uint8,8,stored,0.0,255.0,173.2501,59.3853,192.0,0,,,,48,576,M,0,sufijo_del_nombre_de_archivo,normal,shcxr-lung-mask/mask/CHNCXR_0008_0.png,"Instituto Politecnico de Kiev (Stirenko et al. 2018), CC BY-NC-SA 4.0",aceptada,,
CHNCXR_0009_0,,,NLM-ChinaCXRSet,NLM 2014 (archivos 2024-08-28),"Shenzhen No. 3 People's Hospital, Guangdong, China",DR,ChinaSet_AllFiles/CXR_png/CHNCXR_0009_0.png,,2942,2516,1,3,vertical,uint8,8,stored,0.0,255.0,179.9323,57.1064,198.0,0,,,,71,852,F,0,sufijo_del_nombre_de_archivo,normal,shcxr-lung-mask/mask/CHNCXR_0009_0.png,"Instituto Politecnico de Kiev (Stirenko et al. 2018), CC BY-NC-SA 4.0",aceptada,,
CHNCXR_0010_0,,,NLM-ChinaCXRSet,NLM 2014 (archivos 2024-08-28),"Shenzhen No. 3 People's Hospital, Guangdong, China",DR,ChinaSet_AllFiles/CXR_png/CHNCXR_0010_0.png,,2947,3000,1,3,horizontal,uint8,8,stored,0.0,255.0,163.6551,70.086,188.0,0,,,,59,708,F,0,sufijo_del_nombre_de_archivo,normal,shcxr-lung-mask/mask/CHNCXR_0010_0.png,"Instituto Politecnico de Kiev (Stirenko et al. 2018), CC BY-NC-SA 4.0",aceptada,,
CHNCXR_0011_0,,,NLM-ChinaCXRSet,NLM 2014 (archivos 2024-08-28),"Shenzhen No. 3 People's Hospital, Guangdong, China",DR,ChinaSet_AllFiles/CXR_png/CHNCXR_0011_0.png,,2921,3000,1,3,horizontal,uint8,8,stored,0.0,255.0,168.9074,64.4104,193.0,0,,,,43,516,M,0,sufijo_del_nombre_de_archivo,normal,shcxr-lung-mask/mask/CHNCXR_0011_0.png,"Instituto Politecnico de Kiev (Stirenko et al. 2018), CC BY-NC-SA 4.0",aceptada,,
CHNCXR_0012_0,,,NLM-ChinaCXRSet,NLM 2014 (archivos 2024-08-28),"Shenzhen No. 3 People's Hospital, Guangdong, China",DR,ChinaSet_AllFiles/CXR_png/CHNCXR_0012_0.png,,2959,3000,1,3,horizontal,uint8,8,stored,0.0,255.0,152.7901,58.5598,163.0,0,,,,39,468,M,0,sufijo_del_nombre_de_archivo,normal,shcxr-lung-mask/mask/CHNCXR_0012_0.png,"Instituto Politecnico de Kiev (Stirenko et al. 2018), CC BY-NC-SA 4.0",aceptada,,
CHNCXR_0013_0,,,NLM-ChinaCXRSet,NLM 2014 (archivos 2024-08-28),"Shenzhen No. 3 People's Hospital, Guangdong, China",DR,ChinaSet_AllFiles/CXR_png/CHNCXR_0013_0.png,,2937,3000,1,3,horizontal,uint8,8,stored,0.0,255.0,182.2024,53.0413,198.0,0,,,,41,492,M,0,sufijo_del_nombre_de_archivo,normal,shcxr-lung-mask/mask/CHNCXR_0013_0.png,"Instituto Politecnico de Kiev (Stirenko et al. 2018), CC BY-NC-SA 4.0",aceptada,,
CHNCXR_0014_0,,,NLM-ChinaCXRSet,NLM 2014 (archivos 2024-08-28),"Shenzhen No. 3 People's Hospital, Guangdong, China",DR,ChinaSet_AllFiles/CXR_png/CHNCXR_0014_0.png,,2919,3000,1,3,horizontal,uint8,8,stored,0.0,255.0,159.329,71.4504,185.0,0,,,,39,468,M,0,sufijo_del_nombre_de_archivo,normal,shcxr-lung-mask/mask/CHNCXR_0014_0.png,"Instituto Politecnico de Kiev (Stirenko et al. 2018), CC BY-NC-SA 4.0",aceptada,,
CHNCXR_0015_0,,,NLM-ChinaCXRSet,NLM 2014 (archivos 2024-08-28),"Shenzhen No. 3 People's Hospital, Guangdong, China",DR,ChinaSet_AllFiles/CXR_png/CHNCXR_0015_0.png,,2941,3000,1,3,horizontal,uint8,8,stored,0.0,255.0,162.0572,62.468,182.0,0,,,,28,336,F,0,sufijo_del_nombre_de_archivo,normal,shcxr-lung-mask/mask/CHNCXR_0015_0.png,"Instituto Politecnico de Kiev (Stirenko et al. 2018), CC BY-NC-SA 4.0",aceptada,,
CHNCXR_0016_0,,,NLM-ChinaCXRSet,NLM 2014 (archivos 2024-08-28),"Shenzhen No. 3 People's Hospital, Guangdong, China",DR,ChinaSet_AllFiles/CXR_png/CHNCXR_0016_0.png,,2943,3000,1,3,horizontal,uint8,8,stored,0.0,255.0,158.4238,73.1019,183.0,0,,,,57,684,F,0,sufijo_del_nombre_de_archivo,normal,shcxr-lung-mask/mask/CHNCXR_0016_0.png,"Instituto Politecnico de Kiev (Stirenko et al. 2018), CC BY-NC-SA 4.0",aceptada,,
CHNCXR_0017_0,,,NLM-ChinaCXRSet,NLM 2014 (archivos 2024-08-28),"Shenzhen No. 3 People's Hospital, Guangdong, China",DR,ChinaSet_AllFiles/CXR_png/CHNCXR_0017_0.png,,2908,2789,1,3,vertical,uint8,8,stored,0.0,255.0,166.4602,69.8857,191.0,0,,,,35,420,M,0,sufijo_del_nombre_de_archivo,normal,shcxr-lung-mask/mask/CHNCXR_0017_0.png,"Instituto Politecnico de Kiev (Stirenko et al. 2018), CC BY-NC-SA 4.0",aceptada,,
CHNCXR_0018_0,,,NLM-ChinaCXRSet,NLM 2014 (archivos 2024-08-28),"Shenzhen No. 3 People's Hospital, Guangdong, China",DR,ChinaSet_AllFiles/CXR_png/CHNCXR_0018_0.png,,2907,2991,1,3,horizontal,uint8,8,stored,0.0,255.0,167.6341,59.9578,185.0,0,,,,42,504,M,0,sufijo_del_nombre_de_archivo,normal,shcxr-lung-mask/mask/CHNCXR_0018_0.png,"Instituto Politecnico de Kiev (Stirenko et al. 2018), CC BY-NC-SA 4.0",aceptada,,
CHNCXR_0019_0,,,NLM-ChinaCXRSet,NLM 2014 (archivos 2024-08-28),"Shenzhen No. 3 People's Hospital, Guangdong, China",DR,ChinaSet_AllFiles/CXR_png/CHNCXR_0019_0.png,,2941,3000,1,3,horizontal,uint8,8,stored,6.0,255.0,176.7944,61.0354,196.0,0,,,,27,324,M,0,sufijo_del_nombre_de_archivo,normal,shcxr-lung-mask/mask/CHNCXR_0019_0.png,"Instituto Politecnico de Kiev (Stirenko et al. 2018), CC BY-NC-SA 4.0",aceptada,,
CHNCXR_0020_0,,,NLM-ChinaCXRSet,NLM 2014 (archivos 2024-08-28),"Shenzhen No. 3 People's Hospital, Guangdong, China",DR,ChinaSet_AllFiles/CXR_png/CHNCXR_0020_0.png,,2555,2760,1,3,horizontal,uint8,8,stored,0.0,255.0,152.8355,61.384,168.0,0,,,,32,384,M,0,sufijo_del_nombre_de_archivo,normal,shcxr-lung-mask/mask/CHNCXR_0020_0.png,"Instituto Politecnico de Kiev (Stirenko et al. 2018), CC BY-NC-SA 4.0",aceptada,,
CHNCXR_0021_0,,,NLM-ChinaCXRSet,NLM 2014 (archivos 2024-08-28),"Shenzhen No. 3 People's Hospital, Guangdong, China",DR,ChinaSet_AllFiles/CXR_png/CHNCXR_0021_0.png,,2953,2868,1,3,vertical,uint8,8,stored,0.0,255.0,163.5537,64.3322,183.0,0,,,,38,456,F,0,sufijo_del_nombre_de_archivo,normal,shcxr-lung-mask/mask/CHNCXR_0021_0.png,"Instituto Politecnico de Kiev (Stirenko et al. 2018), CC BY-NC-SA 4.0",aceptada,,
CHNCXR_0022_0,,,NLM-ChinaCXRSet,NLM 2014 (archivos 2024-08-28),"Shenzhen No. 3 People's Hospital, Guangdong, China",DR,ChinaSet_AllFiles/CXR_png/CHNCXR_0022_0.png,,2951,3000,1,3,horizontal,uint8,8,stored,0.0,255.0,156.9424,66.4554,177.0,0,,,,56,672,M,0,sufijo_del_nombre_de_archivo,normal,shcxr-lung-mask/mask/CHNCXR_0022_0.png,"Instituto Politecnico de Kiev (Stirenko et al. 2018), CC BY-NC-SA 4.0",aceptada,,
CHNCXR_0023_0,,,NLM-ChinaCXRSet,NLM 2014 (archivos 2024-08-28),"Shenzhen No. 3 People's Hospital, Guangdong, China",DR,ChinaSet_AllFiles/CXR_png/CHNCXR_0023_0.png,,2937,3000,1,3,horizontal,uint8,8,stored,0.0,255.0,157.322,62.9548,175.0,0,,,,32,384,M,0,sufijo_del_nombre_de_archivo,normal,shcxr-lung-mask/mask/CHNCXR_0023_0.png,"Instituto Politecnico de Kiev (Stirenko et al. 2018), CC BY-NC-SA 4.0",aceptada,,
CHNCXR_0024_0,,,NLM-ChinaCXRSet,NLM 2014 (archivos 2024-08-28),"Shenzhen No. 3 People's Hospital, Guangdong, China",DR,ChinaSet_AllFiles/CXR_png/CHNCXR_0024_0.png,,2951,3000,1,3,horizontal,uint8,8,stored,0.0,255.0,153.3204,68.8967,176.0,0,,,,22,264,M,0,sufijo_del_nombre_de_archivo,normal,shcxr-lung-mask/mask/CHNCXR_0024_0.png,"Instituto Politecnico de Kiev (Stirenko et al. 2018), CC BY-NC-SA 4.0",aceptada,,
CHNCXR_0025_0,,,NLM-ChinaCXRSet,NLM 2014 (archivos 2024-08-28),"Shenzhen No. 3 People's Hospital, Guangdong, China",DR,ChinaSet_AllFiles/CXR_png/CHNCXR_0025_0.png,,2937,3000,1,3,horizontal,uint8,8,stored,0.0,255.0,164.9844,58.7686,180.0,0,,,,29,348,M,0,sufijo_del_nombre_de_archivo,normal,,,revisar,sin_mascara_referencia,
CHNCXR_0026_0,,,NLM-ChinaCXRSet,NLM 2014 (archivos 2024-08-28),"Shenzhen No. 3 People's Hospital, Guangdong, China",DR,ChinaSet_AllFiles/CXR_png/CHNCXR_0026_0.png,,2933,3000,1,3,horizontal,uint8,8,stored,0.0,255.0,168.1682,66.0572,192.0,0,,,,29,348,M,0,sufijo_del_nombre_de_archivo,normal,shcxr-lung-mask/mask/CHNCXR_0026_0.png,"Instituto Politecnico de Kiev (Stirenko et al. 2018), CC BY-NC-SA 4.0",aceptada,,
CHNCXR_0027_0,,,NLM-ChinaCXRSet,NLM 2014 (archivos 2024-08-28),"Shenzhen No. 3 People's Hospital, Guangdong, China",DR,ChinaSet_AllFiles/CXR_png/CHNCXR_0027_0.png,,2925,2997,1,3,horizontal,uint8,8,stored,0.0,255.0,155.5026,67.9533,176.0,0,,,,57,684,F,0,sufijo_del_nombre_de_archivo,normal,shcxr-lung-mask/mask/CHNCXR_0027_0.png,"Instituto Politecnico de Kiev (Stirenko et al. 2018), CC BY-NC-SA 4.0",aceptada,,
CHNCXR_0028_0,,,NLM-ChinaCXRSet,NLM 2014 (archivos 2024-08-28),"Shenzhen No. 3 People's Hospital, Guangdong, China",DR,ChinaSet_AllFiles/CXR_png/CHNCXR_0028_0.png,,2941,3000,1,3,horizontal,uint8,8,stored,0.0,255.0,152.9871,62.9273,166.0,0,,,,39,468,M,0,sufijo_del_nombre_de_archivo,normal,shcxr-lung-mask/mask/CHNCXR_0028_0.png,"Instituto Politecnico de Kiev (Stirenko et al. 2018), CC BY-NC-SA 4.0",aceptada,,
CHNCXR_0029_0,,,NLM-ChinaCXRSet,NLM 2014 (archivos 2024-08-28),"Shenzhen No. 3 People's Hospital, Guangdong, China",DR,ChinaSet_AllFiles/CXR_png/CHNCXR_0029_0.png,,2935,3000,1,3,horizontal,uint8,8,stored,0.0,255.0,164.4837,70.924,191.0,0,,,,43,516,M,0,sufijo_del_nombre_de_archivo,normal,shcxr-lung-mask/mask/CHNCXR_0029_0.png,"Instituto Politecnico de Kiev (Stirenko et al. 2018), CC BY-NC-SA 4.0",aceptada,,
CHNCXR_0030_0,,,NLM-ChinaCXRSet,NLM 2014 (archivos 2024-08-28),"Shenzhen No. 3 People's Hospital, Guangdong, China",DR,ChinaSet_AllFiles/CXR_png/CHNCXR_0030_0.png,,2461,2357,1,3,vertical,uint8,8,stored,0.0,255.0,155.1927,56.8104,171.0,0,,,,38,456,F,0,sufijo_del_nombre_de_archivo,normal,shcxr-lung-mask/mask/CHNCXR_0030_0.png,"Instituto Politecnico de Kiev (Stirenko et al. 2018), CC BY-NC-SA 4.0",aceptada,,
CHNCXR_0031_0,,,NLM-ChinaCXRSet,NLM 2014 (archivos 2024-08-28),"Shenzhen No. 3 People's Hospital, Guangdong, China",DR,ChinaSet_AllFiles/CXR_png/CHNCXR_0031_0.png,,2939,2989,1,3,horizontal,uint8,8,stored,0.0,255.0,154.0157,64.1001,173.0,0,,,,27,324,F,0,sufijo_del_nombre_de_archivo,normal,shcxr-lung-mask/mask/CHNCXR_0031_0.png,"Instituto Politecnico de Kiev (Stirenko et al. 2018), CC BY-NC-SA 4.0",aceptada,,
CHNCXR_0032_0,,,NLM-ChinaCXRSet,NLM 2014 (archivos 2024-08-28),"Shenzhen No. 3 People's Hospital, Guangdong, China",DR,ChinaSet_AllFiles/CXR_png/CHNCXR_0032_0.png,,2927,3000,1,3,horizontal,uint8,8,stored,0.0,255.0,155.0773,69.7458,179.0,0,,,,53,636,F,0,sufijo_del_nombre_de_archivo,normal,shcxr-lung-mask/mask/CHNCXR_0032_0.png,"Instituto Politecnico de Kiev (Stirenko et al. 2018), CC BY-NC-SA 4.0",aceptada,,
CHNCXR_0033_0,,,NLM-ChinaCXRSet,NLM 2014 (archivos 2024-08-28),"Shenzhen No. 3 People's Hospital, Guangdong, China",DR,ChinaSet_AllFiles/CXR_png/CHNCXR_0033_0.png,,2957,3000,1,3,horizontal,uint8,8,stored,0.0,255.0,153.8408,68.2627,173.0,0,,,,34,408,M,0,sufijo_del_nombre_de_archivo,normal,shcxr-lung-mask/mask/CHNCXR_0033_0.png,"Instituto Politecnico de Kiev (Stirenko et al. 2018), CC BY-NC-SA 4.0",aceptada,,
CHNCXR_0034_0,,,NLM-ChinaCXRSet,NLM 2014 (archivos 2024-08-28),"Shenzhen No. 3 People's Hospital, Guangdong, China",DR,ChinaSet_AllFiles/CXR_png/CHNCXR_0034_0.png,,2600,2395,1,3,vertical,uint8,8,stored,0.0,255.0,191.9793,54.815,207.0,0,,,,60,720,F,0,sufijo_del_nombre_de_archivo,normal,shcxr-lung-mask/mask/CHNCXR_0034_0.png,"Instituto Politecnico de Kiev (Stirenko et al. 2018), CC BY-NC-SA 4.0",aceptada,,
CHNCXR_0035_0,,,NLM-ChinaCXRSet,NLM 2014 (archivos 2024-08-28),"Shenzhen No. 3 People's Hospital, Guangdong, China",DR,ChinaSet_AllFiles/CXR_png/CHNCXR_0035_0.png,,2933,3000,1,3,horizontal,uint8,8,stored,0.0,255.0,155.293,72.339,182.0,0,,,,59,708,F,0,sufijo_del_nombre_de_archivo,normal,shcxr-lung-mask/mask/CHNCXR_0035_0.png,"Instituto Politecnico de Kiev (Stirenko et al. 2018), CC BY-NC-SA 4.0",aceptada,,
CHNCXR_0036_0,,,NLM-ChinaCXRSet,NLM 2014 (archivos 2024-08-28),"Shenzhen No. 3 People's Hospital, Guangdong, China",DR,ChinaSet_AllFiles/CXR_png/CHNCXR_0036_0.png,,2951,3000,1,3,horizontal,uint8,8,stored,0.0,255.0,157.4705,64.2539,173.0,0,,,,26,312,M,0,sufijo_del_nombre_de_archivo,normal,,,revisar,sin_mascara_referencia,
CHNCXR_0037_0,,,NLM-ChinaCXRSet,NLM 2014 (archivos 2024-08-28),"Shenzhen No. 3 People's Hospital, Guangdong, China",DR,ChinaSet_AllFiles/CXR_png/CHNCXR_0037_0.png,,2963,3000,1,3,horizontal,uint8,8,stored,0.0,255.0,167.2362,60.4803,185.0,0,,,,24,288,M,0,sufijo_del_nombre_de_archivo,normal,,,revisar,sin_mascara_referencia,
CHNCXR_0038_0,,,NLM-ChinaCXRSet,NLM 2014 (archivos 2024-08-28),"Shenzhen No. 3 People's Hospital, Guangdong, China",DR,ChinaSet_AllFiles/CXR_png/CHNCXR_0038_0.png,,3000,2744,1,3,vertical,uint8,8,stored,0.0,255.0,166.7769,65.0111,187.0,0,,,,27,324,M,0,sufijo_del_nombre_de_archivo,normal,,,revisar,sin_mascara_referencia,
CHNCXR_0039_0,,,NLM-ChinaCXRSet,NLM 2014 (archivos 2024-08-28),"Shenzhen No. 3 People's Hospital, Guangdong, China",DR,ChinaSet_AllFiles/CXR_png/CHNCXR_0039_0.png,,3001,2844,1,3,vertical,uint8,8,stored,0.0,255.0,175.2636,64.9903,200.0,0,,,,23,276,M,0,sufijo_del_nombre_de_archivo,normal,,,revisar,sin_mascara_referencia,
CHNCXR_0040_0,,,NLM-ChinaCXRSet,NLM 2014 (archivos 2024-08-28),"Shenzhen No. 3 People's Hospital, Guangdong, China",DR,ChinaSet_AllFiles/CXR_png/CHNCXR_0040_0.png,,2941,3000,1,3,horizontal,uint8,8,stored,0.0,255.0,166.4523,61.9457,187.0,0,,,,55,660,F,0,sufijo_del_nombre_de_archivo,normal,,,revisar,sin_mascara_referencia,
CHNCXR_0041_0,,,NLM-ChinaCXRSet,NLM 2014 (archivos 2024-08-28),"Shenzhen No. 3 People's Hospital, Guangdong, China",DR,ChinaSet_AllFiles/CXR_png/CHNCXR_0041_0.png,,2481,2498,1,3,horizontal,uint8,8,stored,0.0,255.0,156.0604,55.758,169.0,0,,,,32,384,M,0,sufijo_del_nombre_de_archivo,normal,shcxr-lung-mask/mask/CHNCXR_0041_0.png,"Instituto Politecnico de Kiev (Stirenko et al. 2018), CC BY-NC-SA 4.0",aceptada,,
CHNCXR_0042_0,,,NLM-ChinaCXRSet,NLM 2014 (archivos 2024-08-28),"Shenzhen No. 3 People's Hospital, Guangdong, China",DR,ChinaSet_AllFiles/CXR_png/CHNCXR_0042_0.png,,2943,3000,1,3,horizontal,uint8,8,stored,0.0,255.0,154.4445,71.1657,176.0,0,,,,58,696,M,0,sufijo_del_nombre_de_archivo,normal,shcxr-lung-mask/mask/CHNCXR_0042_0.png,"Instituto Politecnico de Kiev (Stirenko et al. 2018), CC BY-NC-SA 4.0",aceptada,,
CHNCXR_0043_0,,,NLM-ChinaCXRSet,NLM 2014 (archivos 2024-08-28),"Shenzhen No. 3 People's Hospital, Guangdong, China",DR,ChinaSet_AllFiles/CXR_png/CHNCXR_0043_0.png,,2939,3000,1,3,horizontal,uint8,8,stored,0.0,255.0,173.0983,62.059,195.0,0,,,,38,456,M,0,sufijo_del_nombre_de_archivo,normal,shcxr-lung-mask/mask/CHNCXR_0043_0.png,"Instituto Politecnico de Kiev (Stirenko et al. 2018), CC BY-NC-SA 4.0",aceptada,,
CHNCXR_0044_0,,,NLM-ChinaCXRSet,NLM 2014 (archivos 2024-08-28),"Shenzhen No. 3 People's Hospital, Guangdong, China",DR,ChinaSet_AllFiles/CXR_png/CHNCXR_0044_0.png,,2308,2308,1,3,vertical,uint8,8,stored,0.0,255.0,168.6724,63.3012,186.0,0,,,,32,384,F,0,sufijo_del_nombre_de_archivo,normal,shcxr-lung-mask/mask/CHNCXR_0044_0.png,"Instituto Politecnico de Kiev (Stirenko et al. 2018), CC BY-NC-SA 4.0",aceptada,,
CHNCXR_0045_0,,,NLM-ChinaCXRSet,NLM 2014 (archivos 2024-08-28),"Shenzhen No. 3 People's Hospital, Guangdong, China",DR,ChinaSet_AllFiles/CXR_png/CHNCXR_0045_0.png,,2941,3000,1,3,horizontal,uint8,8,stored,0.0,255.0,164.95,70.3549,190.0,0,,,,60,720,F,0,sufijo_del_nombre_de_archivo,normal,shcxr-lung-mask/mask/CHNCXR_0045_0.png,"Instituto Politecnico de Kiev (Stirenko et al. 2018), CC BY-NC-SA 4.0",aceptada,,
CHNCXR_0046_0,,,NLM-ChinaCXRSet,NLM 2014 (archivos 2024-08-28),"Shenzhen No. 3 People's Hospital, Guangdong, China",DR,ChinaSet_AllFiles/CXR_png/CHNCXR_0046_0.png,,2931,3000,1,3,horizontal,uint8,8,stored,0.0,255.0,180.8868,51.1318,197.0,0,,,,44,528,M,0,sufijo_del_nombre_de_archivo,normal,shcxr-lung-mask/mask/CHNCXR_0046_0.png,"Instituto Politecnico de Kiev (Stirenko et al. 2018), CC BY-NC-SA 4.0",aceptada,,
CHNCXR_0047_0,,,NLM-ChinaCXRSet,NLM 2014 (archivos 2024-08-28),"Shenzhen No. 3 People's Hospital, Guangdong, China",DR,ChinaSet_AllFiles/CXR_png/CHNCXR_0047_0.png,,2927,2699,1,3,vertical,uint8,8,stored,0.0,255.0,165.7457,57.456,179.0,0,,,,34,408,M,0,sufijo_del_nombre_de_archivo,normal,shcxr-lung-mask/mask/CHNCXR_0047_0.png,"Instituto Politecnico de Kiev (Stirenko et al. 2018), CC BY-NC-SA 4.0",aceptada,,
CHNCXR_0048_0,,,NLM-ChinaCXRSet,NLM 2014 (archivos 2024-08-28),"Shenzhen No. 3 People's Hospital, Guangdong, China",DR,ChinaSet_AllFiles/CXR_png/CHNCXR_0048_0.png,,2949,3000,1,3,horizontal,uint8,8,stored,0.0,255.0,158.5099,65.8857,177.0,0,,,,23,276,M,0,sufijo_del_nombre_de_archivo,normal,shcxr-lung-mask/mask/CHNCXR_0048_0.png,"Instituto Politecnico de Kiev (Stirenko et al. 2018), CC BY-NC-SA 4.0",aceptada,,
CHNCXR_0049_0,,,NLM-ChinaCXRSet,NLM 2014 (archivos 2024-08-28),"Shenzhen No. 3 People's Hospital, Guangdong, China",DR,ChinaSet_AllFiles/CXR_png/CHNCXR_0049_0.png,,2931,2996,1,3,horizontal,uint8,8,stored,0.0,255.0,155.0713,71.7325,181.0,0,,,,35,420,F,0,sufijo_del_nombre_de_archivo,normal,shcxr-lung-mask/mask/CHNCXR_0049_0.png,"Instituto Politecnico de Kiev (Stirenko et al. 2018), CC BY-NC-SA 4.0",aceptada,,
CHNCXR_0050_0,,,NLM-ChinaCXRSet,NLM 2014 (archivos 2024-08-28),"Shenzhen No. 3 People's Hospital, Guangdong, China",DR,ChinaSet_AllFiles/CXR_png/CHNCXR_0050_0.png,,2947,3000,1,3,horizontal,uint8,8,stored,0.0,255.0,170.0099,57.8597,187.0,0,,,,38,456,F,0,sufijo_del_nombre_de_archivo,normal,shcxr-lung-mask/mask/CHNCXR_0050_0.png,"Instituto Politecnico de Kiev (Stirenko et al. 2018), CC BY-NC-SA 4.0",aceptada,,
CHNCXR_0051_0,,,NLM-ChinaCXRSet,NLM 2014 (archivos 2024-08-28),"Shenzhen No. 3 People's Hospital, Guangdong, China",DR,ChinaSet_AllFiles/CXR_png/CHNCXR_0051_0.png,,2935,2985,1,3,horizontal,uint8,8,stored,0.0,255.0,155.7779,58.6549,167.0,0,,,,63,756,F,0,sufijo_del_nombre_de_archivo,normal,shcxr-lung-mask/mask/CHNCXR_0051_0.png,"Instituto Politecnico de Kiev (Stirenko et al. 2018), CC BY-NC-SA 4.0",aceptada,,
CHNCXR_0052_0,,,NLM-ChinaCXRSet,NLM 2014 (archivos 2024-08-28),"Shenzhen No. 3 People's Hospital, Guangdong, China",DR,ChinaSet_AllFiles/CXR_png/CHNCXR_0052_0.png,,2548,2419,1,3,vertical,uint8,8,stored,0.0,255.0,177.9749,54.8739,193.0,0,,,,35,420,F,0,sufijo_del_nombre_de_archivo,normal,shcxr-lung-mask/mask/CHNCXR_0052_0.png,"Instituto Politecnico de Kiev (Stirenko et al. 2018), CC BY-NC-SA 4.0",aceptada,,
CHNCXR_0053_0,,,NLM-ChinaCXRSet,NLM 2014 (archivos 2024-08-28),"Shenzhen No. 3 People's Hospital, Guangdong, China",DR,ChinaSet_AllFiles/CXR_png/CHNCXR_0053_0.png,,2890,2531,1,3,vertical,uint8,8,stored,0.0,255.0,166.6203,70.6177,184.0,0,,,,52,624,M,0,sufijo_del_nombre_de_archivo,normal,shcxr-lung-mask/mask/CHNCXR_0053_0.png,"Instituto Politecnico de Kiev (Stirenko et al. 2018), CC BY-NC-SA 4.0",aceptada,,
CHNCXR_0054_0,,,NLM-ChinaCXRSet,NLM 2014 (archivos 2024-08-28),"Shenzhen No. 3 People's Hospital, Guangdong, China",DR,ChinaSet_AllFiles/CXR_png/CHNCXR_0054_0.png,,2933,3000,1,3,horizontal,uint8,8,stored,0.0,255.0,156.217,58.7004,170.0,0,,,,25,300,F,0,sufijo_del_nombre_de_archivo,normal,shcxr-lung-mask/mask/CHNCXR_0054_0.png,"Instituto Politecnico de Kiev (Stirenko et al. 2018), CC BY-NC-SA 4.0",aceptada,,
CHNCXR_0055_0,,,NLM-ChinaCXRSet,NLM 2014 (archivos 2024-08-28),"Shenzhen No. 3 People's Hospital, Guangdong, China",DR,ChinaSet_AllFiles/CXR_png/CHNCXR_0055_0.png,,2941,2739,1,3,vertical,uint8,8,stored,0.0,255.0,170.9451,61.3613,190.0,0,,,,41,492,M,0,sufijo_del_nombre_de_archivo,normal,shcxr-lung-mask/mask/CHNCXR_0055_0.png,"Instituto Politecnico de Kiev (Stirenko et al. 2018), CC BY-NC-SA 4.0",aceptada,,
CHNCXR_0056_0,,,NLM-ChinaCXRSet,NLM 2014 (archivos 2024-08-28),"Shenzhen No. 3 People's Hospital, Guangdong, China",DR,ChinaSet_AllFiles/CXR_png/CHNCXR_0056_0.png,,2947,3000,1,3,horizontal,uint8,8,stored,0.0,255.0,164.6862,68.4952,190.0,0,,,,48,576,M,0,sufijo_del_nombre_de_archivo,normal,shcxr-lung-mask/mask/CHNCXR_0056_0.png,"Instituto Politecnico de Kiev (Stirenko et al. 2018), CC BY-NC-SA 4.0",aceptada,,
CHNCXR_0057_0,,,NLM-ChinaCXRSet,NLM 2014 (archivos 2024-08-28),"Shenzhen No. 3 People's Hospital, Guangdong, China",DR,ChinaSet_AllFiles/CXR_png/CHNCXR_0057_0.png,,2941,3000,1,3,horizontal,uint8,8,stored,0.0,255.0,171.0791,60.272,189.0,1,,,,54,648,F,0,sufijo_del_nombre_de_archivo,normal,shcxr-lung-mask/mask/CHNCXR_0057_0.png,"Instituto Politecnico de Kiev (Stirenko et al. 2018), CC BY-NC-SA 4.0",revisar,verificacion_inversion_positiva,
CHNCXR_0058_0,,,NLM-ChinaCXRSet,NLM 2014 (archivos 2024-08-28),"Shenzhen No. 3 People's Hospital, Guangdong, China",DR,ChinaSet_AllFiles/CXR_png/CHNCXR_0058_0.png,,2937,3000,1,3,horizontal,uint8,8,stored,0.0,255.0,164.1873,72.1621,190.0,0,,,,56,672,F,0,sufijo_del_nombre_de_archivo,normal,shcxr-lung-mask/mask/CHNCXR_0058_0.png,"Instituto Politecnico de Kiev (Stirenko et al. 2018), CC BY-NC-SA 4.0",aceptada,,
CHNCXR_0059_0,,,NLM-ChinaCXRSet,NLM 2014 (archivos 2024-08-28),"Shenzhen No. 3 People's Hospital, Guangdong, China",DR,ChinaSet_AllFiles/CXR_png/CHNCXR_0059_0.png,,2947,3000,1,3,horizontal,uint8,8,stored,0.0,255.0,170.0713,65.4963,194.0,0,,,,68,816,M,0,sufijo_del_nombre_de_archivo,normale,shcxr-lung-mask/mask/CHNCXR_0059_0.png,"Instituto Politecnico de Kiev (Stirenko et al. 2018), CC BY-NC-SA 4.0",aceptada,,
CHNCXR_0060_0,,,NLM-ChinaCXRSet,NLM 2014 (archivos 2024-08-28),"Shenzhen No. 3 People's Hospital, Guangdong, China",DR,ChinaSet_AllFiles/CXR_png/CHNCXR_0060_0.png,,2931,3000,1,3,horizontal,uint8,8,stored,0.0,255.0,156.4078,66.6818,178.0,0,,,,33,396,F,0,sufijo_del_nombre_de_archivo,normal,shcxr-lung-mask/mask/CHNCXR_0060_0.png,"Instituto Politecnico de Kiev (Stirenko et al. 2018), CC BY-NC-SA 4.0",aceptada,,
CHNCXR_0061_0,,,NLM-ChinaCXRSet,NLM 2014 (archivos 2024-08-28),"Shenzhen No. 3 People's Hospital, Guangdong, China",DR,ChinaSet_AllFiles/CXR_png/CHNCXR_0061_0.png,,2955,3000,1,3,horizontal,uint8,8,stored,0.0,255.0,157.6125,56.0939,167.0,0,,,,23,276,M,0,sufijo_del_nombre_de_archivo,normal,shcxr-lung-mask/mask/CHNCXR_0061_0.png,"Instituto Politecnico de Kiev (Stirenko et al. 2018), CC BY-NC-SA 4.0",aceptada,,
CHNCXR_0062_0,,,NLM-ChinaCXRSet,NLM 2014 (archivos 2024-08-28),"Shenzhen No. 3 People's Hospital, Guangdong, China",DR,ChinaSet_AllFiles/CXR_png/CHNCXR_0062_0.png,,2943,3000,1,3,horizontal,uint8,8,stored,0.0,255.0,152.1259,62.2701,170.0,0,,,,28,336,F,0,sufijo_del_nombre_de_archivo,normal,shcxr-lung-mask/mask/CHNCXR_0062_0.png,"Instituto Politecnico de Kiev (Stirenko et al. 2018), CC BY-NC-SA 4.0",aceptada,,
CHNCXR_0063_0,,,NLM-ChinaCXRSet,NLM 2014 (archivos 2024-08-28),"Shenzhen No. 3 People's Hospital, Guangdong, China",DR,ChinaSet_AllFiles/CXR_png/CHNCXR_0063_0.png,,2939,3000,1,3,horizontal,uint8,8,stored,0.0,255.0,159.3296,60.1987,171.0,0,,,,29,348,F,0,sufijo_del_nombre_de_archivo,normal,shcxr-lung-mask/mask/CHNCXR_0063_0.png,"Instituto Politecnico de Kiev (Stirenko et al. 2018), CC BY-NC-SA 4.0",aceptada,,
CHNCXR_0064_0,,,NLM-ChinaCXRSet,NLM 2014 (archivos 2024-08-28),"Shenzhen No. 3 People's Hospital, Guangdong, China",DR,ChinaSet_AllFiles/CXR_png/CHNCXR_0064_0.png,,2943,3000,1,3,horizontal,uint8,8,stored,0.0,255.0,166.0317,67.6872,191.0,0,,,,36,432,M,0,sufijo_del_nombre_de_archivo,normal,shcxr-lung-mask/mask/CHNCXR_0064_0.png,"Instituto Politecnico de Kiev (Stirenko et al. 2018), CC BY-NC-SA 4.0",aceptada,,
CHNCXR_0065_0,,,NLM-ChinaCXRSet,NLM 2014 (archivos 2024-08-28),"Shenzhen No. 3 People's Hospital, Guangdong, China",DR,ChinaSet_AllFiles/CXR_png/CHNCXR_0065_0.png,,2945,2996,1,3,horizontal,uint8,8,stored,0.0,255.0,143.6147,63.2721,156.0,0,,,,22,264,F,0,sufijo_del_nombre_de_archivo,normal,,,revisar,sin_mascara_referencia,
CHNCXR_0066_0,,,NLM-ChinaCXRSet,NLM 2014 (archivos 2024-08-28),"Shenzhen No. 3 People's Hospital, Guangdong, China",DR,ChinaSet_AllFiles/CXR_png/CHNCXR_0066_0.png,,2941,3000,1,3,horizontal,uint8,8,stored,0.0,255.0,156.9267,68.5352,181.0,0,,,,36,432,M,0,sufijo_del_nombre_de_archivo,normal,shcxr-lung-mask/mask/CHNCXR_0066_0.png,"Instituto Politecnico de Kiev (Stirenko et al. 2018), CC BY-NC-SA 4.0",aceptada,,
CHNCXR_0067_0,,,NLM-ChinaCXRSet,NLM 2014 (archivos 2024-08-28),"Shenzhen No. 3 People's Hospital, Guangdong, China",DR,ChinaSet_AllFiles/CXR_png/CHNCXR_0067_0.png,,2941,2996,1,3,horizontal,uint8,8,stored,0.0,255.0,156.5266,59.9749,170.0,0,,,,32,384,M,0,sufijo_del_nombre_de_archivo,normal,shcxr-lung-mask/mask/CHNCXR_0067_0.png,"Instituto Politecnico de Kiev (Stirenko et al. 2018), CC BY-NC-SA 4.0",aceptada,,
CHNCXR_0068_0,,,NLM-ChinaCXRSet,NLM 2014 (archivos 2024-08-28),"Shenzhen No. 3 People's Hospital, Guangdong, China",DR,ChinaSet_AllFiles/CXR_png/CHNCXR_0068_0.png,,2939,3000,1,3,horizontal,uint8,8,stored,0.0,255.0,171.2512,62.031,193.0,0,,,,31,372,M,0,sufijo_del_nombre_de_archivo,normal,shcxr-lung-mask/mask/CHNCXR_0068_0.png,"Instituto Politecnico de Kiev (Stirenko et al. 2018), CC BY-NC-SA 4.0",aceptada,,
CHNCXR_0069_0,,,NLM-ChinaCXRSet,NLM 2014 (archivos 2024-08-28),"Shenzhen No. 3 People's Hospital, Guangdong, China",DR,ChinaSet_AllFiles/CXR_png/CHNCXR_0069_0.png,,2406,2631,1,3,horizontal,uint8,8,stored,4.0,255.0,190.4169,57.5027,209.0,0,,,,46,552,F,0,sufijo_del_nombre_de_archivo,normal,shcxr-lung-mask/mask/CHNCXR_0069_0.png,"Instituto Politecnico de Kiev (Stirenko et al. 2018), CC BY-NC-SA 4.0",aceptada,,
CHNCXR_0070_0,,,NLM-ChinaCXRSet,NLM 2014 (archivos 2024-08-28),"Shenzhen No. 3 People's Hospital, Guangdong, China",DR,ChinaSet_AllFiles/CXR_png/CHNCXR_0070_0.png,,2617,2486,1,3,vertical,uint8,8,stored,0.0,255.0,172.4597,55.5224,186.0,0,,,,20,240,F,0,sufijo_del_nombre_de_archivo,normal,shcxr-lung-mask/mask/CHNCXR_0070_0.png,"Instituto Politecnico de Kiev (Stirenko et al. 2018), CC BY-NC-SA 4.0",aceptada,,
CHNCXR_0071_0,,,NLM-ChinaCXRSet,NLM 2014 (archivos 2024-08-28),"Shenzhen No. 3 People's Hospital, Guangdong, China",DR,ChinaSet_AllFiles/CXR_png/CHNCXR_0071_0.png,,2452,2384,1,3,vertical,uint8,8,stored,0.0,255.0,170.613,66.9555,190.0,0,,,,39,468,F,0,sufijo_del_nombre_de_archivo,normal,shcxr-lung-mask/mask/CHNCXR_0071_0.png,"Instituto Politecnico de Kiev (Stirenko et al. 2018), CC BY-NC-SA 4.0",aceptada,,
CHNCXR_0072_0,,,NLM-ChinaCXRSet,NLM 2014 (archivos 2024-08-28),"Shenzhen No. 3 People's Hospital, Guangdong, China",DR,ChinaSet_AllFiles/CXR_png/CHNCXR_0072_0.png,,2731,2733,1,3,horizontal,uint8,8,stored,0.0,255.0,168.6734,54.7685,182.0,0,,,,25,300,M,0,sufijo_del_nombre_de_archivo,normal,shcxr-lung-mask/mask/CHNCXR_0072_0.png,"Instituto Politecnico de Kiev (Stirenko et al. 2018), CC BY-NC-SA 4.0",aceptada,,
CHNCXR_0073_0,,,NLM-ChinaCXRSet,NLM 2014 (archivos 2024-08-28),"Shenzhen No. 3 People's Hospital, Guangdong, China",DR,ChinaSet_AllFiles/CXR_png/CHNCXR_0073_0.png,,2949,3000,1,3,horizontal,uint8,8,stored,0.0,255.0,155.1599,71.8462,182.0,0,,,,34,408,F,0,sufijo_del_nombre_de_archivo,normal,shcxr-lung-mask/mask/CHNCXR_0073_0.png,"Instituto Politecnico de Kiev (Stirenko et al. 2018), CC BY-NC-SA 4.0",aceptada,,
CHNCXR_0074_0,,,NLM-ChinaCXRSet,NLM 2014 (archivos 2024-08-28),"Shenzhen No. 3 People's Hospital, Guangdong, China",DR,ChinaSet_AllFiles/CXR_png/CHNCXR_0074_0.png,,989,1255,1,3,horizontal,uint8,8,stored,0.0,255.0,156.8946,49.3462,171.0,0,,,,3,36,M,0,sufijo_del_nombre_de_archivo,normal,shcxr-lung-mask/mask/CHNCXR_0074_0.png,"Instituto Politecnico de Kiev (Stirenko et al. 2018), CC BY-NC-SA 4.0",aceptada,,
CHNCXR_0075_0,,,NLM-ChinaCXRSet,NLM 2014 (archivos 2024-08-28),"Shenzhen No. 3 People's Hospital, Guangdong, China",DR,ChinaSet_AllFiles/CXR_png/CHNCXR_0075_0.png,,1110,1233,1,3,horizontal,uint8,8,stored,0.0,255.0,149.8379,44.5184,159.0,0,,,,1,12,F,0,sufijo_del_nombre_de_archivo,normal,shcxr-lung-mask/mask/CHNCXR_0075_0.png,"Instituto Politecnico de Kiev (Stirenko et al. 2018), CC BY-NC-SA 4.0",aceptada,,
CHNCXR_0076_0,,,NLM-ChinaCXRSet,NLM 2014 (archivos 2024-08-28),"Shenzhen No. 3 People's Hospital, Guangdong, China",DR,ChinaSet_AllFiles/CXR_png/CHNCXR_0076_0.png,,1136,1250,1,3,horizontal,uint8,8,stored,0.0,255.0,162.9925,52.946,175.0,0,,,,1,12,M,0,sufijo_del_nombre_de_archivo,normal,shcxr-lung-mask/mask/CHNCXR_0076_0.png,"Instituto Politecnico de Kiev (Stirenko et al. 2018), CC BY-NC-SA 4.0",aceptada,,
CHNCXR_0077_0,,,NLM-ChinaCXRSet,NLM 2014 (archivos 2024-08-28),"Shenzhen No. 3 People's Hospital, Guangdong, China",DR,ChinaSet_AllFiles/CXR_png/CHNCXR_0077_0.png,,2939,3000,1,3,horizontal,uint8,8,stored,0.0,255.0,170.8178,63.7566,193.0,0,,,,28,336,M,0,sufijo_del_nombre_de_archivo,normal,shcxr-lung-mask/mask/CHNCXR_0077_0.png,"Instituto Politecnico de Kiev (Stirenko et al. 2018), CC BY-NC-SA 4.0",aceptada,,
CHNCXR_0078_0,,,NLM-ChinaCXRSet,NLM 2014 (archivos 2024-08-28),"Shenzhen No. 3 People's Hospital, Guangdong, China",DR,ChinaSet_AllFiles/CXR_png/CHNCXR_0078_0.png,,2967,3000,1,3,horizontal,uint8,8,stored,0.0,255.0,161.6375,59.0118,175.0,0,,,,31,372,M,0,sufijo_del_nombre_de_archivo,normal,shcxr-lung-mask/mask/CHNCXR_0078_0.png,"Instituto Politecnico de Kiev (Stirenko et al. 2018), CC BY-NC-SA 4.0",aceptada,,
CHNCXR_0079_0,,,NLM-ChinaCXRSet,NLM 2014 (archivos 2024-08-28),"Shenzhen No. 3 People's Hospital, Guangdong, China",DR,ChinaSet_AllFiles/CXR_png/CHNCXR_0079_0.png,,2943,3000,1,3,horizontal,uint8,8,stored,0.0,255.0,161.1345,63.0607,179.0,0,,,,30,360,M,0,sufijo_del_nombre_de_archivo,normal,shcxr-lung-mask/mask/CHNCXR_0079_0.png,"Instituto Politecnico de Kiev (Stirenko et al. 2018), CC BY-NC-SA 4.0",aceptada,,
CHNCXR_0080_0,,,NLM-ChinaCXRSet,NLM 2014 (archivos 2024-08-28),"Shenzhen No. 3 People's Hospital, Guangdong, China",DR,ChinaSet_AllFiles/CXR_png/CHNCXR_0080_0.png,,2955,3000,1,3,horizontal,uint8,8,stored,0.0,255.0,152.1057,74.5158,177.0,0,,,,39,468,M,0,sufijo_del_nombre_de_archivo,normal,shcxr-lung-mask/mask/CHNCXR_0080_0.png,"Instituto Politecnico de Kiev (Stirenko et al. 2018), CC BY-NC-SA 4.0",aceptada,,
CHNCXR_0081_0,,,NLM-ChinaCXRSet,NLM 2014 (archivos 2024-08-28),"Shenzhen No. 3 People's Hospital, Guangdong, China",DR,ChinaSet_AllFiles/CXR_png/CHNCXR_0081_0.png,,2947,3000,1,3,horizontal,uint8,8,stored,0.0,255.0,160.3855,58.0794,168.0,0,,,,37,444,M,0,sufijo_del_nombre_de_archivo,normal,shcxr-lung-mask/mask/CHNCXR_0081_0.png,"Instituto Politecnico de Kiev (Stirenko et al. 2018), CC BY-NC-SA 4.0",aceptada,,
CHNCXR_0082_0,,,NLM-ChinaCXRSet,NLM 2014 (archivos 2024-08-28),"Shenzhen No. 3 People's Hospital, Guangdong, China",DR,ChinaSet_AllFiles/CXR_png/CHNCXR_0082_0.png,,2945,3000,1,3,horizontal,uint8,8,stored,0.0,255.0,157.2807,59.5826,172.0,0,,,,45,540,M,0,sufijo_del_nombre_de_archivo,normal,shcxr-lung-mask/mask/CHNCXR_0082_0.png,"Instituto Politecnico de Kiev (Stirenko et al. 2018), CC BY-NC-SA 4.0",aceptada,,
CHNCXR_0083_0,,,NLM-ChinaCXRSet,NLM 2014 (archivos 2024-08-28),"Shenzhen No. 3 People's Hospital, Guangdong, China",DR,ChinaSet_AllFiles/CXR_png/CHNCXR_0083_0.png,,2947,3000,1,3,horizontal,uint8,8,stored,0.0,255.0,166.9879,65.9549,190.0,0,,,,37,444,M,0,sufijo_del_nombre_de_archivo,normal,shcxr-lung-mask/mask/CHNCXR_0083_0.png,"Instituto Politecnico de Kiev (Stirenko et al. 2018), CC BY-NC-SA 4.0",aceptada,,
CHNCXR_0084_0,,,NLM-ChinaCXRSet,NLM 2014 (archivos 2024-08-28),"Shenzhen No. 3 People's Hospital, Guangdong, China",DR,ChinaSet_AllFiles/CXR_png/CHNCXR_0084_0.png,,2944,2739,1,3,vertical,uint8,8,stored,0.0,255.0,166.3694,59.4813,186.0,0,,,,27,324,F,0,sufijo_del_nombre_de_archivo,normal,shcxr-lung-mask/mask/CHNCXR_0084_0.png,"Instituto Politecnico de Kiev (Stirenko et al. 2018), CC BY-NC-SA 4.0",aceptada,,
CHNCXR_0085_0,,,NLM-ChinaCXRSet,NLM 2014 (archivos 2024-08-28),"Shenzhen No. 3 People's Hospital, Guangdong, China",DR,ChinaSet_AllFiles/CXR_png/CHNCXR_0085_0.png,,2949,3000,1,3,horizontal,uint8,8,stored,0.0,255.0,170.1072,62.2275,190.0,0,,,,42,504,M,0,sufijo_del_nombre_de_archivo,normal,shcxr-lung-mask/mask/CHNCXR_0085_0.png,"Instituto Politecnico de Kiev (Stirenko et al. 2018), CC BY-NC-SA 4.0",aceptada,,
CHNCXR_0086_0,,,NLM-ChinaCXRSet,NLM 2014 (archivos 2024-08-28),"Shenzhen No. 3 People's Hospital, Guangdong, China",DR,ChinaSet_AllFiles/CXR_png/CHNCXR_0086_0.png,,2951,3000,1,3,horizontal,uint8,8,stored,0.0,255.0,164.6122,65.559,186.0,0,,,,53,636,F,0,sufijo_del_nombre_de_archivo,normal,shcxr-lung-mask/mask/CHNCXR_0086_0.png,"Instituto Politecnico de Kiev (Stirenko et al. 2018), CC BY-NC-SA 4.0",aceptada,,
CHNCXR_0087_0,,,NLM-ChinaCXRSet,NLM 2014 (archivos 2024-08-28),"Shenzhen No. 3 People's Hospital, Guangdong, China",DR,ChinaSet_AllFiles/CXR_png/CHNCXR_0087_0.png,,3001,2679,1,3,vertical,uint8,8,stored,0.0,255.0,170.237,56.5787,185.0,0,,,,28,336,M,0,sufijo_del_nombre_de_archivo,normal,shcxr-lung-mask/mask/CHNCXR_0087_0.png,"Instituto Politecnico de Kiev (Stirenko et al. 2018), CC BY-NC-SA 4.0",aceptada,,
CHNCXR_0088_0,,,NLM-ChinaCXRSet,NLM 2014 (archivos 2024-08-28),"Shenzhen No. 3 People's Hospital, Guangdong, China",DR,ChinaSet_AllFiles/CXR_png/CHNCXR_0088_0.png,,2954,2788,1,3,vertical,uint8,8,stored,0.0,255.0,142.1964,68.2324,158.0,0,,,,30,360,M,0,sufijo_del_nombre_de_archivo,normal,shcxr-lung-mask/mask/CHNCXR_0088_0.png,"Instituto Politecnico de Kiev (Stirenko et al. 2018), CC BY-NC-SA 4.0",aceptada,,
CHNCXR_0089_0,,,NLM-ChinaCXRSet,NLM 2014 (archivos 2024-08-28),"Shenzhen No. 3 People's Hospital, Guangdong, China",DR,ChinaSet_AllFiles/CXR_png/CHNCXR_0089_0.png,,2685,2674,1,3,vertical,uint8,8,stored,0.0,255.0,175.0246,55.6628,192.0,0,,,,39,468,M,0,sufijo_del_nombre_de_archivo,normal,shcxr-lung-mask/mask/CHNCXR_0089_0.png,"Instituto Politecnico de Kiev (Stirenko et al. 2018), CC BY-NC-SA 4.0",aceptada,,
CHNCXR_0090_0,,,NLM-ChinaCXRSet,NLM 2014 (archivos 2024-08-28),"Shenzhen No. 3 People's Hospital, Guangdong, China",DR,ChinaSet_AllFiles/CXR_png/CHNCXR_0090_0.png,,2931,2786,1,3,vertical,uint8,8,stored,0.0,255.0,163.517,63.2939,183.0,0,,,,39,468,M,0,sufijo_del_nombre_de_archivo,normal,shcxr-lung-mask/mask/CHNCXR_0090_0.png,"Instituto Politecnico de Kiev (Stirenko et al. 2018), CC BY-NC-SA 4.0",aceptada,,
CHNCXR_0091_0,,,NLM-ChinaCXRSet,NLM 2014 (archivos 2024-08-28),"Shenzhen No. 3 People's Hospital, Guangdong, China",DR,ChinaSet_AllFiles/CXR_png/CHNCXR_0091_0.png,,2968,2587,1,3,vertical,uint8,8,stored,0.0,255.0,145.5965,65.1639,154.0,0,,,,37,444,M,0,sufijo_del_nombre_de_archivo,normal,shcxr-lung-mask/mask/CHNCXR_0091_0.png,"Instituto Politecnico de Kiev (Stirenko et al. 2018), CC BY-NC-SA 4.0",aceptada,,
CHNCXR_0092_0,,,NLM-ChinaCXRSet,NLM 2014 (archivos 2024-08-28),"Shenzhen No. 3 People's Hospital, Guangdong, China",DR,ChinaSet_AllFiles/CXR_png/CHNCXR_0092_0.png,,2652,2796,1,3,horizontal,uint8,8,stored,0.0,255.0,190.8494,50.1851,206.0,0,,,,37,444,M,0,sufijo_del_nombre_de_archivo,normal,shcxr-lung-mask/mask/CHNCXR_0092_0.png,"Instituto Politecnico de Kiev (Stirenko et al. 2018), CC BY-NC-SA 4.0",aceptada,,
CHNCXR_0093_0,,,NLM-ChinaCXRSet,NLM 2014 (archivos 2024-08-28),"Shenzhen No. 3 People's Hospital, Guangdong, China",DR,ChinaSet_AllFiles/CXR_png/CHNCXR_0093_0.png,,2960,2776,1,3,vertical,uint8,8,stored,0.0,255.0,148.6491,62.7619,162.0,0,,,,27,324,M,0,sufijo_del_nombre_de_archivo,normal,shcxr-lung-mask/mask/CHNCXR_0093_0.png,"Instituto Politecnico de Kiev (Stirenko et al. 2018), CC BY-NC-SA 4.0",aceptada,,
CHNCXR_0094_0,,,NLM-ChinaCXRSet,NLM 2014 (archivos 2024-08-28),"Shenzhen No. 3 People's Hospital, Guangdong, China",DR,ChinaSet_AllFiles/CXR_png/CHNCXR_0094_0.png,,2945,3000,1,3,horizontal,uint8,8,stored,0.0,255.0,159.8269,62.7268,177.0,0,,,,24,288,F,0,sufijo_del_nombre_de_archivo,normal,shcxr-lung-mask/mask/CHNCXR_0094_0.png,"Instituto Politecnico de Kiev (Stirenko et al. 2018), CC BY-NC-SA 4.0",aceptada,,
CHNCXR_0095_0,,,NLM-ChinaCXRSet,NLM 2014 (archivos 2024-08-28),"Shenzhen No. 3 People's Hospital, Guangdong, China",DR,ChinaSet_AllFiles/CXR_png/CHNCXR_0095_0.png,,2949,3000,1,3,horizontal,uint8,8,stored,0.0,255.0,156.3145,59.6191,170.0,0,,,,18,216,M,0,sufijo_del_nombre_de_archivo,normal,shcxr-lung-mask/mask/CHNCXR_0095_0.png,"Instituto Politecnico de Kiev (Stirenko et al. 2018), CC BY-NC-SA 4.0",aceptada,,
CHNCXR_0096_0,,,NLM-ChinaCXRSet,NLM 2014 (archivos 2024-08-28),"Shenzhen No. 3 People's Hospital, Guangdong, China",DR,ChinaSet_AllFiles/CXR_png/CHNCXR_0096_0.png,,2080,2119,1,3,horizontal,uint8,8,stored,0.0,255.0,191.8068,47.5813,203.0,0,,,,69,828,F,0,sufijo_del_nombre_de_archivo,normal,shcxr-lung-mask/mask/CHNCXR_0096_0.png,"Instituto Politecnico de Kiev (Stirenko et al. 2018), CC BY-NC-SA 4.0",aceptada,,
CHNCXR_0097_0,,,NLM-ChinaCXRSet,NLM 2014 (archivos 2024-08-28),"Shenzhen No. 3 People's Hospital, Guangdong, China",DR,ChinaSet_AllFiles/CXR_png/CHNCXR_0097_0.png,,2203,2260,1,3,horizontal,uint8,8,stored,0.0,255.0,181.8618,57.1905,196.0,0,,,,30,360,F,0,sufijo_del_nombre_de_archivo,normal,shcxr-lung-mask/mask/CHNCXR_0097_0.png,"Instituto Politecnico de Kiev (Stirenko et al. 2018), CC BY-NC-SA 4.0",aceptada,,
CHNCXR_0098_0,,,NLM-ChinaCXRSet,NLM 2014 (archivos 2024-08-28),"Shenzhen No. 3 People's Hospital, Guangdong, China",DR,ChinaSet_AllFiles/CXR_png/CHNCXR_0098_0.png,,2951,3000,1,3,horizontal,uint8,8,stored,0.0,255.0,175.1902,62.3054,198.0,0,,,,54,648,M,0,sufijo_del_nombre_de_archivo,normal,shcxr-lung-mask/mask/CHNCXR_0098_0.png,"Instituto Politecnico de Kiev (Stirenko et al. 2018), CC BY-NC-SA 4.0",aceptada,,
CHNCXR_0099_0,,,NLM-ChinaCXRSet,NLM 2014 (archivos 2024-08-28),"Shenzhen No. 3 People's Hospital, Guangdong, China",DR,ChinaSet_AllFiles/CXR_png/CHNCXR_0099_0.png,,2804,2415,1,3,vertical,uint8,8,stored,0.0,255.0,139.6872,63.8729,153.0,0,,,,26,312,F,0,sufijo_del_nombre_de_archivo,normal,shcxr-lung-mask/mask/CHNCXR_0099_0.png,"Instituto Politecnico de Kiev (Stirenko et al. 2018), CC BY-NC-SA 4.0",aceptada,,
CHNCXR_0100_0,,,NLM-ChinaCXRSet,NLM 2014 (archivos 2024-08-28),"Shenzhen No. 3 People's Hospital, Guangdong, China",DR,ChinaSet_AllFiles/CXR_png/CHNCXR_0100_0.png,,2562,2419,1,3,vertical,uint8,8,stored,0.0,255.0,186.8302,48.7483,198.0,0,,,,25,300,M,0,sufijo_del_nombre_de_archivo,normal,shcxr-lung-mask/mask/CHNCXR_0100_0.png,"Instituto Politecnico de Kiev (Stirenko et al. 2018), CC BY-NC-SA 4.0",aceptada,,
CHNCXR_0101_0,,,NLM-ChinaCXRSet,NLM 2014 (archivos 2024-08-28),"Shenzhen No. 3 People's Hospital, Guangdong, China",DR,ChinaSet_AllFiles/CXR_png/CHNCXR_0101_0.png,,3001,3000,1,3,vertical,uint8,8,stored,0.0,255.0,160.197,62.2137,176.0,0,,,,23,276,M,0,sufijo_del_nombre_de_archivo,normal,shcxr-lung-mask/mask/CHNCXR_0101_0.png,"Instituto Politecnico de Kiev (Stirenko et al. 2018), CC BY-NC-SA 4.0",aceptada,,
CHNCXR_0102_0,,,NLM-ChinaCXRSet,NLM 2014 (archivos 2024-08-28),"Shenzhen No. 3 People's Hospital, Guangdong, China",DR,ChinaSet_AllFiles/CXR_png/CHNCXR_0102_0.png,,2405,2128,1,3,vertical,uint8,8,stored,0.0,255.0,181.4127,61.9976,201.0,0,,,,25,300,F,0,sufijo_del_nombre_de_archivo,normal,shcxr-lung-mask/mask/CHNCXR_0102_0.png,"Instituto Politecnico de Kiev (Stirenko et al. 2018), CC BY-NC-SA 4.0",aceptada,,
CHNCXR_0103_0,,,NLM-ChinaCXRSet,NLM 2014 (archivos 2024-08-28),"Shenzhen No. 3 People's Hospital, Guangdong, China",DR,ChinaSet_AllFiles/CXR_png/CHNCXR_0103_0.png,,2946,2238,1,3,vertical,uint8,8,stored,0.0,255.0,171.5798,53.5129,187.0,0,,,,25,300,F,0,sufijo_del_nombre_de_archivo,normal,shcxr-lung-mask/mask/CHNCXR_0103_0.png,"Instituto Politecnico de Kiev (Stirenko et al. 2018), CC BY-NC-SA 4.0",aceptada,,
CHNCXR_0104_0,,,NLM-ChinaCXRSet,NLM 2014 (archivos 2024-08-28),"Shenzhen No. 3 People's Hospital, Guangdong, China",DR,ChinaSet_AllFiles/CXR_png/CHNCXR_0104_0.png,,2989,2990,1,3,horizontal,uint8,8,stored,0.0,255.0,142.7944,69.4541,160.0,0,,,,43,516,M,0,sufijo_del_nombre_de_archivo,normal,shcxr-lung-mask/mask/CHNCXR_0104_0.png,"Instituto Politecnico de Kiev (Stirenko et al. 2018), CC BY-NC-SA 4.0",aceptada,,
CHNCXR_0105_0,,,NLM-ChinaCXRSet,NLM 2014 (archivos 2024-08-28),"Shenzhen No. 3 People's Hospital, Guangdong, China",DR,ChinaSet_AllFiles/CXR_png/CHNCXR_0105_0.png,,2988,2602,1,3,vertical,uint8,8,stored,0.0,255.0,158.5576,64.2225,177.0,0,,,,22,264,M,0,sufijo_del_nombre_de_archivo,normal,shcxr-lung-mask/mask/CHNCXR_0105_0.png,"Instituto Politecnico de Kiev (Stirenko et al. 2018), CC BY-NC-SA 4.0",aceptada,,
CHNCXR_0106_0,,,NLM-ChinaCXRSet,NLM 2014 (archivos 2024-08-28),"Shenzhen No. 3 People's Hospital, Guangdong, China",DR,ChinaSet_AllFiles/CXR_png/CHNCXR_0106_0.png,,2943,3000,1,3,horizontal,uint8,8,stored,0.0,255.0,157.7633,58.1258,166.0,0,,,,26,312,M,0,sufijo_del_nombre_de_archivo,normal,shcxr-lung-mask/mask/CHNCXR_0106_0.png,"Instituto Politecnico de Kiev (Stirenko et al. 2018), CC BY-NC-SA 4.0",aceptada,,
CHNCXR_0107_0,,,NLM-ChinaCXRSet,NLM 2014 (archivos 2024-08-28),"Shenzhen No. 3 People's Hospital, Guangdong, China",DR,ChinaSet_AllFiles/CXR_png/CHNCXR_0107_0.png,,2317,2464,1,3,horizontal,uint8,8,stored,0.0,255.0,180.654,56.7125,195.0,0,,,,36,432,F,0,sufijo_del_nombre_de_archivo,normal,shcxr-lung-mask/mask/CHNCXR_0107_0.png,"Instituto Politecnico de Kiev (Stirenko et al. 2018), CC BY-NC-SA 4.0",aceptada,,
CHNCXR_0108_0,,,NLM-ChinaCXRSet,NLM 2014 (archivos 2024-08-28),"Shenzhen No. 3 People's Hospital, Guangdong, China",DR,ChinaSet_AllFiles/CXR_png/CHNCXR_0108_0.png,,2953,2897,1,3,vertical,uint8,8,stored,0.0,255.0,169.4916,57.7989,181.0,0,,,,22,264,M,0,sufijo_del_nombre_de_archivo,normal,shcxr-lung-mask/mask/CHNCXR_0108_0.png,"Instituto Politecnico de Kiev (Stirenko et al. 2018), CC BY-NC-SA 4.0",aceptada,,
CHNCXR_0109_0,,,NLM-ChinaCXRSet,NLM 2014 (archivos 2024-08-28),"Shenzhen No. 3 People's Hospital, Guangdong, China",DR,ChinaSet_AllFiles/CXR_png/CHNCXR_0109_0.png,,2942,2369,1,3,vertical,uint8,8,stored,0.0,255.0,168.8286,64.505,191.0,0,,,,21,252,F,0,sufijo_del_nombre_de_archivo,normal,shcxr-lung-mask/mask/CHNCXR_0109_0.png,"Instituto Politecnico de Kiev (Stirenko et al. 2018), CC BY-NC-SA 4.0",aceptada,,
CHNCXR_0110_0,,,NLM-ChinaCXRSet,NLM 2014 (archivos 2024-08-28),"Shenzhen No. 3 People's Hospital, Guangdong, China",DR,ChinaSet_AllFiles/CXR_png/CHNCXR_0110_0.png,,2946,2715,1,3,vertical,uint8,8,stored,0.0,255.0,172.1632,57.6819,191.0,0,,,,42,504,M,0,sufijo_del_nombre_de_archivo,normal,shcxr-lung-mask/mask/CHNCXR_0110_0.png,"Instituto Politecnico de Kiev (Stirenko et al. 2018), CC BY-NC-SA 4.0",aceptada,,
CHNCXR_0111_0,,,NLM-ChinaCXRSet,NLM 2014 (archivos 2024-08-28),"Shenzhen No. 3 People's Hospital, Guangdong, China",DR,ChinaSet_AllFiles/CXR_png/CHNCXR_0111_0.png,,2489,2609,1,3,horizontal,uint8,8,stored,0.0,255.0,190.1313,50.1347,206.0,0,,,,44,528,M,0,sufijo_del_nombre_de_archivo,normal,shcxr-lung-mask/mask/CHNCXR_0111_0.png,"Instituto Politecnico de Kiev (Stirenko et al. 2018), CC BY-NC-SA 4.0",aceptada,,
CHNCXR_0112_0,,,NLM-ChinaCXRSet,NLM 2014 (archivos 2024-08-28),"Shenzhen No. 3 People's Hospital, Guangdong, China",DR,ChinaSet_AllFiles/CXR_png/CHNCXR_0112_0.png,,2667,2589,1,3,vertical,uint8,8,stored,4.0,250.0,174.5367,46.6504,187.0,0,,,,33,396,M,0,sufijo_del_nombre_de_archivo,normal,shcxr-lung-mask/mask/CHNCXR_0112_0.png,"Instituto Politecnico de Kiev (Stirenko et al. 2018), CC BY-NC-SA 4.0",aceptada,,
CHNCXR_0113_0,,,NLM-ChinaCXRSet,NLM 2014 (archivos 2024-08-28),"Shenzhen No. 3 People's Hospital, Guangdong, China",DR,ChinaSet_AllFiles/CXR_png/CHNCXR_0113_0.png,,2876,2724,1,3,vertical,uint8,8,stored,0.0,255.0,149.193,64.6914,164.0,0,,,,30,360,M,0,sufijo_del_nombre_de_archivo,normal,shcxr-lung-mask/mask/CHNCXR_0113_0.png,"Instituto Politecnico de Kiev (Stirenko et al. 2018), CC BY-NC-SA 4.0",aceptada,,
CHNCXR_0114_0,,,NLM-ChinaCXRSet,NLM 2014 (archivos 2024-08-28),"Shenzhen No. 3 People's Hospital, Guangdong, China",DR,ChinaSet_AllFiles/CXR_png/CHNCXR_0114_0.png,,2933,3000,1,3,horizontal,uint8,8,stored,0.0,255.0,155.7017,73.5013,176.0,0,,,,20,240,M,0,sufijo_del_nombre_de_archivo,normal,shcxr-lung-mask/mask/CHNCXR_0114_0.png,"Instituto Politecnico de Kiev (Stirenko et al. 2018), CC BY-NC-SA 4.0",aceptada,,
CHNCXR_0115_0,,,NLM-ChinaCXRSet,NLM 2014 (archivos 2024-08-28),"Shenzhen No. 3 People's Hospital, Guangdong, China",DR,ChinaSet_AllFiles/CXR_png/CHNCXR_0115_0.png,,1149,1225,1,3,horizontal,uint8,8,stored,0.0,255.0,155.8928,63.2788,170.0,0,,,,1,16.0,M,0,sufijo_del_nombre_de_archivo,normal,shcxr-lung-mask/mask/CHNCXR_0115_0.png,"Instituto Politecnico de Kiev (Stirenko et al. 2018), CC BY-NC-SA 4.0",aceptada,,
CHNCXR_0116_0,,,NLM-ChinaCXRSet,NLM 2014 (archivos 2024-08-28),"Shenzhen No. 3 People's Hospital, Guangdong, China",DR,ChinaSet_AllFiles/CXR_png/CHNCXR_0116_0.png,,2931,3000,1,3,horizontal,uint8,8,stored,0.0,255.0,167.0116,60.8911,185.0,0,,,,49,588,M,0,sufijo_del_nombre_de_archivo,normal,shcxr-lung-mask/mask/CHNCXR_0116_0.png,"Instituto Politecnico de Kiev (Stirenko et al. 2018), CC BY-NC-SA 4.0",aceptada,,
CHNCXR_0117_0,,,NLM-ChinaCXRSet,NLM 2014 (archivos 2024-08-28),"Shenzhen No. 3 People's Hospital, Guangdong, China",DR,ChinaSet_AllFiles/CXR_png/CHNCXR_0117_0.png,,2959,2521,1,3,vertical,uint8,8,stored,0.0,255.0,178.8757,54.6296,197.0,0,,,,48,576,M,0,sufijo_del_nombre_de_archivo,normal,shcxr-lung-mask/mask/CHNCXR_0117_0.png,"Instituto Politecnico de Kiev (Stirenko et al. 2018), CC BY-NC-SA 4.0",aceptada,,
CHNCXR_0118_0,,,NLM-ChinaCXRSet,NLM 2014 (archivos 2024-08-28),"Shenzhen No. 3 People's Hospital, Guangdong, China",DR,ChinaSet_AllFiles/CXR_png/CHNCXR_0118_0.png,,2996,2990,1,3,vertical,uint8,8,stored,0.0,255.0,139.5923,76.0351,164.0,0,,,,26,312,F,0,sufijo_del_nombre_de_archivo,normal,shcxr-lung-mask/mask/CHNCXR_0118_0.png,"Instituto Politecnico de Kiev (Stirenko et al. 2018), CC BY-NC-SA 4.0",aceptada,,
CHNCXR_0119_0,,,NLM-ChinaCXRSet,NLM 2014 (archivos 2024-08-28),"Shenzhen No. 3 People's Hospital, Guangdong, China",DR,ChinaSet_AllFiles/CXR_png/CHNCXR_0119_0.png,,2869,2682,1,3,vertical,uint8,8,stored,0.0,255.0,145.4726,67.5774,167.0,0,,,,20,240,M,0,sufijo_del_nombre_de_archivo,normal,shcxr-lung-mask/mask/CHNCXR_0119_0.png,"Instituto Politecnico de Kiev (Stirenko et al. 2018), CC BY-NC-SA 4.0",aceptada,,
CHNCXR_0120_0,,,NLM-ChinaCXRSet,NLM 2014 (archivos 2024-08-28),"Shenzhen No. 3 People's Hospital, Guangdong, China",DR,ChinaSet_AllFiles/CXR_png/CHNCXR_0120_0.png,,2945,3000,1,3,horizontal,uint8,8,stored,0.0,255.0,156.0985,67.8654,174.0,0,,,,19,228,M,0,sufijo_del_nombre_de_archivo,normal,shcxr-lung-mask/mask/CHNCXR_0120_0.png,"Instituto Politecnico de Kiev (Stirenko et al. 2018), CC BY-NC-SA 4.0",aceptada,,
CHNCXR_0121_0,,,NLM-ChinaCXRSet,NLM 2014 (archivos 2024-08-28),"Shenzhen No. 3 People's Hospital, Guangdong, China",DR,ChinaSet_AllFiles/CXR_png/CHNCXR_0121_0.png,,2990,2751,1,3,vertical,uint8,8,stored,0.0,255.0,138.3896,71.9359,150.0,0,,,,21,252,M,0,sufijo_del_nombre_de_archivo,normal,shcxr-lung-mask/mask/CHNCXR_0121_0.png,"Instituto Politecnico de Kiev (Stirenko et al. 2018), CC BY-NC-SA 4.0",aceptada,,
CHNCXR_0122_0,,,NLM-ChinaCXRSet,NLM 2014 (archivos 2024-08-28),"Shenzhen No. 3 People's Hospital, Guangdong, China",DR,ChinaSet_AllFiles/CXR_png/CHNCXR_0122_0.png,,2843,2536,1,3,vertical,uint8,8,stored,0.0,255.0,135.8897,69.4846,153.0,0,,,,20,240,F,0,sufijo_del_nombre_de_archivo,normal,shcxr-lung-mask/mask/CHNCXR_0122_0.png,"Instituto Politecnico de Kiev (Stirenko et al. 2018), CC BY-NC-SA 4.0",aceptada,,
CHNCXR_0123_0,,,NLM-ChinaCXRSet,NLM 2014 (archivos 2024-08-28),"Shenzhen No. 3 People's Hospital, Guangdong, China",DR,ChinaSet_AllFiles/CXR_png/CHNCXR_0123_0.png,,2945,3000,1,3,horizontal,uint8,8,stored,0.0,255.0,164.1075,69.4369,191.0,0,,,,64,768,F,0,sufijo_del_nombre_de_archivo,normal,shcxr-lung-mask/mask/CHNCXR_0123_0.png,"Instituto Politecnico de Kiev (Stirenko et al. 2018), CC BY-NC-SA 4.0",aceptada,,
CHNCXR_0124_0,,,NLM-ChinaCXRSet,NLM 2014 (archivos 2024-08-28),"Shenzhen No. 3 People's Hospital, Guangdong, China",DR,ChinaSet_AllFiles/CXR_png/CHNCXR_0124_0.png,,2889,2365,1,3,vertical,uint8,8,stored,0.0,255.0,190.649,51.476,207.0,0,,,,34,408,M,0,sufijo_del_nombre_de_archivo,normal,shcxr-lung-mask/mask/CHNCXR_0124_0.png,"Instituto Politecnico de Kiev (Stirenko et al. 2018), CC BY-NC-SA 4.0",aceptada,,
CHNCXR_0125_0,,,NLM-ChinaCXRSet,NLM 2014 (archivos 2024-08-28),"Shenzhen No. 3 People's Hospital, Guangdong, China",DR,ChinaSet_AllFiles/CXR_png/CHNCXR_0125_0.png,,2993,2991,1,3,vertical,uint8,8,stored,0.0,255.0,138.6185,70.4619,157.0,0,,,,30,360,M,0,sufijo_del_nombre_de_archivo,normal,shcxr-lung-mask/mask/CHNCXR_0125_0.png,"Instituto Politecnico de Kiev (Stirenko et al. 2018), CC BY-NC-SA 4.0",aceptada,,
CHNCXR_0126_0,,,NLM-ChinaCXRSet,NLM 2014 (archivos 2024-08-28),"Shenzhen No. 3 People's Hospital, Guangdong, China",DR,ChinaSet_AllFiles/CXR_png/CHNCXR_0126_0.png,,2933,2997,1,3,horizontal,uint8,8,stored,0.0,255.0,162.4615,73.3355,190.0,0,,,,65,780,F,0,sufijo_del_nombre_de_archivo,normal,shcxr-lung-mask/mask/CHNCXR_0126_0.png,"Instituto Politecnico de Kiev (Stirenko et al. 2018), CC BY-NC-SA 4.0",aceptada,,
CHNCXR_0127_0,,,NLM-ChinaCXRSet,NLM 2014 (archivos 2024-08-28),"Shenzhen No. 3 People's Hospital, Guangdong, China",DR,ChinaSet_AllFiles/CXR_png/CHNCXR_0127_0.png,,2382,2478,1,3,horizontal,uint8,8,stored,0.0,255.0,190.2787,48.7692,203.0,0,,,,24,288,F,0,sufijo_del_nombre_de_archivo,normal,shcxr-lung-mask/mask/CHNCXR_0127_0.png,"Instituto Politecnico de Kiev (Stirenko et al. 2018), CC BY-NC-SA 4.0",aceptada,,
CHNCXR_0128_0,,,NLM-ChinaCXRSet,NLM 2014 (archivos 2024-08-28),"Shenzhen No. 3 People's Hospital, Guangdong, China",DR,ChinaSet_AllFiles/CXR_png/CHNCXR_0128_0.png,,2992,2991,1,3,vertical,uint8,8,stored,0.0,255.0,136.9016,72.3477,155.0,0,,,,28,336,M,0,sufijo_del_nombre_de_archivo,normal,shcxr-lung-mask/mask/CHNCXR_0128_0.png,"Instituto Politecnico de Kiev (Stirenko et al. 2018), CC BY-NC-SA 4.0",aceptada,,
CHNCXR_0129_0,,,NLM-ChinaCXRSet,NLM 2014 (archivos 2024-08-28),"Shenzhen No. 3 People's Hospital, Guangdong, China",DR,ChinaSet_AllFiles/CXR_png/CHNCXR_0129_0.png,,2947,2452,1,3,vertical,uint8,8,stored,0.0,255.0,172.8587,59.9483,194.0,0,,,,43,516,F,0,sufijo_del_nombre_de_archivo,normal,shcxr-lung-mask/mask/CHNCXR_0129_0.png,"Instituto Politecnico de Kiev (Stirenko et al. 2018), CC BY-NC-SA 4.0",aceptada,,
CHNCXR_0130_0,,,NLM-ChinaCXRSet,NLM 2014 (archivos 2024-08-28),"Shenzhen No. 3 People's Hospital, Guangdong, China",DR,ChinaSet_AllFiles/CXR_png/CHNCXR_0130_0.png,,2994,2991,1,3,vertical,uint8,8,stored,0.0,255.0,129.2075,73.1785,141.0,0,,,,26,312,M,0,sufijo_del_nombre_de_archivo,normal,shcxr-lung-mask/mask/CHNCXR_0130_0.png,"Instituto Politecnico de Kiev (Stirenko et al. 2018), CC BY-NC-SA 4.0",aceptada,,
CHNCXR_0131_0,,,NLM-ChinaCXRSet,NLM 2014 (archivos 2024-08-28),"Shenzhen No. 3 People's Hospital, Guangdong, China",DR,ChinaSet_AllFiles/CXR_png/CHNCXR_0131_0.png,,2994,2600,1,3,vertical,uint8,8,stored,0.0,255.0,138.9568,70.8365,153.0,0,,,,19,228,M,0,sufijo_del_nombre_de_archivo,normal,shcxr-lung-mask/mask/CHNCXR_0131_0.png,"Instituto Politecnico de Kiev (Stirenko et al. 2018), CC BY-NC-SA 4.0",aceptada,,
CHNCXR_0132_0,,,NLM-ChinaCXRSet,NLM 2014 (archivos 2024-08-28),"Shenzhen No. 3 People's Hospital, Guangdong, China",DR,ChinaSet_AllFiles/CXR_png/CHNCXR_0132_0.png,,2943,2997,1,3,horizontal,uint8,8,stored,0.0,255.0,158.463,69.1976,182.0,0,,,,50,600,F,0,sufijo_del_nombre_de_archivo,normal,shcxr-lung-mask/mask/CHNCXR_0132_0.png,"Instituto Politecnico de Kiev (Stirenko et al. 2018), CC BY-NC-SA 4.0",aceptada,,
CHNCXR_0133_0,,,NLM-ChinaCXRSet,NLM 2014 (archivos 2024-08-28),"Shenzhen No. 3 People's Hospital, Guangdong, China",DR,ChinaSet_AllFiles/CXR_png/CHNCXR_0133_0.png,,2953,3000,1,3,horizontal,uint8,8,stored,0.0,255.0,160.8744,67.4683,182.0,0,,,,28,336,M,0,sufijo_del_nombre_de_archivo,normal,shcxr-lung-mask/mask/CHNCXR_0133_0.png,"Instituto Politecnico de Kiev (Stirenko et al. 2018), CC BY-NC-SA 4.0",aceptada,,
CHNCXR_0134_0,,,NLM-ChinaCXRSet,NLM 2014 (archivos 2024-08-28),"Shenzhen No. 3 People's Hospital, Guangdong, China",DR,ChinaSet_AllFiles/CXR_png/CHNCXR_0134_0.png,,2957,2493,1,3,vertical,uint8,8,stored,0.0,255.0,167.1594,56.4092,179.0,0,,,,29,348,M,0,sufijo_del_nombre_de_archivo,normal,shcxr-lung-mask/mask/CHNCXR_0134_0.png,"Instituto Politecnico de Kiev (Stirenko et al. 2018), CC BY-NC-SA 4.0",aceptada,,
CHNCXR_0135_0,,,NLM-ChinaCXRSet,NLM 2014 (archivos 2024-08-28),"Shenzhen No. 3 People's Hospital, Guangdong, China",DR,ChinaSet_AllFiles/CXR_png/CHNCXR_0135_0.png,,2949,3000,1,3,horizontal,uint8,8,stored,0.0,255.0,160.8778,63.377,180.0,0,,,,20,240,M,0,sufijo_del_nombre_de_archivo,normal,shcxr-lung-mask/mask/CHNCXR_0135_0.png,"Instituto Politecnico de Kiev (Stirenko et al. 2018), CC BY-NC-SA 4.0",aceptada,,
CHNCXR_0136_0,,,NLM-ChinaCXRSet,NLM 2014 (archivos 2024-08-28),"Shenzhen No. 3 People's Hospital, Guangdong, China",DR,ChinaSet_AllFiles/CXR_png/CHNCXR_0136_0.png,,2937,2997,1,3,horizontal,uint8,8,stored,0.0,255.0,157.3337,67.4219,179.0,0,,,,30,360,M,0,sufijo_del_nombre_de_archivo,normal,shcxr-lung-mask/mask/CHNCXR_0136_0.png,"Instituto Politecnico de Kiev (Stirenko et al. 2018), CC BY-NC-SA 4.0",aceptada,,
CHNCXR_0137_0,,,NLM-ChinaCXRSet,NLM 2014 (archivos 2024-08-28),"Shenzhen No. 3 People's Hospital, Guangdong, China",DR,ChinaSet_AllFiles/CXR_png/CHNCXR_0137_0.png,,2939,3000,1,3,horizontal,uint8,8,stored,0.0,255.0,160.4966,66.6995,181.0,0,,,,24,288,M,0,sufijo_del_nombre_de_archivo,normal,shcxr-lung-mask/mask/CHNCXR_0137_0.png,"Instituto Politecnico de Kiev (Stirenko et al. 2018), CC BY-NC-SA 4.0",aceptada,,
CHNCXR_0138_0,,,NLM-ChinaCXRSet,NLM 2014 (archivos 2024-08-28),"Shenzhen No. 3 People's Hospital, Guangdong, China",DR,ChinaSet_AllFiles/CXR_png/CHNCXR_0138_0.png,,2943,3000,1,3,horizontal,uint8,8,stored,0.0,255.0,171.3039,65.594,194.0,0,,,,30,360,F,0,sufijo_del_nombre_de_archivo,normal,shcxr-lung-mask/mask/CHNCXR_0138_0.png,"Instituto Politecnico de Kiev (Stirenko et al. 2018), CC BY-NC-SA 4.0",aceptada,,
CHNCXR_0139_0,,,NLM-ChinaCXRSet,NLM 2014 (archivos 2024-08-28),"Shenzhen No. 3 People's Hospital, Guangdong, China",DR,ChinaSet_AllFiles/CXR_png/CHNCXR_0139_0.png,,2931,3000,1,3,horizontal,uint8,8,stored,0.0,255.0,173.0887,61.7818,193.0,0,,,,27,324,F,0,sufijo_del_nombre_de_archivo,normal,shcxr-lung-mask/mask/CHNCXR_0139_0.png,"Instituto Politecnico de Kiev (Stirenko et al. 2018), CC BY-NC-SA 4.0",aceptada,,
CHNCXR_0140_0,,,NLM-ChinaCXRSet,NLM 2014 (archivos 2024-08-28),"Shenzhen No. 3 People's Hospital, Guangdong, China",DR,ChinaSet_AllFiles/CXR_png/CHNCXR_0140_0.png,,2066,2227,1,3,horizontal,uint8,8,stored,0.0,255.0,187.2221,47.1786,199.0,0,,,,39,468,F,0,sufijo_del_nombre_de_archivo,normal,shcxr-lung-mask/mask/CHNCXR_0140_0.png,"Instituto Politecnico de Kiev (Stirenko et al. 2018), CC BY-NC-SA 4.0",aceptada,,
CHNCXR_0141_0,,,NLM-ChinaCXRSet,NLM 2014 (archivos 2024-08-28),"Shenzhen No. 3 People's Hospital, Guangdong, China",DR,ChinaSet_AllFiles/CXR_png/CHNCXR_0141_0.png,,2927,3000,1,3,horizontal,uint8,8,stored,0.0,255.0,162.1046,64.8456,183.0,0,,,,36,432,F,0,sufijo_del_nombre_de_archivo,normal,shcxr-lung-mask/mask/CHNCXR_0141_0.png,"Instituto Politecnico de Kiev (Stirenko et al. 2018), CC BY-NC-SA 4.0",aceptada,,
CHNCXR_0142_0,,,NLM-ChinaCXRSet,NLM 2014 (archivos 2024-08-28),"Shenzhen No. 3 People's Hospital, Guangdong, China",DR,ChinaSet_AllFiles/CXR_png/CHNCXR_0142_0.png,,2388,2407,1,3,horizontal,uint8,8,stored,0.0,255.0,190.5291,50.163,204.0,0,,,,22,264,M,0,sufijo_del_nombre_de_archivo,normal,shcxr-lung-mask/mask/CHNCXR_0142_0.png,"Instituto Politecnico de Kiev (Stirenko et al. 2018), CC BY-NC-SA 4.0",aceptada,,
CHNCXR_0143_0,,,NLM-ChinaCXRSet,NLM 2014 (archivos 2024-08-28),"Shenzhen No. 3 People's Hospital, Guangdong, China",DR,ChinaSet_AllFiles/CXR_png/CHNCXR_0143_0.png,,2854,2791,1,3,vertical,uint8,8,stored,0.0,255.0,146.0899,71.107,167.0,0,,,,47,564,F,0,sufijo_del_nombre_de_archivo,normal,shcxr-lung-mask/mask/CHNCXR_0143_0.png,"Instituto Politecnico de Kiev (Stirenko et al. 2018), CC BY-NC-SA 4.0",aceptada,,
CHNCXR_0144_0,,,NLM-ChinaCXRSet,NLM 2014 (archivos 2024-08-28),"Shenzhen No. 3 People's Hospital, Guangdong, China",DR,ChinaSet_AllFiles/CXR_png/CHNCXR_0144_0.png,,2768,2271,1,3,vertical,uint8,8,stored,0.0,255.0,171.2545,49.5864,183.0,0,,,,31,372,M,0,sufijo_del_nombre_de_archivo,normal,shcxr-lung-mask/mask/CHNCXR_0144_0.png,"Instituto Politecnico de Kiev (Stirenko et al. 2018), CC BY-NC-SA 4.0",aceptada,,
CHNCXR_0145_0,,,NLM-ChinaCXRSet,NLM 2014 (archivos 2024-08-28),"Shenzhen No. 3 People's Hospital, Guangdong, China",DR,ChinaSet_AllFiles/CXR_png/CHNCXR_0145_0.png,,2990,2990,1,3,vertical,uint8,8,stored,0.0,255.0,138.3468,70.6119,151.0,0,,,,45,540,M,0,sufijo_del_nombre_de_archivo,normal,shcxr-lung-mask/mask/CHNCXR_0145_0.png,"Instituto Politecnico de Kiev (Stirenko et al. 2018), CC BY-NC-SA 4.0",aceptada,,
CHNCXR_0146_0,,,NLM-ChinaCXRSet,NLM 2014 (archivos 2024-08-28),"Shenzhen No. 3 People's Hospital, Guangdong, China",DR,ChinaSet_AllFiles/CXR_png/CHNCXR_0146_0.png,,2975,2985,1,3,horizontal,uint8,8,stored,0.0,255.0,156.3895,72.5924,178.0,0,,,,22,264,M,0,sufijo_del_nombre_de_archivo,normal,shcxr-lung-mask/mask/CHNCXR_0146_0.png,"Instituto Politecnico de Kiev (Stirenko et al. 2018), CC BY-NC-SA 4.0",aceptada,,
CHNCXR_0147_0,,,NLM-ChinaCXRSet,NLM 2014 (archivos 2024-08-28),"Shenzhen No. 3 People's Hospital, Guangdong, China",DR,ChinaSet_AllFiles/CXR_png/CHNCXR_0147_0.png,,2951,3000,1,3,horizontal,uint8,8,stored,2.0,255.0,163.1814,58.3388,175.0,0,,,,23,276,M,0,sufijo_del_nombre_de_archivo,normal,shcxr-lung-mask/mask/CHNCXR_0147_0.png,"Instituto Politecnico de Kiev (Stirenko et al. 2018), CC BY-NC-SA 4.0",aceptada,,
CHNCXR_0148_0,,,NLM-ChinaCXRSet,NLM 2014 (archivos 2024-08-28),"Shenzhen No. 3 People's Hospital, Guangdong, China",DR,ChinaSet_AllFiles/CXR_png/CHNCXR_0148_0.png,,2930,2692,1,3,vertical,uint8,8,stored,0.0,255.0,177.4978,53.4586,195.0,0,,,,24,288,M,0,sufijo_del_nombre_de_archivo,normal,shcxr-lung-mask/mask/CHNCXR_0148_0.png,"Instituto Politecnico de Kiev (Stirenko et al. 2018), CC BY-NC-SA 4.0",aceptada,,
CHNCXR_0149_0,,,NLM-ChinaCXRSet,NLM 2014 (archivos 2024-08-28),"Shenzhen No. 3 People's Hospital, Guangdong, China",DR,ChinaSet_AllFiles/CXR_png/CHNCXR_0149_0.png,,2995,2993,1,3,vertical,uint8,8,stored,0.0,255.0,149.9144,66.1203,171.0,0,,,,31,372,M,0,sufijo_del_nombre_de_archivo,normal,shcxr-lung-mask/mask/CHNCXR_0149_0.png,"Instituto Politecnico de Kiev (Stirenko et al. 2018), CC BY-NC-SA 4.0",aceptada,,
CHNCXR_0150_0,,,NLM-ChinaCXRSet,NLM 2014 (archivos 2024-08-28),"Shenzhen No. 3 People's Hospital, Guangdong, China",DR,ChinaSet_AllFiles/CXR_png/CHNCXR_0150_0.png,,2941,2730,1,3,vertical,uint8,8,stored,0.0,255.0,172.1773,55.4114,188.0,0,,,,45,540,M,0,sufijo_del_nombre_de_archivo,normal,shcxr-lung-mask/mask/CHNCXR_0150_0.png,"Instituto Politecnico de Kiev (Stirenko et al. 2018), CC BY-NC-SA 4.0",aceptada,,
CHNCXR_0151_0,,,NLM-ChinaCXRSet,NLM 2014 (archivos 2024-08-28),"Shenzhen No. 3 People's Hospital, Guangdong, China",DR,ChinaSet_AllFiles/CXR_png/CHNCXR_0151_0.png,,2931,2985,1,3,horizontal,uint8,8,stored,0.0,255.0,154.373,68.0109,177.0,0,,,,25,300,F,0,sufijo_del_nombre_de_archivo,normal,shcxr-lung-mask/mask/CHNCXR_0151_0.png,"Instituto Politecnico de Kiev (Stirenko et al. 2018), CC BY-NC-SA 4.0",aceptada,,
CHNCXR_0152_0,,,NLM-ChinaCXRSet,NLM 2014 (archivos 2024-08-28),"Shenzhen No. 3 People's Hospital, Guangdong, China",DR,ChinaSet_AllFiles/CXR_png/CHNCXR_0152_0.png,,2638,2512,1,3,vertical,uint8,8,stored,0.0,255.0,165.1893,60.3461,182.0,0,,,,24,288,F,0,sufijo_del_nombre_de_archivo,normal,shcxr-lung-mask/mask/CHNCXR_0152_0.png,"Instituto Politecnico de Kiev (Stirenko et al. 2018), CC BY-NC-SA 4.0",aceptada,,
CHNCXR_0153_0,,,NLM-ChinaCXRSet,NLM 2014 (archivos 2024-08-28),"Shenzhen No. 3 People's Hospital, Guangdong, China",DR,ChinaSet_AllFiles/CXR_png/CHNCXR_0153_0.png,,2939,3000,1,3,horizontal,uint8,8,stored,0.0,255.0,160.8161,63.5776,181.0,0,,,,37,444,F,0,sufijo_del_nombre_de_archivo,normal,shcxr-lung-mask/mask/CHNCXR_0153_0.png,"Instituto Politecnico de Kiev (Stirenko et al. 2018), CC BY-NC-SA 4.0",aceptada,,
CHNCXR_0154_0,,,NLM-ChinaCXRSet,NLM 2014 (archivos 2024-08-28),"Shenzhen No. 3 People's Hospital, Guangdong, China",DR,ChinaSet_AllFiles/CXR_png/CHNCXR_0154_0.png,,2943,3000,1,3,horizontal,uint8,8,stored,0.0,255.0,166.5927,60.64,186.0,0,,,,31,372,M,0,sufijo_del_nombre_de_archivo,normal,shcxr-lung-mask/mask/CHNCXR_0154_0.png,"Instituto Politecnico de Kiev (Stirenko et al. 2018), CC BY-NC-SA 4.0",aceptada,,
CHNCXR_0155_0,,,NLM-ChinaCXRSet,NLM 2014 (archivos 2024-08-28),"Shenzhen No. 3 People's Hospital, Guangdong, China",DR,ChinaSet_AllFiles/CXR_png/CHNCXR_0155_0.png,,1737,2253,1,3,horizontal,uint8,8,stored,0.0,255.0,139.4173,62.9568,156.0,0,,,,5,60,M,0,sufijo_del_nombre_de_archivo,normal,shcxr-lung-mask/mask/CHNCXR_0155_0.png,"Instituto Politecnico de Kiev (Stirenko et al. 2018), CC BY-NC-SA 4.0",aceptada,,
CHNCXR_0156_0,,,NLM-ChinaCXRSet,NLM 2014 (archivos 2024-08-28),"Shenzhen No. 3 People's Hospital, Guangdong, China",DR,ChinaSet_AllFiles/CXR_png/CHNCXR_0156_0.png,,2957,2997,1,3,horizontal,uint8,8,stored,0.0,255.0,155.8419,60.9243,171.0,0,,,,38,456,F,0,sufijo_del_nombre_de_archivo,normal,shcxr-lung-mask/mask/CHNCXR_0156_0.png,"Instituto Politecnico de Kiev (Stirenko et al. 2018), CC BY-NC-SA 4.0",aceptada,,
CHNCXR_0157_0,,,NLM-ChinaCXRSet,NLM 2014 (archivos 2024-08-28),"Shenzhen No. 3 People's Hospital, Guangdong, China",DR,ChinaSet_AllFiles/CXR_png/CHNCXR_0157_0.png,,2953,2985,1,3,horizontal,uint8,8,stored,0.0,255.0,157.3138,63.5459,173.0,0,,,,23,276,M,0,sufijo_del_nombre_de_archivo,normal,shcxr-lung-mask/mask/CHNCXR_0157_0.png,"Instituto Politecnico de Kiev (Stirenko et al. 2018), CC BY-NC-SA 4.0",aceptada,,
CHNCXR_0158_0,,,NLM-ChinaCXRSet,NLM 2014 (archivos 2024-08-28),"Shenzhen No. 3 People's Hospital, Guangdong, China",DR,ChinaSet_AllFiles/CXR_png/CHNCXR_0158_0.png,,2904,2655,1,3,vertical,uint8,8,stored,0.0,255.0,160.1306,71.7754,184.0,0,,,,36,432,F,0,sufijo_del_nombre_de_archivo,normal,shcxr-lung-mask/mask/CHNCXR_0158_0.png,"Instituto Politecnico de Kiev (Stirenko et al. 2018), CC BY-NC-SA 4.0",aceptada,,
CHNCXR_0159_0,,,NLM-ChinaCXRSet,NLM 2014 (archivos 2024-08-28),"Shenzhen No. 3 People's Hospital, Guangdong, China",DR,ChinaSet_AllFiles/CXR_png/CHNCXR_0159_0.png,,2989,2991,1,3,horizontal,uint8,8,stored,0.0,255.0,144.9296,68.9574,169.0,0,,,,22,264,M,0,sufijo_del_nombre_de_archivo,normal,shcxr-lung-mask/mask/CHNCXR_0159_0.png,"Instituto Politecnico de Kiev (Stirenko et al. 2018), CC BY-NC-SA 4.0",aceptada,,
CHNCXR_0160_0,,,NLM-ChinaCXRSet,NLM 2014 (archivos 2024-08-28),"Shenzhen No. 3 People's Hospital, Guangdong, China",DR,ChinaSet_AllFiles/CXR_png/CHNCXR_0160_0.png,,2786,2529,1,3,vertical,uint8,8,stored,0.0,255.0,140.6562,68.0146,153.0,0,,,,23,276,F,0,sufijo_del_nombre_de_archivo,normal,shcxr-lung-mask/mask/CHNCXR_0160_0.png,"Instituto Politecnico de Kiev (Stirenko et al. 2018), CC BY-NC-SA 4.0",aceptada,,
CHNCXR_0161_0,,,NLM-ChinaCXRSet,NLM 2014 (archivos 2024-08-28),"Shenzhen No. 3 People's Hospital, Guangdong, China",DR,ChinaSet_AllFiles/CXR_png/CHNCXR_0161_0.png,,2880,2697,1,3,vertical,uint8,8,stored,0.0,255.0,142.4807,66.2553,162.0,0,,,,48,576,F,0,sufijo_del_nombre_de_archivo,normal,shcxr-lung-mask/mask/CHNCXR_0161_0.png,"Instituto Politecnico de Kiev (Stirenko et al. 2018), CC BY-NC-SA 4.0",aceptada,,
CHNCXR_0162_0,,,NLM-ChinaCXRSet,NLM 2014 (archivos 2024-08-28),"Shenzhen No. 3 People's Hospital, Guangdong, China",DR,ChinaSet_AllFiles/CXR_png/CHNCXR_0162_0.png,,2945,3000,1,3,horizontal,uint8,8,stored,0.0,255.0,154.1608,64.2231,170.0,0,,,,23,276,M,0,sufijo_del_nombre_de_archivo,normal,shcxr-lung-mask/mask/CHNCXR_0162_0.png,"Instituto Politecnico de Kiev (Stirenko et al. 2018), CC BY-NC-SA 4.0",aceptada,,
CHNCXR_0163_0,,,NLM-ChinaCXRSet,NLM 2014 (archivos 2024-08-28),"Shenzhen No. 3 People's Hospital, Guangdong, China",DR,ChinaSet_AllFiles/CXR_png/CHNCXR_0163_0.png,,2951,2989,1,3,horizontal,uint8,8,stored,0.0,255.0,160.3562,67.8078,183.0,0,,,,28,336,M,0,sufijo_del_nombre_de_archivo,normal,shcxr-lung-mask/mask/CHNCXR_0163_0.png,"Instituto Politecnico de Kiev (Stirenko et al. 2018), CC BY-NC-SA 4.0",aceptada,,
CHNCXR_0164_0,,,NLM-ChinaCXRSet,NLM 2014 (archivos 2024-08-28),"Shenzhen No. 3 People's Hospital, Guangdong, China",DR,ChinaSet_AllFiles/CXR_png/CHNCXR_0164_0.png,,2939,3000,1,3,horizontal,uint8,8,stored,0.0,255.0,177.3192,57.0601,197.0,0,,,,53,636,M,0,sufijo_del_nombre_de_archivo,normal,shcxr-lung-mask/mask/CHNCXR_0164_0.png,"Instituto Politecnico de Kiev (Stirenko et al. 2018), CC BY-NC-SA 4.0",aceptada,,
CHNCXR_0165_0,,,NLM-ChinaCXRSet,NLM 2014 (archivos 2024-08-28),"Shenzhen No. 3 People's Hospital, Guangdong, China",DR,ChinaSet_AllFiles/CXR_png/CHNCXR_0165_0.png,,2993,2967,1,3,vertical,uint8,8,stored,0.0,255.0,167.8422,73.0496,192.0,0,,,,39,468,M,0,sufijo_del_nombre_de_archivo,normal,shcxr-lung-mask/mask/CHNCXR_0165_0.png,"Instituto Politecnico de Kiev (Stirenko et al. 2018), CC BY-NC-SA 4.0",aceptada,,
CHNCXR_0166_0,,,NLM-ChinaCXRSet,NLM 2014 (archivos 2024-08-28),"Shenzhen No. 3 People's Hospital, Guangdong, China",DR,ChinaSet_AllFiles/CXR_png/CHNCXR_0166_0.png,,2527,2443,1,3,vertical,uint8,8,stored,0.0,255.0,165.7766,61.1266,177.0,0,,,,31,372,F,0,sufijo_del_nombre_de_archivo,normal,shcxr-lung-mask/mask/CHNCXR_0166_0.png,"Instituto Politecnico de Kiev (Stirenko et al. 2018), CC BY-NC-SA 4.0",aceptada,,
CHNCXR_0167_0,,,NLM-ChinaCXRSet,NLM 2014 (archivos 2024-08-28),"Shenzhen No. 3 People's Hospital, Guangdong, China",DR,ChinaSet_AllFiles/CXR_png/CHNCXR_0167_0.png,,2961,2761,1,3,vertical,uint8,8,stored,0.0,255.0,149.9746,67.8197,170.0,0,,,,47,564,M,0,sufijo_del_nombre_de_archivo,normal,shcxr-lung-mask/mask/CHNCXR_0167_0.png,"Instituto Politecnico de Kiev (Stirenko et al. 2018), CC BY-NC-SA 4.0",aceptada,,
CHNCXR_0168_0,,,NLM-ChinaCXRSet,NLM 2014 (archivos 2024-08-28),"Shenzhen No. 3 People's Hospital, Guangdong, China",DR,ChinaSet_AllFiles/CXR_png/CHNCXR_0168_0.png,,2931,3000,1,3,horizontal,uint8,8,stored,0.0,255.0,163.9522,55.7447,172.0,0,,,,27,324,M,0,sufijo_del_nombre_de_archivo,normal,shcxr-lung-mask/mask/CHNCXR_0168_0.png,"Instituto Politecnico de Kiev (Stirenko et al. 2018), CC BY-NC-SA 4.0",aceptada,,
CHNCXR_0169_0,,,NLM-ChinaCXRSet,NLM 2014 (archivos 2024-08-28),"Shenzhen No. 3 People's Hospital, Guangdong, China",DR,ChinaSet_AllFiles/CXR_png/CHNCXR_0169_0.png,,1761,1671,1,3,vertical,uint8,8,stored,0.0,255.0,147.6427,58.3447,160.0,0,,,,2,24,M,0,sufijo_del_nombre_de_archivo,normal,shcxr-lung-mask/mask/CHNCXR_0169_0.png,"Instituto Politecnico de Kiev (Stirenko et al. 2018), CC BY-NC-SA 4.0",aceptada,,
CHNCXR_0170_0,,,NLM-ChinaCXRSet,NLM 2014 (archivos 2024-08-28),"Shenzhen No. 3 People's Hospital, Guangdong, China",DR,ChinaSet_AllFiles/CXR_png/CHNCXR_0170_0.png,,2953,3000,1,3,horizontal,uint8,8,stored,0.0,255.0,161.9226,68.8928,187.0,0,,,,23,276,M,0,sufijo_del_nombre_de_archivo,normal,shcxr-lung-mask/mask/CHNCXR_0170_0.png,"Instituto Politecnico de Kiev (Stirenko et al. 2018), CC BY-NC-SA 4.0",aceptada,,
CHNCXR_0171_0,,,NLM-ChinaCXRSet,NLM 2014 (archivos 2024-08-28),"Shenzhen No. 3 People's Hospital, Guangdong, China",DR,ChinaSet_AllFiles/CXR_png/CHNCXR_0171_0.png,,2991,2991,1,3,vertical,uint8,8,stored,0.0,255.0,134.9157,72.6013,148.0,0,,,,19,228,M,0,sufijo_del_nombre_de_archivo,normal,shcxr-lung-mask/mask/CHNCXR_0171_0.png,"Instituto Politecnico de Kiev (Stirenko et al. 2018), CC BY-NC-SA 4.0",aceptada,,
CHNCXR_0172_0,,,NLM-ChinaCXRSet,NLM 2014 (archivos 2024-08-28),"Shenzhen No. 3 People's Hospital, Guangdong, China",DR,ChinaSet_AllFiles/CXR_png/CHNCXR_0172_0.png,,2556,2434,1,3,vertical,uint8,8,stored,0.0,255.0,174.4659,55.6002,187.0,0,,,,26,312,F,0,sufijo_del_nombre_de_archivo,normal,shcxr-lung-mask/mask/CHNCXR_0172_0.png,"Instituto Politecnico de Kiev (Stirenko et al. 2018), CC BY-NC-SA 4.0",aceptada,,
CHNCXR_0173_0,,,NLM-ChinaCXRSet,NLM 2014 (archivos 2024-08-28),"Shenzhen No. 3 People's Hospital, Guangdong, China",DR,ChinaSet_AllFiles/CXR_png/CHNCXR_0173_0.png,,2903,2566,1,3,vertical,uint8,8,stored,0.0,255.0,167.4768,58.2822,183.0,0,,,,28,336,M,0,sufijo_del_nombre_de_archivo,normal,shcxr-lung-mask/mask/CHNCXR_0173_0.png,"Instituto Politecnico de Kiev (Stirenko et al. 2018), CC BY-NC-SA 4.0",aceptada,,
CHNCXR_0174_0,,,NLM-ChinaCXRSet,NLM 2014 (archivos 2024-08-28),"Shenzhen No. 3 People's Hospital, Guangdong, China",DR,ChinaSet_AllFiles/CXR_png/CHNCXR_0174_0.png,,2970,2585,1,3,vertical,uint8,8,stored,0.0,255.0,172.5956,58.4083,190.0,0,,,,68,816,M,0,sufijo_del_nombre_de_archivo,normal,shcxr-lung-mask/mask/CHNCXR_0174_0.png,"Instituto Politecnico de Kiev (Stirenko et al. 2018), CC BY-NC-SA 4.0",aceptada,,
CHNCXR_0175_0,,,NLM-ChinaCXRSet,NLM 2014 (archivos 2024-08-28),"Shenzhen No. 3 People's Hospital, Guangdong, China",DR,ChinaSet_AllFiles/CXR_png/CHNCXR_0175_0.png,,2009,2205,1,3,horizontal,uint8,8,stored,0.0,255.0,198.4659,48.7535,214.0,0,,,,70,840,F,0,sufijo_del_nombre_de_archivo,normal,shcxr-lung-mask/mask/CHNCXR_0175_0.png,"Instituto Politecnico de Kiev (Stirenko et al. 2018), CC BY-NC-SA 4.0",aceptada,,
CHNCXR_0176_0,,,NLM-ChinaCXRSet,NLM 2014 (archivos 2024-08-28),"Shenzhen No. 3 People's Hospital, Guangdong, China",DR,ChinaSet_AllFiles/CXR_png/CHNCXR_0176_0.png,,2929,2987,1,3,horizontal,uint8,8,stored,0.0,255.0,165.866,62.696,184.0,0,,,,64,768,F,0,sufijo_del_nombre_de_archivo,normal,shcxr-lung-mask/mask/CHNCXR_0176_0.png,"Instituto Politecnico de Kiev (Stirenko et al. 2018), CC BY-NC-SA 4.0",aceptada,,
CHNCXR_0177_0,,,NLM-ChinaCXRSet,NLM 2014 (archivos 2024-08-28),"Shenzhen No. 3 People's Hospital, Guangdong, China",DR,ChinaSet_AllFiles/CXR_png/CHNCXR_0177_0.png,,2530,2504,1,3,vertical,uint8,8,stored,0.0,255.0,180.2766,49.9467,190.0,0,,,,19,228,M,0,sufijo_del_nombre_de_archivo,normal,shcxr-lung-mask/mask/CHNCXR_0177_0.png,"Instituto Politecnico de Kiev (Stirenko et al. 2018), CC BY-NC-SA 4.0",aceptada,,
CHNCXR_0178_0,,,NLM-ChinaCXRSet,NLM 2014 (archivos 2024-08-28),"Shenzhen No. 3 People's Hospital, Guangdong, China",DR,ChinaSet_AllFiles/CXR_png/CHNCXR_0178_0.png,,1341,1521,1,3,horizontal,uint8,8,stored,0.0,255.0,144.4233,53.4865,161.0,0,,,,1,12,M,0,sufijo_del_nombre_de_archivo,normal,shcxr-lung-mask/mask/CHNCXR_0178_0.png,"Instituto Politecnico de Kiev (Stirenko et al. 2018), CC BY-NC-SA 4.0",aceptada,,
CHNCXR_0179_0,,,NLM-ChinaCXRSet,NLM 2014 (archivos 2024-08-28),"Shenzhen No. 3 People's Hospital, Guangdong, China",DR,ChinaSet_AllFiles/CXR_png/CHNCXR_0179_0.png,,2941,3000,1,3,horizontal,uint8,8,stored,0.0,255.0,174.0581,61.3703,195.0,0,,,,22,264,M,0,sufijo_del_nombre_de_archivo,normal,shcxr-lung-mask/mask/CHNCXR_0179_0.png,"Instituto Politecnico de Kiev (Stirenko et al. 2018), CC BY-NC-SA 4.0",aceptada,,
CHNCXR_0180_0,,,NLM-ChinaCXRSet,NLM 2014 (archivos 2024-08-28),"Shenzhen No. 3 People's Hospital, Guangdong, China",DR,ChinaSet_AllFiles/CXR_png/CHNCXR_0180_0.png,,2457,2997,1,3,horizontal,uint8,8,stored,0.0,255.0,160.8424,61.7992,182.0,0,,,,36,432,F,0,sufijo_del_nombre_de_archivo,normal,shcxr-lung-mask/mask/CHNCXR_0180_0.png,"Instituto Politecnico de Kiev (Stirenko et al. 2018), CC BY-NC-SA 4.0",aceptada,,
CHNCXR_0181_0,,,NLM-ChinaCXRSet,NLM 2014 (archivos 2024-08-28),"Shenzhen No. 3 People's Hospital, Guangdong, China",DR,ChinaSet_AllFiles/CXR_png/CHNCXR_0181_0.png,,2937,3000,1,3,horizontal,uint8,8,stored,0.0,255.0,178.1343,55.9578,194.0,0,,,,43,516,F,0,sufijo_del_nombre_de_archivo,normal,,,revisar,sin_mascara_referencia,
CHNCXR_0182_0,,,NLM-ChinaCXRSet,NLM 2014 (archivos 2024-08-28),"Shenzhen No. 3 People's Hospital, Guangdong, China",DR,ChinaSet_AllFiles/CXR_png/CHNCXR_0182_0.png,,2925,3000,1,3,horizontal,uint8,8,stored,0.0,255.0,171.4335,59.116,187.0,0,,,,37,444,M,0,sufijo_del_nombre_de_archivo,normal,,,revisar,sin_mascara_referencia,
CHNCXR_0183_0,,,NLM-ChinaCXRSet,NLM 2014 (archivos 2024-08-28),"Shenzhen No. 3 People's Hospital, Guangdong, China",DR,ChinaSet_AllFiles/CXR_png/CHNCXR_0183_0.png,,2945,3000,1,3,horizontal,uint8,8,stored,0.0,255.0,158.8003,58.1384,171.0,0,,,,32,384,M,0,sufijo_del_nombre_de_archivo,normal,,,revisar,sin_mascara_referencia,
CHNCXR_0184_0,,,NLM-ChinaCXRSet,NLM 2014 (archivos 2024-08-28),"Shenzhen No. 3 People's Hospital, Guangdong, China",DR,ChinaSet_AllFiles/CXR_png/CHNCXR_0184_0.png,,2947,3000,1,3,horizontal,uint8,8,stored,0.0,255.0,168.1521,62.3361,187.0,0,,,,33,396,F,0,sufijo_del_nombre_de_archivo,normal,,,revisar,sin_mascara_referencia,
CHNCXR_0185_0,,,NLM-ChinaCXRSet,NLM 2014 (archivos 2024-08-28),"Shenzhen No. 3 People's Hospital, Guangdong, China",DR,ChinaSet_AllFiles/CXR_png/CHNCXR_0185_0.png,,2929,2793,1,3,vertical,uint8,8,stored,0.0,255.0,185.618,48.8953,202.0,0,,,,44,528,M,0,sufijo_del_nombre_de_archivo,normal,,,revisar,sin_mascara_referencia,
CHNCXR_0186_0,,,NLM-ChinaCXRSet,NLM 2014 (archivos 2024-08-28),"Shenzhen No. 3 People's Hospital, Guangdong, China",DR,ChinaSet_AllFiles/CXR_png/CHNCXR_0186_0.png,,2861,2464,1,3,vertical,uint8,8,stored,0.0,255.0,185.0258,48.0421,199.0,0,,,,44,528,M,0,sufijo_del_nombre_de_archivo,normal,,,revisar,sin_mascara_referencia,
CHNCXR_0187_0,,,NLM-ChinaCXRSet,NLM 2014 (archivos 2024-08-28),"Shenzhen No. 3 People's Hospital, Guangdong, China",DR,ChinaSet_AllFiles/CXR_png/CHNCXR_0187_0.png,,2940,2339,1,3,vertical,uint8,8,stored,0.0,255.0,165.1819,53.6779,176.0,0,,,,23,276,M,0,sufijo_del_nombre_de_archivo,normal,,,revisar,sin_mascara_referencia,
CHNCXR_0188_0,,,NLM-ChinaCXRSet,NLM 2014 (archivos 2024-08-28),"Shenzhen No. 3 People's Hospital, Guangdong, China",DR,ChinaSet_AllFiles/CXR_png/CHNCXR_0188_0.png,,2989,2992,1,3,horizontal,uint8,8,stored,0.0,255.0,138.8686,70.8409,158.0,0,,,,25,300,M,0,sufijo_del_nombre_de_archivo,normal,,,revisar,sin_mascara_referencia,
CHNCXR_0189_0,,,NLM-ChinaCXRSet,NLM 2014 (archivos 2024-08-28),"Shenzhen No. 3 People's Hospital, Guangdong, China",DR,ChinaSet_AllFiles/CXR_png/CHNCXR_0189_0.png,,2758,2478,1,3,vertical,uint8,8,stored,0.0,255.0,141.8025,65.3802,152.0,0,,,,27,324,M,0,sufijo_del_nombre_de_archivo,normal,,,revisar,sin_mascara_referencia,
CHNCXR_0190_0,,,NLM-ChinaCXRSet,NLM 2014 (archivos 2024-08-28),"Shenzhen No. 3 People's Hospital, Guangdong, China",DR,ChinaSet_AllFiles/CXR_png/CHNCXR_0190_0.png,,2933,3000,1,3,horizontal,uint8,8,stored,0.0,255.0,178.734,54.6327,196.0,0,,,,34,408,M,0,sufijo_del_nombre_de_archivo,normal,,,revisar,sin_mascara_referencia,
CHNCXR_0191_0,,,NLM-ChinaCXRSet,NLM 2014 (archivos 2024-08-28),"Shenzhen No. 3 People's Hospital, Guangdong, China",DR,ChinaSet_AllFiles/CXR_png/CHNCXR_0191_0.png,,2947,3000,1,3,horizontal,uint8,8,stored,0.0,255.0,162.3135,64.8476,182.0,0,,,,33,396,M,0,sufijo_del_nombre_de_archivo,normal,,,revisar,sin_mascara_referencia,
CHNCXR_0192_0,,,NLM-ChinaCXRSet,NLM 2014 (archivos 2024-08-28),"Shenzhen No. 3 People's Hospital, Guangdong, China",DR,ChinaSet_AllFiles/CXR_png/CHNCXR_0192_0.png,,2989,2992,1,3,horizontal,uint8,8,stored,0.0,255.0,127.4584,75.1659,143.0,0,,,,24,288,M,0,sufijo_del_nombre_de_archivo,normal,,,revisar,sin_mascara_referencia,
CHNCXR_0193_0,,,NLM-ChinaCXRSet,NLM 2014 (archivos 2024-08-28),"Shenzhen No. 3 People's Hospital, Guangdong, China",DR,ChinaSet_AllFiles/CXR_png/CHNCXR_0193_0.png,,2601,2512,1,3,vertical,uint8,8,stored,0.0,255.0,140.3097,64.9668,151.0,0,,,,24,288,F,0,sufijo_del_nombre_de_archivo,normal,,,revisar,sin_mascara_referencia,
CHNCXR_0194_0,,,NLM-ChinaCXRSet,NLM 2014 (archivos 2024-08-28),"Shenzhen No. 3 People's Hospital, Guangdong, China",DR,ChinaSet_AllFiles/CXR_png/CHNCXR_0194_0.png,,2992,2991,1,3,vertical,uint8,8,stored,0.0,255.0,128.6826,75.1865,145.0,0,,,,23,276,M,0,sufijo_del_nombre_de_archivo,normal,,,revisar,sin_mascara_referencia,
CHNCXR_0195_0,,,NLM-ChinaCXRSet,NLM 2014 (archivos 2024-08-28),"Shenzhen No. 3 People's Hospital, Guangdong, China",DR,ChinaSet_AllFiles/CXR_png/CHNCXR_0195_0.png,,2993,2990,1,3,vertical,uint8,8,stored,0.0,255.0,135.6624,72.8141,150.0,0,,,,26,312,M,0,sufijo_del_nombre_de_archivo,normal,,,revisar,sin_mascara_referencia,
CHNCXR_0196_0,,,NLM-ChinaCXRSet,NLM 2014 (archivos 2024-08-28),"Shenzhen No. 3 People's Hospital, Guangdong, China",DR,ChinaSet_AllFiles/CXR_png/CHNCXR_0196_0.png,,2989,2988,1,3,vertical,uint8,8,stored,0.0,255.0,136.6355,74.9819,158.0,0,,,,26,312,M,0,sufijo_del_nombre_de_archivo,normal,,,revisar,sin_mascara_referencia,
CHNCXR_0197_0,,,NLM-ChinaCXRSet,NLM 2014 (archivos 2024-08-28),"Shenzhen No. 3 People's Hospital, Guangdong, China",DR,ChinaSet_AllFiles/CXR_png/CHNCXR_0197_0.png,,2939,3000,1,3,horizontal,uint8,8,stored,0.0,255.0,168.031,68.3966,195.0,0,,,,36,432,M,0,sufijo_del_nombre_de_archivo,normal,,,revisar,sin_mascara_referencia,
CHNCXR_0198_0,,,NLM-ChinaCXRSet,NLM 2014 (archivos 2024-08-28),"Shenzhen No. 3 People's Hospital, Guangdong, China",DR,ChinaSet_AllFiles/CXR_png/CHNCXR_0198_0.png,,2978,2990,1,3,horizontal,uint8,8,stored,0.0,255.0,134.9862,73.513,151.0,0,,,,26,312,M,0,sufijo_del_nombre_de_archivo,normal,,,revisar,sin_mascara_referencia,
CHNCXR_0199_0,,,NLM-ChinaCXRSet,NLM 2014 (archivos 2024-08-28),"Shenzhen No. 3 People's Hospital, Guangdong, China",DR,ChinaSet_AllFiles/CXR_png/CHNCXR_0199_0.png,,2174,2136,1,3,vertical,uint8,8,stored,0.0,255.0,191.8403,50.6067,206.0,0,,,,26,312,F,0,sufijo_del_nombre_de_archivo,normal,,,revisar,sin_mascara_referencia,
CHNCXR_0200_0,,,NLM-ChinaCXRSet,NLM 2014 (archivos 2024-08-28),"Shenzhen No. 3 People's Hospital, Guangdong, China",DR,ChinaSet_AllFiles/CXR_png/CHNCXR_0200_0.png,,2985,2989,1,3,horizontal,uint8,8,stored,0.0,255.0,131.7166,70.4859,142.0,0,,,,24,288,M,0,sufijo_del_nombre_de_archivo,normal,,,revisar,sin_mascara_referencia,
CHNCXR_0201_0,,,NLM-ChinaCXRSet,NLM 2014 (archivos 2024-08-28),"Shenzhen No. 3 People's Hospital, Guangdong, China",DR,ChinaSet_AllFiles/CXR_png/CHNCXR_0201_0.png,,1583,1571,1,3,vertical,uint8,8,stored,0.0,255.0,136.6864,57.8862,151.0,0,,,,1,16.0,M,0,sufijo_del_nombre_de_archivo,normal,,,revisar,sin_mascara_referencia,
CHNCXR_0202_0,,,NLM-ChinaCXRSet,NLM 2014 (archivos 2024-08-28),"Shenzhen No. 3 People's Hospital, Guangdong, China",DR,ChinaSet_AllFiles/CXR_png/CHNCXR_0202_0.png,,948,1130,1,3,horizontal,uint8,8,stored,0.0,255.0,165.3981,47.2593,178.0,0,,,,0,2.1,F,0,sufijo_del_nombre_de_archivo,normal,,,revisar,sin_mascara_referencia,
CHNCXR_0203_0,,,NLM-ChinaCXRSet,NLM 2014 (archivos 2024-08-28),"Shenzhen No. 3 People's Hospital, Guangdong, China",DR,ChinaSet_AllFiles/CXR_png/CHNCXR_0203_0.png,,2993,2990,1,3,vertical,uint8,8,stored,0.0,255.0,135.8244,73.8832,157.0,0,,,,25,300,M,0,sufijo_del_nombre_de_archivo,normal,,,revisar,sin_mascara_referencia,
CHNCXR_0204_0,,,NLM-ChinaCXRSet,NLM 2014 (archivos 2024-08-28),"Shenzhen No. 3 People's Hospital, Guangdong, China",DR,ChinaSet_AllFiles/CXR_png/CHNCXR_0204_0.png,,2990,2987,1,3,vertical,uint8,8,stored,0.0,255.0,136.8957,70.1571,150.0,0,,,,24,288,M,0,sufijo_del_nombre_de_archivo,normal,,,revisar,sin_mascara_referencia,
CHNCXR_0205_0,,,NLM-ChinaCXRSet,NLM 2014 (archivos 2024-08-28),"Shenzhen No. 3 People's Hospital, Guangdong, China",DR,ChinaSet_AllFiles/CXR_png/CHNCXR_0205_0.png,,1811,1836,1,3,horizontal,uint8,8,stored,0.0,255.0,154.0124,61.5336,174.0,0,,,,1,12,M,0,sufijo_del_nombre_de_archivo,normal,,,revisar,sin_mascara_referencia,
CHNCXR_0206_0,,,NLM-ChinaCXRSet,NLM 2014 (archivos 2024-08-28),"Shenzhen No. 3 People's Hospital, Guangdong, China",DR,ChinaSet_AllFiles/CXR_png/CHNCXR_0206_0.png,,1679,1893,1,3,horizontal,uint8,8,stored,0.0,255.0,157.7669,78.2349,188.0,0,,,,3,36,M,0,sufijo_del_nombre_de_archivo,normal,,,revisar,sin_mascara_referencia,
CHNCXR_0207_0,,,NLM-ChinaCXRSet,NLM 2014 (archivos 2024-08-28),"Shenzhen No. 3 People's Hospital, Guangdong, China",DR,ChinaSet_AllFiles/CXR_png/CHNCXR_0207_0.png,,2991,2990,1,3,vertical,uint8,8,stored,0.0,255.0,128.0861,75.1235,146.0,0,,,,25,300,M,0,sufijo_del_nombre_de_archivo,normal,,,revisar,sin_mascara_referencia,
CHNCXR_0208_0,,,NLM-ChinaCXRSet,NLM 2014 (archivos 2024-08-28),"Shenzhen No. 3 People's Hospital, Guangdong, China",DR,ChinaSet_AllFiles/CXR_png/CHNCXR_0208_0.png,,2843,2622,1,3,vertical,uint8,8,stored,0.0,255.0,165.7391,60.182,178.0,0,,,,30,360,F,0,sufijo_del_nombre_de_archivo,normal,,,revisar,sin_mascara_referencia,
CHNCXR_0209_0,,,NLM-ChinaCXRSet,NLM 2014 (archivos 2024-08-28),"Shenzhen No. 3 People's Hospital, Guangdong, China",DR,ChinaSet_AllFiles/CXR_png/CHNCXR_0209_0.png,,2982,2991,1,3,horizontal,uint8,8,stored,0.0,255.0,134.1786,73.5821,154.0,0,,,,25,300,M,0,sufijo_del_nombre_de_archivo,normal,,,revisar,sin_mascara_referencia,
CHNCXR_0210_0,,,NLM-ChinaCXRSet,NLM 2014 (archivos 2024-08-28),"Shenzhen No. 3 People's Hospital, Guangdong, China",DR,ChinaSet_AllFiles/CXR_png/CHNCXR_0210_0.png,,2990,2988,1,3,vertical,uint8,8,stored,0.0,255.0,124.1687,75.5357,135.0,0,,,,27,324,M,0,sufijo_del_nombre_de_archivo,normal,,,revisar,sin_mascara_referencia,
CHNCXR_0211_0,,,NLM-ChinaCXRSet,NLM 2014 (archivos 2024-08-28),"Shenzhen No. 3 People's Hospital, Guangdong, China",DR,ChinaSet_AllFiles/CXR_png/CHNCXR_0211_0.png,,2992,2986,1,3,vertical,uint8,8,stored,0.0,255.0,132.1237,73.3925,149.0,0,,,,27,324,M,0,sufijo_del_nombre_de_archivo,normal,,,revisar,sin_mascara_referencia,
CHNCXR_0212_0,,,NLM-ChinaCXRSet,NLM 2014 (archivos 2024-08-28),"Shenzhen No. 3 People's Hospital, Guangdong, China",DR,ChinaSet_AllFiles/CXR_png/CHNCXR_0212_0.png,,2585,2792,1,3,horizontal,uint8,8,stored,0.0,255.0,180.312,49.2513,192.0,0,,,,32,384,M,0,sufijo_del_nombre_de_archivo,normal,,,revisar,sin_mascara_referencia,
CHNCXR_0213_0,,,NLM-ChinaCXRSet,NLM 2014 (archivos 2024-08-28),"Shenzhen No. 3 People's Hospital, Guangdong, China",DR,ChinaSet_AllFiles/CXR_png/CHNCXR_0213_0.png,,2941,3000,1,3,horizontal,uint8,8,stored,0.0,255.0,165.5793,65.0885,190.0,0,,,,43,516,M,0,sufijo_del_nombre_de_archivo,normal,,,revisar,sin_mascara_referencia,
CHNCXR_0214_0,,,NLM-ChinaCXRSet,NLM 2014 (archivos 2024-08-28),"Shenzhen No. 3 People's Hospital, Guangdong, China",DR,ChinaSet_AllFiles/CXR_png/CHNCXR_0214_0.png,,2750,2627,1,3,vertical,uint8,8,stored,0.0,255.0,164.2736,58.4642,177.0,0,,,,31,372,M,0,sufijo_del_nombre_de_archivo,normal,,,revisar,sin_mascara_referencia,
CHNCXR_0215_0,,,NLM-ChinaCXRSet,NLM 2014 (archivos 2024-08-28),"Shenzhen No. 3 People's Hospital, Guangdong, China",DR,ChinaSet_AllFiles/CXR_png/CHNCXR_0215_0.png,,1993,1954,1,3,vertical,uint8,8,stored,0.0,255.0,152.5965,64.1459,172.0,0,,,,4,48,M,0,sufijo_del_nombre_de_archivo,normal,,,revisar,sin_mascara_referencia,
CHNCXR_0216_0,,,NLM-ChinaCXRSet,NLM 2014 (archivos 2024-08-28),"Shenzhen No. 3 People's Hospital, Guangdong, China",DR,ChinaSet_AllFiles/CXR_png/CHNCXR_0216_0.png,,3001,3000,1,3,vertical,uint8,8,stored,0.0,255.0,169.175,63.7389,193.0,0,,,,40,480,M,0,sufijo_del_nombre_de_archivo,normal,,,revisar,sin_mascara_referencia,
CHNCXR_0217_0,,,NLM-ChinaCXRSet,NLM 2014 (archivos 2024-08-28),"Shenzhen No. 3 People's Hospital, Guangdong, China",DR,ChinaSet_AllFiles/CXR_png/CHNCXR_0217_0.png,,2713,2763,1,3,horizontal,uint8,8,stored,0.0,255.0,155.7147,63.2794,177.0,0,,,,28,336,F,0,sufijo_del_nombre_de_archivo,normal,,,revisar,sin_mascara_referencia,
CHNCXR_0218_0,,,NLM-ChinaCXRSet,NLM 2014 (archivos 2024-08-28),"Shenzhen No. 3 People's Hospital, Guangdong, China",DR,ChinaSet_AllFiles/CXR_png/CHNCXR_0218_0.png,,2978,2989,1,3,horizontal,uint8,8,stored,0.0,255.0,143.6149,73.069,168.0,0,,,,24,288,M,0,sufijo_del_nombre_de_archivo,normal,,,revisar,sin_mascara_referencia,
CHNCXR_0219_0,,,NLM-ChinaCXRSet,NLM 2014 (archivos 2024-08-28),"Shenzhen No. 3 People's Hospital, Guangdong, China",DR,ChinaSet_AllFiles/CXR_png/CHNCXR_0219_0.png,,2985,2992,1,3,horizontal,uint8,8,stored,0.0,255.0,137.3531,69.0724,154.0,0,,,,33,396,M,0,sufijo_del_nombre_de_archivo,normal,,,revisar,sin_mascara_referencia,
CHNCXR_0220_0,,,NLM-ChinaCXRSet,NLM 2014 (archivos 2024-08-28),"Shenzhen No. 3 People's Hospital, Guangdong, China",DR,ChinaSet_AllFiles/CXR_png/CHNCXR_0220_0.png,,2575,2554,1,3,vertical,uint8,8,stored,0.0,255.0,178.1692,48.3433,185.0,0,,,,45,540,M,0,sufijo_del_nombre_de_archivo,normal,,,revisar,sin_mascara_referencia,
CHNCXR_0221_0,,,NLM-ChinaCXRSet,NLM 2014 (archivos 2024-08-28),"Shenzhen No. 3 People's Hospital, Guangdong, China",DR,ChinaSet_AllFiles/CXR_png/CHNCXR_0221_0.png,,2928,2464,1,3,vertical,uint8,8,stored,0.0,255.0,166.1252,57.345,179.0,0,,,,29,348,M,0,sufijo_del_nombre_de_archivo,normal,shcxr-lung-mask/mask/CHNCXR_0221_0.png,"Instituto Politecnico de Kiev (Stirenko et al. 2018), CC BY-NC-SA 4.0",aceptada,,
CHNCXR_0222_0,,,NLM-ChinaCXRSet,NLM 2014 (archivos 2024-08-28),"Shenzhen No. 3 People's Hospital, Guangdong, China",DR,ChinaSet_AllFiles/CXR_png/CHNCXR_0222_0.png,,2998,2989,1,3,vertical,uint8,8,stored,0.0,255.0,142.4206,74.3563,163.0,0,,,,25,300,M,0,sufijo_del_nombre_de_archivo,normal,shcxr-lung-mask/mask/CHNCXR_0222_0.png,"Instituto Politecnico de Kiev (Stirenko et al. 2018), CC BY-NC-SA 4.0",aceptada,,
CHNCXR_0223_0,,,NLM-ChinaCXRSet,NLM 2014 (archivos 2024-08-28),"Shenzhen No. 3 People's Hospital, Guangdong, China",DR,ChinaSet_AllFiles/CXR_png/CHNCXR_0223_0.png,,2939,3000,1,3,horizontal,uint8,8,stored,0.0,255.0,166.1934,65.8492,188.0,0,,,,20,240,M,0,sufijo_del_nombre_de_archivo,normal,shcxr-lung-mask/mask/CHNCXR_0223_0.png,"Instituto Politecnico de Kiev (Stirenko et al. 2018), CC BY-NC-SA 4.0",aceptada,,
CHNCXR_0224_0,,,NLM-ChinaCXRSet,NLM 2014 (archivos 2024-08-28),"Shenzhen No. 3 People's Hospital, Guangdong, China",DR,ChinaSet_AllFiles/CXR_png/CHNCXR_0224_0.png,,2978,2988,1,3,horizontal,uint8,8,stored,0.0,255.0,140.4259,73.7911,163.0,0,,,,25,300,M,0,sufijo_del_nombre_de_archivo,normal,shcxr-lung-mask/mask/CHNCXR_0224_0.png,"Instituto Politecnico de Kiev (Stirenko et al. 2018), CC BY-NC-SA 4.0",aceptada,,
CHNCXR_0225_0,,,NLM-ChinaCXRSet,NLM 2014 (archivos 2024-08-28),"Shenzhen No. 3 People's Hospital, Guangdong, China",DR,ChinaSet_AllFiles/CXR_png/CHNCXR_0225_0.png,,2999,3000,1,3,horizontal,uint8,8,stored,0.0,255.0,160.6548,65.1401,179.0,0,,,,30,360,M,0,sufijo_del_nombre_de_archivo,normal,shcxr-lung-mask/mask/CHNCXR_0225_0.png,"Instituto Politecnico de Kiev (Stirenko et al. 2018), CC BY-NC-SA 4.0",aceptada,,
CHNCXR_0226_0,,,NLM-ChinaCXRSet,NLM 2014 (archivos 2024-08-28),"Shenzhen No. 3 People's Hospital, Guangdong, China",DR,ChinaSet_AllFiles/CXR_png/CHNCXR_0226_0.png,,2992,2991,1,3,vertical,uint8,8,stored,0.0,255.0,128.3564,74.1808,146.0,0,,,,25,300,M,0,sufijo_del_nombre_de_archivo,normal,shcxr-lung-mask/mask/CHNCXR_0226_0.png,"Instituto Politecnico de Kiev (Stirenko et al. 2018), CC BY-NC-SA 4.0",aceptada,,
CHNCXR_0227_0,,,NLM-ChinaCXRSet,NLM 2014 (archivos 2024-08-28),"Shenzhen No. 3 People's Hospital, Guangdong, China",DR,ChinaSet_AllFiles/CXR_png/CHNCXR_0227_0.png,,2993,2991,1,3,vertical,uint8,8,stored,0.0,255.0,130.5497,75.3975,140.0,0,,,,50,600,M,0,sufijo_del_nombre_de_archivo,normal,shcxr-lung-mask/mask/CHNCXR_0227_0.png,"Instituto Politecnico de Kiev (Stirenko et al. 2018), CC BY-NC-SA 4.0",aceptada,,
CHNCXR_0228_0,,,NLM-ChinaCXRSet,NLM 2014 (archivos 2024-08-28),"Shenzhen No. 3 People's Hospital, Guangdong, China",DR,ChinaSet_AllFiles/CXR_png/CHNCXR_0228_0.png,,1252,1286,1,3,horizontal,uint8,8,stored,0.0,255.0,136.2537,57.6814,146.0,0,,,,1,12,M,0,sufijo_del_nombre_de_archivo,normal,shcxr-lung-mask/mask/CHNCXR_0228_0.png,"Instituto Politecnico de Kiev (Stirenko et al. 2018), CC BY-NC-SA 4.0",aceptada,,
CHNCXR_0229_0,,,NLM-ChinaCXRSet,NLM 2014 (archivos 2024-08-28),"Shenzhen No. 3 People's Hospital, Guangdong, China",DR,ChinaSet_AllFiles/CXR_png/CHNCXR_0229_0.png,,2992,2982,1,3,vertical,uint8,8,stored,0.0,255.0,134.7284,79.0704,160.0,0,,,,40,480,F,0,sufijo_del_nombre_de_archivo,normal,shcxr-lung-mask/mask/CHNCXR_0229_0.png,"Instituto Politecnico de Kiev (Stirenko et al. 2018), CC BY-NC-SA 4.0",aceptada,,
CHNCXR_0230_0,,,NLM-ChinaCXRSet,NLM 2014 (archivos 2024-08-28),"Shenzhen No. 3 People's Hospital, Guangdong, China",DR,ChinaSet_AllFiles/CXR_png/CHNCXR_0230_0.png,,2989,2993,1,3,horizontal,uint8,8,stored,0.0,255.0,141.5816,72.171,165.0,0,,,,44,528,M,0,sufijo_del_nombre_de_archivo,normal,shcxr-lung-mask/mask/CHNCXR_0230_0.png,"Instituto Politecnico de Kiev (Stirenko et al. 2018), CC BY-NC-SA 4.0",aceptada,,
CHNCXR_0231_0,,,NLM-ChinaCXRSet,NLM 2014 (archivos 2024-08-28),"Shenzhen No. 3 People's Hospital, Guangdong, China",DR,ChinaSet_AllFiles/CXR_png/CHNCXR_0231_0.png,,2994,2987,1,3,vertical,uint8,8,stored,0.0,255.0,139.9327,71.2153,161.0,0,,,,33,396,M,0,sufijo_del_nombre_de_archivo,normal,shcxr-lung-mask/mask/CHNCXR_0231_0.png,"Instituto Politecnico de Kiev (Stirenko et al. 2018), CC BY-NC-SA 4.0",aceptada,,
CHNCXR_0232_0,,,NLM-ChinaCXRSet,NLM 2014 (archivos 2024-08-28),"Shenzhen No. 3 People's Hospital, Guangdong, China",DR,ChinaSet_AllFiles/CXR_png/CHNCXR_0232_0.png,,2993,2988,1,3,vertical,uint8,8,stored,0.0,255.0,142.3993,71.822,163.0,0,,,,23,276,M,0,sufijo_del_nombre_de_archivo,normal,shcxr-lung-mask/mask/CHNCXR_0232_0.png,"Instituto Politecnico de Kiev (Stirenko et al. 2018), CC BY-NC-SA 4.0",aceptada,,
CHNCXR_0233_0,,,NLM-ChinaCXRSet,NLM 2014 (archivos 2024-08-28),"Shenzhen No. 3 People's Hospital, Guangdong, China",DR,ChinaSet_AllFiles/CXR_png/CHNCXR_0233_0.png,,2939,3000,1,3,horizontal,uint8,8,stored,0.0,255.0,171.0734,61.5537,192.0,0,,,,41,492,M,0,sufijo_del_nombre_de_archivo,normal,shcxr-lung-mask/mask/CHNCXR_0233_0.png,"Instituto Politecnico de Kiev (Stirenko et al. 2018), CC BY-NC-SA 4.0",aceptada,,
CHNCXR_0234_0,,,NLM-ChinaCXRSet,NLM 2014 (archivos 2024-08-28),"Shenzhen No. 3 People's Hospital, Guangdong, China",DR,ChinaSet_AllFiles/CXR_png/CHNCXR_0234_0.png,,2992,2992,1,3,vertical,uint8,8,stored,0.0,255.0,140.3282,75.2467,165.0,0,,,,23,276,M,0,sufijo_del_nombre_de_archivo,normal,shcxr-lung-mask/mask/CHNCXR_0234_0.png,"Instituto Politecnico de Kiev (Stirenko et al. 2018), CC BY-NC-SA 4.0",aceptada,,
CHNCXR_0235_0,,,NLM-ChinaCXRSet,NLM 2014 (archivos 2024-08-28),"Shenzhen No. 3 People's Hospital, Guangdong, China",DR,ChinaSet_AllFiles/CXR_png/CHNCXR_0235_0.png,,2488,2383,1,3,vertical,uint8,8,stored,0.0,255.0,181.4737,52.6425,194.0,0,,,,31,372,F,0,sufijo_del_nombre_de_archivo,normal,shcxr-lung-mask/mask/CHNCXR_0235_0.png,"Instituto Politecnico de Kiev (Stirenko et al. 2018), CC BY-NC-SA 4.0",aceptada,,
CHNCXR_0236_0,,,NLM-ChinaCXRSet,NLM 2014 (archivos 2024-08-28),"Shenzhen No. 3 People's Hospital, Guangdong, China",DR,ChinaSet_AllFiles/CXR_png/CHNCXR_0236_0.png,,2988,2759,1,3,vertical,uint8,8,stored,0.0,255.0,136.6383,71.3078,155.0,0,,,,24,288,M,0,sufijo_del_nombre_de_archivo,normal,shcxr-lung-mask/mask/CHNCXR_0236_0.png,"Instituto Politecnico de Kiev (Stirenko et al. 2018), CC BY-NC-SA 4.0",aceptada,,
CHNCXR_0237_0,,,NLM-ChinaCXRSet,NLM 2014 (archivos 2024-08-28),"Shenzhen No. 3 People's Hospital, Guangdong, China",DR,ChinaSet_AllFiles/CXR_png/CHNCXR_0237_0.png,,2937,3000,1,3,horizontal,uint8,8,stored,0.0,255.0,173.0028,59.5899,191.0,0,,,,34,408,M,0,sufijo_del_nombre_de_archivo,normal,shcxr-lung-mask/mask/CHNCXR_0237_0.png,"Instituto Politecnico de Kiev (Stirenko et al. 2018), CC BY-NC-SA 4.0",aceptada,,
CHNCXR_0238_0,,,NLM-ChinaCXRSet,NLM 2014 (archivos 2024-08-28),"Shenzhen No. 3 People's Hospital, Guangdong, China",DR,ChinaSet_AllFiles/CXR_png/CHNCXR_0238_0.png,,2951,3000,1,3,horizontal,uint8,8,stored,0.0,255.0,175.3057,56.0306,195.0,0,,,,42,504,M,0,sufijo_del_nombre_de_archivo,normal,shcxr-lung-mask/mask/CHNCXR_0238_0.png,"Instituto Politecnico de Kiev (Stirenko et al. 2018), CC BY-NC-SA 4.0",aceptada,,
CHNCXR_0239_0,,,NLM-ChinaCXRSet,NLM 2014 (archivos 2024-08-28),"Shenzhen No. 3 People's Hospital, Guangdong, China",DR,ChinaSet_AllFiles/CXR_png/CHNCXR_0239_0.png,,2995,2991,1,3,vertical,uint8,8,stored,0.0,255.0,138.1071,70.3599,155.0,0,,,,30,360,M,0,sufijo_del_nombre_de_archivo,normal,shcxr-lung-mask/mask/CHNCXR_0239_0.png,"Instituto Politecnico de Kiev (Stirenko et al. 2018), CC BY-NC-SA 4.0",aceptada,,
CHNCXR_0240_0,,,NLM-ChinaCXRSet,NLM 2014 (archivos 2024-08-28),"Shenzhen No. 3 People's Hospital, Guangdong, China",DR,ChinaSet_AllFiles/CXR_png/CHNCXR_0240_0.png,,2995,2988,1,3,vertical,uint8,8,stored,0.0,255.0,129.086,74.4932,142.0,0,,,,26,312,M,0,sufijo_del_nombre_de_archivo,normal,shcxr-lung-mask/mask/CHNCXR_0240_0.png,"Instituto Politecnico de Kiev (Stirenko et al. 2018), CC BY-NC-SA 4.0",aceptada,,
CHNCXR_0241_0,,,NLM-ChinaCXRSet,NLM 2014 (archivos 2024-08-28),"Shenzhen No. 3 People's Hospital, Guangdong, China",DR,ChinaSet_AllFiles/CXR_png/CHNCXR_0241_0.png,,2344,2324,1,3,vertical,uint8,8,stored,0.0,255.0,180.643,53.3268,193.0,0,,,,34,408,F,0,sufijo_del_nombre_de_archivo,normal,shcxr-lung-mask/mask/CHNCXR_0241_0.png,"Instituto Politecnico de Kiev (Stirenko et al. 2018), CC BY-NC-SA 4.0",aceptada,,
CHNCXR_0242_0,,,NLM-ChinaCXRSet,NLM 2014 (archivos 2024-08-28),"Shenzhen No. 3 People's Hospital, Guangdong, China",DR,ChinaSet_AllFiles/CXR_png/CHNCXR_0242_0.png,,2366,2461,1,3,horizontal,uint8,8,stored,0.0,255.0,182.2125,49.8256,194.0,0,,,,33,396,F,0,sufijo_del_nombre_de_archivo,normal,shcxr-lung-mask/mask/CHNCXR_0242_0.png,"Instituto Politecnico de Kiev (Stirenko et al. 2018), CC BY-NC-SA 4.0",aceptada,,
CHNCXR_0243_0,,,NLM-ChinaCXRSet,NLM 2014 (archivos 2024-08-28),"Shenzhen No. 3 People's Hospital, Guangdong, China",DR,ChinaSet_AllFiles/CXR_png/CHNCXR_0243_0.png,,2939,3000,1,3,horizontal,uint8,8,stored,0.0,255.0,159.9358,64.232,178.0,0,,,,27,324,M,0,sufijo_del_nombre_de_archivo,normal,shcxr-lung-mask/mask/CHNCXR_0243_0.png,"Instituto Politecnico de Kiev (Stirenko et al. 2018), CC BY-NC-SA 4.0",aceptada,,
CHNCXR_0244_0,,,NLM-ChinaCXRSet,NLM 2014 (archivos 2024-08-28),"Shenzhen No. 3 People's Hospital, Guangdong, China",DR,ChinaSet_AllFiles/CXR_png/CHNCXR_0244_0.png,,2386,2282,1,3,vertical,uint8,8,stored,0.0,255.0,175.8763,54.7596,189.0,0,,,,26,312,F,0,sufijo_del_nombre_de_archivo,normal,shcxr-lung-mask/mask/CHNCXR_0244_0.png,"Instituto Politecnico de Kiev (Stirenko et al. 2018), CC BY-NC-SA 4.0",aceptada,,
CHNCXR_0245_0,,,NLM-ChinaCXRSet,NLM 2014 (archivos 2024-08-28),"Shenzhen No. 3 People's Hospital, Guangdong, China",DR,ChinaSet_AllFiles/CXR_png/CHNCXR_0245_0.png,,2993,2991,1,3,vertical,uint8,8,stored,0.0,255.0,131.0867,71.4458,141.0,0,,,,23,276,M,0,sufijo_del_nombre_de_archivo,normal,shcxr-lung-mask/mask/CHNCXR_0245_0.png,"Instituto Politecnico de Kiev (Stirenko et al. 2018), CC BY-NC-SA 4.0",aceptada,,
CHNCXR_0246_0,,,NLM-ChinaCXRSet,NLM 2014 (archivos 2024-08-28),"Shenzhen No. 3 People's Hospital, Guangdong, China",DR,ChinaSet_AllFiles/CXR_png/CHNCXR_0246_0.png,,2945,3000,1,3,horizontal,uint8,8,stored,0.0,255.0,171.956,62.0543,193.0,0,,,,35,420,M,0,sufijo_del_nombre_de_archivo,normal,shcxr-lung-mask/mask/CHNCXR_0246_0.png,"Instituto Politecnico de Kiev (Stirenko et al. 2018), CC BY-NC-SA 4.0",aceptada,,
CHNCXR_0247_0,,,NLM-ChinaCXRSet,NLM 2014 (archivos 2024-08-28),"Shenzhen No. 3 People's Hospital, Guangdong, China",DR,ChinaSet_AllFiles/CXR_png/CHNCXR_0247_0.png,,2939,3000,1,3,horizontal,uint8,8,stored,0.0,255.0,149.9389,70.3082,172.0,0,,,,39,468,F,0,sufijo_del_nombre_de_archivo,normal,shcxr-lung-mask/mask/CHNCXR_0247_0.png,"Instituto Politecnico de Kiev (Stirenko et al. 2018), CC BY-NC-SA 4.0",aceptada,,
CHNCXR_0248_0,,,NLM-ChinaCXRSet,NLM 2014 (archivos 2024-08-28),"Shenzhen No. 3 People's Hospital, Guangdong, China",DR,ChinaSet_AllFiles/CXR_png/CHNCXR_0248_0.png,,1468,1285,1,3,vertical,uint8,8,stored,0.0,255.0,157.745,51.5115,165.0,0,,,,2,24,F,0,sufijo_del_nombre_de_archivo,normal,shcxr-lung-mask/mask/CHNCXR_0248_0.png,"Instituto Politecnico de Kiev (Stirenko et al. 2018), CC BY-NC-SA 4.0",aceptada,,
CHNCXR_0249_0,,,NLM-ChinaCXRSet,NLM 2014 (archivos 2024-08-28),"Shenzhen No. 3 People's Hospital, Guangdong, China",DR,ChinaSet_AllFiles/CXR_png/CHNCXR_0249_0.png,,2982,2990,1,3,horizontal,uint8,8,stored,0.0,255.0,141.6764,71.4248,165.0,0,,,,31,372,M,0,sufijo_del_nombre_de_archivo,normal,shcxr-lung-mask/mask/CHNCXR_0249_0.png,"Instituto Politecnico de Kiev (Stirenko et al. 2018), CC BY-NC-SA 4.0",aceptada,,
CHNCXR_0250_0,,,NLM-ChinaCXRSet,NLM 2014 (archivos 2024-08-28),"Shenzhen No. 3 People's Hospital, Guangdong, China",DR,ChinaSet_AllFiles/CXR_png/CHNCXR_0250_0.png,,2953,3000,1,3,horizontal,uint8,8,stored,0.0,255.0,170.8319,56.4873,188.0,0,,,,35,420,M,0,sufijo_del_nombre_de_archivo,normal,shcxr-lung-mask/mask/CHNCXR_0250_0.png,"Instituto Politecnico de Kiev (Stirenko et al. 2018), CC BY-NC-SA 4.0",aceptada,,
CHNCXR_0251_0,,,NLM-ChinaCXRSet,NLM 2014 (archivos 2024-08-28),"Shenzhen No. 3 People's Hospital, Guangdong, China",DR,ChinaSet_AllFiles/CXR_png/CHNCXR_0251_0.png,,2537,2501,1,3,vertical,uint8,8,stored,0.0,255.0,180.9007,67.4036,202.0,0,,,,52,624,M,0,sufijo_del_nombre_de_archivo,normal,shcxr-lung-mask/mask/CHNCXR_0251_0.png,"Instituto Politecnico de Kiev (Stirenko et al. 2018), CC BY-NC-SA 4.0",aceptada,,
CHNCXR_0252_0,,,NLM-ChinaCXRSet,NLM 2014 (archivos 2024-08-28),"Shenzhen No. 3 People's Hospital, Guangdong, China",DR,ChinaSet_AllFiles/CXR_png/CHNCXR_0252_0.png,,3001,2990,1,3,vertical,uint8,8,stored,0.0,255.0,133.2146,73.534,142.0,0,,,,25,300,M,0,sufijo_del_nombre_de_archivo,normal,shcxr-lung-mask/mask/CHNCXR_0252_0.png,"Instituto Politecnico de Kiev (Stirenko et al. 2018), CC BY-NC-SA 4.0",aceptada,,
CHNCXR_0253_0,,,NLM-ChinaCXRSet,NLM 2014 (archivos 2024-08-28),"Shenzhen No. 3 People's Hospital, Guangdong, China",DR,ChinaSet_AllFiles/CXR_png/CHNCXR_0253_0.png,,2939,3000,1,3,horizontal,uint8,8,stored,0.0,255.0,175.0077,60.3395,193.0,0,,,,85,1020,M,0,sufijo_del_nombre_de_archivo,normal,shcxr-lung-mask/mask/CHNCXR_0253_0.png,"Instituto Politecnico de Kiev (Stirenko et al. 2018), CC BY-NC-SA 4.0",aceptada,,
CHNCXR_0254_0,,,NLM-ChinaCXRSet,NLM 2014 (archivos 2024-08-28),"Shenzhen No. 3 People's Hospital, Guangdong, China",DR,ChinaSet_AllFiles/CXR_png/CHNCXR_0254_0.png,,2941,2975,1,3,horizontal,uint8,8,stored,0.0,255.0,162.3375,65.315,179.0,0,,,,53,636,M,0,sufijo_del_nombre_de_archivo,normal,shcxr-lung-mask/mask/CHNCXR_0254_0.png,"Instituto Politecnico de Kiev (Stirenko et al. 2018), CC BY-NC-SA 4.0",aceptada,,
CHNCXR_0255_0,,,NLM-ChinaCXRSet,NLM 2014 (archivos 2024-08-28),"Shenzhen No. 3 People's Hospital, Guangdong, China",DR,ChinaSet_AllFiles/CXR_png/CHNCXR_0255_0.png,,2930,2600,1,3,vertical,uint8,8,stored,0.0,255.0,173.4205,57.0635,188.0,0,,,,33,396,M,0,sufijo_del_nombre_de_archivo,normal,shcxr-lung-mask/mask/CHNCXR_0255_0.png,"Instituto Politecnico de Kiev (Stirenko et al. 2018), CC BY-NC-SA 4.0",aceptada,,
CHNCXR_0256_0,,,NLM-ChinaCXRSet,NLM 2014 (archivos 2024-08-28),"Shenzhen No. 3 People's Hospital, Guangdong, China",DR,ChinaSet_AllFiles/CXR_png/CHNCXR_0256_0.png,,1772,1615,1,3,vertical,uint8,8,stored,0.0,255.0,156.3836,57.3346,168.0,0,,,,5,60,F,0,sufijo_del_nombre_de_archivo,normal,shcxr-lung-mask/mask/CHNCXR_0256_0.png,"Instituto Politecnico de Kiev (Stirenko et al. 2018), CC BY-NC-SA 4.0",aceptada,,
CHNCXR_0257_0,,,NLM-ChinaCXRSet,NLM 2014 (archivos 2024-08-28),"Shenzhen No. 3 People's Hospital, Guangdong, China",DR,ChinaSet_AllFiles/CXR_png/CHNCXR_0257_0.png,,2992,2986,1,3,vertical,uint8,8,stored,0.0,255.0,132.3031,74.3245,143.0,0,,,,42,504,M,0,sufijo_del_nombre_de_archivo,normal,shcxr-lung-mask/mask/CHNCXR_0257_0.png,"Instituto Politecnico de Kiev (Stirenko et al. 2018), CC BY-NC-SA 4.0",aceptada,,
CHNCXR_0258_0,,,NLM-ChinaCXRSet,NLM 2014 (archivos 2024-08-28),"Shenzhen No. 3 People's Hospital, Guangdong, China",DR,ChinaSet_AllFiles/CXR_png/CHNCXR_0258_0.png,,2943,2997,1,3,horizontal,uint8,8,stored,0.0,255.0,153.0087,67.088,172.0,0,,,,30,360,M,0,sufijo_del_nombre_de_archivo,normal,shcxr-lung-mask/mask/CHNCXR_0258_0.png,"Instituto Politecnico de Kiev (Stirenko et al. 2018), CC BY-NC-SA 4.0",aceptada,,
CHNCXR_0259_0,,,NLM-ChinaCXRSet,NLM 2014 (archivos 2024-08-28),"Shenzhen No. 3 People's Hospital, Guangdong, China",DR,ChinaSet_AllFiles/CXR_png/CHNCXR_0259_0.png,,2202,1964,1,3,vertical,uint8,8,stored,0.0,255.0,168.1234,74.3668,194.0,0,,,,7,84,M,0,sufijo_del_nombre_de_archivo,normal,shcxr-lung-mask/mask/CHNCXR_0259_0.png,"Instituto Politecnico de Kiev (Stirenko et al. 2018), CC BY-NC-SA 4.0",aceptada,,
CHNCXR_0260_0,,,NLM-ChinaCXRSet,NLM 2014 (archivos 2024-08-28),"Shenzhen No. 3 People's Hospital, Guangdong, China",DR,ChinaSet_AllFiles/CXR_png/CHNCXR_0260_0.png,,2935,3000,1,3,horizontal,uint8,8,stored,0.0,255.0,166.9988,62.1248,189.0,0,,,,46,552,F,0,sufijo_del_nombre_de_archivo,normal,shcxr-lung-mask/mask/CHNCXR_0260_0.png,"Instituto Politecnico de Kiev (Stirenko et al. 2018), CC BY-NC-SA 4.0",aceptada,,
CHNCXR_0261_0,,,NLM-ChinaCXRSet,NLM 2014 (archivos 2024-08-28),"Shenzhen No. 3 People's Hospital, Guangdong, China",DR,ChinaSet_AllFiles/CXR_png/CHNCXR_0261_0.png,,2956,3001,1,3,horizontal,uint8,8,stored,0.0,255.0,135.6506,72.7125,150.0,0,,,,25,300,F,0,sufijo_del_nombre_de_archivo,normal,shcxr-lung-mask/mask/CHNCXR_0261_0.png,"Instituto Politecnico de Kiev (Stirenko et al. 2018), CC BY-NC-SA 4.0",aceptada,,
CHNCXR_0262_0,,,NLM-ChinaCXRSet,NLM 2014 (archivos 2024-08-28),"Shenzhen No. 3 People's Hospital, Guangdong, China",DR,ChinaSet_AllFiles/CXR_png/CHNCXR_0262_0.png,,2937,3000,1,3,horizontal,uint8,8,stored,0.0,255.0,157.3297,64.071,172.0,0,,,,36,432,M,0,sufijo_del_nombre_de_archivo,normal,shcxr-lung-mask/mask/CHNCXR_0262_0.png,"Instituto Politecnico de Kiev (Stirenko et al. 2018), CC BY-NC-SA 4.0",aceptada,,
CHNCXR_0263_0,,,NLM-ChinaCXRSet,NLM 2014 (archivos 2024-08-28),"Shenzhen No. 3 People's Hospital, Guangdong, China",DR,ChinaSet_AllFiles/CXR_png/CHNCXR_0263_0.png,,2941,3000,1,3,horizontal,uint8,8,stored,0.0,255.0,160.6867,66.919,182.0,0,,,,24,288,F,0,sufijo_del_nombre_de_archivo,normal,shcxr-lung-mask/mask/CHNCXR_0263_0.png,"Instituto Politecnico de Kiev (Stirenko et al. 2018), CC BY-NC-SA 4.0",aceptada,,
CHNCXR_0264_0,,,NLM-ChinaCXRSet,NLM 2014 (archivos 2024-08-28),"Shenzhen No. 3 People's Hospital, Guangdong, China",DR,ChinaSet_AllFiles/CXR_png/CHNCXR_0264_0.png,,2994,2992,1,3,vertical,uint8,8,stored,0.0,255.0,138.5486,73.5383,161.0,0,,,,27,324,F,0,sufijo_del_nombre_de_archivo,normal,shcxr-lung-mask/mask/CHNCXR_0264_0.png,"Instituto Politecnico de Kiev (Stirenko et al. 2018), CC BY-NC-SA 4.0",aceptada,,
CHNCXR_0265_0,,,NLM-ChinaCXRSet,NLM 2014 (archivos 2024-08-28),"Shenzhen No. 3 People's Hospital, Guangdong, China",DR,ChinaSet_AllFiles/CXR_png/CHNCXR_0265_0.png,,2205,1936,1,3,vertical,uint8,8,stored,0.0,255.0,146.6829,75.54,170.0,0,,,,6,72,F,0,sufijo_del_nombre_de_archivo,normal,shcxr-lung-mask/mask/CHNCXR_0265_0.png,"Instituto Politecnico de Kiev (Stirenko et al. 2018), CC BY-NC-SA 4.0",aceptada,,
CHNCXR_0266_0,,,NLM-ChinaCXRSet,NLM 2014 (archivos 2024-08-28),"Shenzhen No. 3 People's Hospital, Guangdong, China",DR,ChinaSet_AllFiles/CXR_png/CHNCXR_0266_0.png,,2995,2991,1,3,vertical,uint8,8,stored,0.0,255.0,132.9138,74.5255,155.0,0,,,,23,276,M,0,sufijo_del_nombre_de_archivo,normal,shcxr-lung-mask/mask/CHNCXR_0266_0.png,"Instituto Politecnico de Kiev (Stirenko et al. 2018), CC BY-NC-SA 4.0",aceptada,,
CHNCXR_0267_0,,,NLM-ChinaCXRSet,NLM 2014 (archivos 2024-08-28),"Shenzhen No. 3 People's Hospital, Guangdong, China",DR,ChinaSet_AllFiles/CXR_png/CHNCXR_0267_0.png,,2921,2997,1,3,horizontal,uint8,8,stored,0.0,255.0,160.0518,70.9114,188.0,0,,,,53,636,F,0,sufijo_del_nombre_de_archivo,normal,shcxr-lung-mask/mask/CHNCXR_0267_0.png,"Instituto Politecnico de Kiev (Stirenko et al. 2018), CC BY-NC-SA 4.0",aceptada,,
CHNCXR_0268_0,,,NLM-ChinaCXRSet,NLM 2014 (archivos 2024-08-28),"Shenzhen No. 3 People's Hospital, Guangdong, China",DR,ChinaSet_AllFiles/CXR_png/CHNCXR_0268_0.png,,2994,2588,1,3,vertical,uint8,8,stored,0.0,255.0,148.9159,69.0222,172.0,0,,,,33,396,M,0,sufijo_del_nombre_de_archivo,normal,shcxr-lung-mask/mask/CHNCXR_0268_0.png,"Instituto Politecnico de Kiev (Stirenko et al. 2018), CC BY-NC-SA 4.0",aceptada,,
CHNCXR_0269_0,,,NLM-ChinaCXRSet,NLM 2014 (archivos 2024-08-28),"Shenzhen No. 3 People's Hospital, Guangdong, China",DR,ChinaSet_AllFiles/CXR_png/CHNCXR_0269_0.png,,3001,2967,1,3,vertical,uint8,8,stored,0.0,255.0,181.2904,63.0002,203.0,0,,,,31,372,M,0,sufijo_del_nombre_de_archivo,normal,shcxr-lung-mask/mask/CHNCXR_0269_0.png,"Instituto Politecnico de Kiev (Stirenko et al. 2018), CC BY-NC-SA 4.0",aceptada,,
CHNCXR_0270_0,,,NLM-ChinaCXRSet,NLM 2014 (archivos 2024-08-28),"Shenzhen No. 3 People's Hospital, Guangdong, China",DR,ChinaSet_AllFiles/CXR_png/CHNCXR_0270_0.png,,2992,2991,1,3,vertical,uint8,8,stored,0.0,255.0,133.4495,75.3156,154.0,0,,,,28,336,M,0,sufijo_del_nombre_de_archivo,normal,shcxr-lung-mask/mask/CHNCXR_0270_0.png,"Instituto Politecnico de Kiev (Stirenko et al. 2018), CC BY-NC-SA 4.0",aceptada,,
CHNCXR_0271_0,,,NLM-ChinaCXRSet,NLM 2014 (archivos 2024-08-28),"Shenzhen No. 3 People's Hospital, Guangdong, China",DR,ChinaSet_AllFiles/CXR_png/CHNCXR_0271_0.png,,2995,2989,1,3,vertical,uint8,8,stored,0.0,255.0,130.8868,72.5942,144.0,0,,,,26,312,M,0,sufijo_del_nombre_de_archivo,normal,shcxr-lung-mask/mask/CHNCXR_0271_0.png,"Instituto Politecnico de Kiev (Stirenko et al. 2018), CC BY-NC-SA 4.0",aceptada,,
CHNCXR_0272_0,,,NLM-ChinaCXRSet,NLM 2014 (archivos 2024-08-28),"Shenzhen No. 3 People's Hospital, Guangdong, China",DR,ChinaSet_AllFiles/CXR_png/CHNCXR_0272_0.png,,2283,2272,1,3,vertical,uint8,8,stored,0.0,255.0,180.0802,50.5101,192.0,0,,,,62,744,F,0,sufijo_del_nombre_de_archivo,normal,shcxr-lung-mask/mask/CHNCXR_0272_0.png,"Instituto Politecnico de Kiev (Stirenko et al. 2018), CC BY-NC-SA 4.0",aceptada,,
CHNCXR_0273_0,,,NLM-ChinaCXRSet,NLM 2014 (archivos 2024-08-28),"Shenzhen No. 3 People's Hospital, Guangdong, China",DR,ChinaSet_AllFiles/CXR_png/CHNCXR_0273_0.png,,2374,2048,1,3,vertical,uint8,8,stored,0.0,255.0,167.6701,64.9693,181.0,0,,,,8,96,M,0,sufijo_del_nombre_de_archivo,normal,shcxr-lung-mask/mask/CHNCXR_0273_0.png,"Instituto Politecnico de Kiev (Stirenko et al. 2018), CC BY-NC-SA 4.0",aceptada,,
CHNCXR_0274_0,,,NLM-ChinaCXRSet,NLM 2014 (archivos 2024-08-28),"Shenzhen No. 3 People's Hospital, Guangdong, China",DR,ChinaSet_AllFiles/CXR_png/CHNCXR_0274_0.png,,2733,2423,1,3,vertical,uint8,8,stored,0.0,255.0,160.9935,57.0302,169.0,0,,,,64,768,F,0,sufijo_del_nombre_de_archivo,normal,shcxr-lung-mask/mask/CHNCXR_0274_0.png,"Instituto Politecnico de Kiev (Stirenko et al. 2018), CC BY-NC-SA 4.0",aceptada,,
CHNCXR_0275_0,,,NLM-ChinaCXRSet,NLM 2014 (archivos 2024-08-28),"Shenzhen No. 3 People's Hospital, Guangdong, China",DR,ChinaSet_AllFiles/CXR_png/CHNCXR_0275_0.png,,2994,2992,1,3,vertical,uint8,8,stored,0.0,255.0,135.2089,74.4632,159.0,0,,,,32,384,M,0,sufijo_del_nombre_de_archivo,normal,shcxr-lung-mask/mask/CHNCXR_0275_0.png,"Instituto Politecnico de Kiev (Stirenko et al. 2018), CC BY-NC-SA 4.0",aceptada,,
CHNCXR_0276_0,,,NLM-ChinaCXRSet,NLM 2014 (archivos 2024-08-28),"Shenzhen No. 3 People's Hospital, Guangdong, China",DR,ChinaSet_AllFiles/CXR_png/CHNCXR_0276_0.png,,2980,3001,1,3,horizontal,uint8,8,stored,0.0,255.0,156.3848,64.1091,178.0,0,,,,48,576,M,0,sufijo_del_nombre_de_archivo,normal,shcxr-lung-mask/mask/CHNCXR_0276_0.png,"Instituto Politecnico de Kiev (Stirenko et al. 2018), CC BY-NC-SA 4.0",aceptada,,
CHNCXR_0277_0,,,NLM-ChinaCXRSet,NLM 2014 (archivos 2024-08-28),"Shenzhen No. 3 People's Hospital, Guangdong, China",DR,ChinaSet_AllFiles/CXR_png/CHNCXR_0277_0.png,,2979,2609,1,3,vertical,uint8,8,stored,0.0,255.0,164.7981,62.4834,184.0,0,,,,47,564,M,0,sufijo_del_nombre_de_archivo,normal,shcxr-lung-mask/mask/CHNCXR_0277_0.png,"Instituto Politecnico de Kiev (Stirenko et al. 2018), CC BY-NC-SA 4.0",aceptada,,
CHNCXR_0278_0,,,NLM-ChinaCXRSet,NLM 2014 (archivos 2024-08-28),"Shenzhen No. 3 People's Hospital, Guangdong, China",DR,ChinaSet_AllFiles/CXR_png/CHNCXR_0278_0.png,,2582,2316,1,3,vertical,uint8,8,stored,0.0,255.0,146.2901,63.025,152.0,0,,,,14,168,M,0,sufijo_del_nombre_de_archivo,normal,shcxr-lung-mask/mask/CHNCXR_0278_0.png,"Instituto Politecnico de Kiev (Stirenko et al. 2018), CC BY-NC-SA 4.0",aceptada,,
CHNCXR_0279_0,,,NLM-ChinaCXRSet,NLM 2014 (archivos 2024-08-28),"Shenzhen No. 3 People's Hospital, Guangdong, China",DR,ChinaSet_AllFiles/CXR_png/CHNCXR_0279_0.png,,2710,2549,1,3,vertical,uint8,8,stored,0.0,255.0,180.548,53.7982,192.0,0,,,,35,420,M,0,sufijo_del_nombre_de_archivo,normal,shcxr-lung-mask/mask/CHNCXR_0279_0.png,"Instituto Politecnico de Kiev (Stirenko et al. 2018), CC BY-NC-SA 4.0",aceptada,,
CHNCXR_0280_0,,,NLM-ChinaCXRSet,NLM 2014 (archivos 2024-08-28),"Shenzhen No. 3 People's Hospital, Guangdong, China",DR,ChinaSet_AllFiles/CXR_png/CHNCXR_0280_0.png,,2945,2793,1,3,vertical,uint8,8,stored,0.0,255.0,171.1582,59.8918,190.0,0,,,,29,348,M,0,sufijo_del_nombre_de_archivo,normal,shcxr-lung-mask/mask/CHNCXR_0280_0.png,"Instituto Politecnico de Kiev (Stirenko et al. 2018), CC BY-NC-SA 4.0",aceptada,,
CHNCXR_0281_0,,,NLM-ChinaCXRSet,NLM 2014 (archivos 2024-08-28),"Shenzhen No. 3 People's Hospital, Guangdong, China",DR,ChinaSet_AllFiles/CXR_png/CHNCXR_0281_0.png,,2945,3000,1,3,horizontal,uint8,8,stored,0.0,255.0,166.6379,61.8591,185.0,0,,,,28,336,M,0,sufijo_del_nombre_de_archivo,normal,shcxr-lung-mask/mask/CHNCXR_0281_0.png,"Instituto Politecnico de Kiev (Stirenko et al. 2018), CC BY-NC-SA 4.0",aceptada,,
CHNCXR_0282_0,,,NLM-ChinaCXRSet,NLM 2014 (archivos 2024-08-28),"Shenzhen No. 3 People's Hospital, Guangdong, China",DR,ChinaSet_AllFiles/CXR_png/CHNCXR_0282_0.png,,2967,3000,1,3,horizontal,uint8,8,stored,0.0,255.0,166.3724,65.0598,186.0,0,,,,46,552,M,0,sufijo_del_nombre_de_archivo,normal,shcxr-lung-mask/mask/CHNCXR_0282_0.png,"Instituto Politecnico de Kiev (Stirenko et al. 2018), CC BY-NC-SA 4.0",aceptada,,
CHNCXR_0283_0,,,NLM-ChinaCXRSet,NLM 2014 (archivos 2024-08-28),"Shenzhen No. 3 People's Hospital, Guangdong, China",DR,ChinaSet_AllFiles/CXR_png/CHNCXR_0283_0.png,,2993,3000,1,3,horizontal,uint8,8,stored,0.0,255.0,167.6053,67.1463,188.0,0,,,,25,300,M,0,sufijo_del_nombre_de_archivo,normal,shcxr-lung-mask/mask/CHNCXR_0283_0.png,"Instituto Politecnico de Kiev (Stirenko et al. 2018), CC BY-NC-SA 4.0",aceptada,,
CHNCXR_0284_0,,,NLM-ChinaCXRSet,NLM 2014 (archivos 2024-08-28),"Shenzhen No. 3 People's Hospital, Guangdong, China",DR,ChinaSet_AllFiles/CXR_png/CHNCXR_0284_0.png,,2959,3000,1,3,horizontal,uint8,8,stored,0.0,255.0,171.8501,68.5225,197.0,0,,,,59,708,M,0,sufijo_del_nombre_de_archivo,normal,shcxr-lung-mask/mask/CHNCXR_0284_0.png,"Instituto Politecnico de Kiev (Stirenko et al. 2018), CC BY-NC-SA 4.0",aceptada,,
CHNCXR_0285_0,,,NLM-ChinaCXRSet,NLM 2014 (archivos 2024-08-28),"Shenzhen No. 3 People's Hospital, Guangdong, China",DR,ChinaSet_AllFiles/CXR_png/CHNCXR_0285_0.png,,3001,3001,1,3,vertical,uint8,8,stored,0.0,255.0,165.7653,80.2045,196.0,0,,,,35,420,M,0,sufijo_del_nombre_de_archivo,normal,shcxr-lung-mask/mask/CHNCXR_0285_0.png,"Instituto Politecnico de Kiev (Stirenko et al. 2018), CC BY-NC-SA 4.0",aceptada,,
CHNCXR_0286_0,,,NLM-ChinaCXRSet,NLM 2014 (archivos 2024-08-28),"Shenzhen No. 3 People's Hospital, Guangdong, China",DR,ChinaSet_AllFiles/CXR_png/CHNCXR_0286_0.png,,2943,2989,1,3,horizontal,uint8,8,stored,0.0,255.0,157.1553,61.3973,169.0,0,,,,64,768,M,0,sufijo_del_nombre_de_archivo,normal,shcxr-lung-mask/mask/CHNCXR_0286_0.png,"Instituto Politecnico de Kiev (Stirenko et al. 2018), CC BY-NC-SA 4.0",aceptada,,
CHNCXR_0287_0,,,NLM-ChinaCXRSet,NLM 2014 (archivos 2024-08-28),"Shenzhen No. 3 People's Hospital, Guangdong, China",DR,ChinaSet_AllFiles/CXR_png/CHNCXR_0287_0.png,,2838,2617,1,3,vertical,uint8,8,stored,0.0,255.0,159.9849,63.3897,177.0,0,,,,35,420,F,0,sufijo_del_nombre_de_archivo,normal,shcxr-lung-mask/mask/CHNCXR_0287_0.png,"Instituto Politecnico de Kiev (Stirenko et al. 2018), CC BY-NC-SA 4.0",aceptada,,
CHNCXR_0288_0,,,NLM-ChinaCXRSet,NLM 2014 (archivos 2024-08-28),"Shenzhen No. 3 People's Hospital, Guangdong, China",DR,ChinaSet_AllFiles/CXR_png/CHNCXR_0288_0.png,,2940,2324,1,3,vertical,uint8,8,stored,0.0,255.0,178.2631,49.4133,192.0,0,,,,28,336,M,0,sufijo_del_nombre_de_archivo,normal,shcxr-lung-mask/mask/CHNCXR_0288_0.png,"Instituto Politecnico de Kiev (Stirenko et al. 2018), CC BY-NC-SA 4.0",aceptada,,
CHNCXR_0289_0,,,NLM-ChinaCXRSet,NLM 2014 (archivos 2024-08-28),"Shenzhen No. 3 People's Hospital, Guangdong, China",DR,ChinaSet_AllFiles/CXR_png/CHNCXR_0289_0.png,,2945,3000,1,3,horizontal,uint8,8,stored,0.0,255.0,169.4739,66.987,193.0,0,,,,21,252,F,0,sufijo_del_nombre_de_archivo,normal,shcxr-lung-mask/mask/CHNCXR_0289_0.png,"Instituto Politecnico de Kiev (Stirenko et al. 2018), CC BY-NC-SA 4.0",aceptada,,
CHNCXR_0290_0,,,NLM-ChinaCXRSet,NLM 2014 (archivos 2024-08-28),"Shenzhen No. 3 People's Hospital, Guangdong, China",DR,ChinaSet_AllFiles/CXR_png/CHNCXR_0290_0.png,,2933,2987,1,3,horizontal,uint8,8,stored,0.0,255.0,156.9719,66.2217,177.0,0,,,,42,504,M,0,sufijo_del_nombre_de_archivo,normal,shcxr-lung-mask/mask/CHNCXR_0290_0.png,"Instituto Politecnico de Kiev (Stirenko et al. 2018), CC BY-NC-SA 4.0",aceptada,,
CHNCXR_0291_0,,,NLM-ChinaCXRSet,NLM 2014 (archivos 2024-08-28),"Shenzhen No. 3 People's Hospital, Guangdong, China",DR,ChinaSet_AllFiles/CXR_png/CHNCXR_0291_0.png,,2449,2403,1,3,vertical,uint8,8,stored,0.0,255.0,154.6732,60.7628,168.0,0,,,,37,444,F,0,sufijo_del_nombre_de_archivo,normal,shcxr-lung-mask/mask/CHNCXR_0291_0.png,"Instituto Politecnico de Kiev (Stirenko et al. 2018), CC BY-NC-SA 4.0",aceptada,,
CHNCXR_0292_0,,,NLM-ChinaCXRSet,NLM 2014 (archivos 2024-08-28),"Shenzhen No. 3 People's Hospital, Guangdong, China",DR,ChinaSet_AllFiles/CXR_png/CHNCXR_0292_0.png,,2935,2987,1,3,horizontal,uint8,8,stored,0.0,255.0,166.9585,64.646,190.0,0,,,,28,336,F,0,sufijo_del_nombre_de_archivo,normal,shcxr-lung-mask/mask/CHNCXR_0292_0.png,"Instituto Politecnico de Kiev (Stirenko et al. 2018), CC BY-NC-SA 4.0",aceptada,,
CHNCXR_0293_0,,,NLM-ChinaCXRSet,NLM 2014 (archivos 2024-08-28),"Shenzhen No. 3 People's Hospital, Guangdong, China",DR,ChinaSet_AllFiles/CXR_png/CHNCXR_0293_0.png,,2949,3000,1,3,horizontal,uint8,8,stored,0.0,255.0,161.025,66.284,182.0,0,,,,36,432,M,0,sufijo_del_nombre_de_archivo,normal,shcxr-lung-mask/mask/CHNCXR_0293_0.png,"Instituto Politecnico de Kiev (Stirenko et al. 2018), CC BY-NC-SA 4.0",aceptada,,
CHNCXR_0294_0,,,NLM-ChinaCXRSet,NLM 2014 (archivos 2024-08-28),"Shenzhen No. 3 People's Hospital, Guangdong, China",DR,ChinaSet_AllFiles/CXR_png/CHNCXR_0294_0.png,,2945,3000,1,3,horizontal,uint8,8,stored,0.0,255.0,162.3879,61.0286,180.0,0,,,,30,360,F,0,sufijo_del_nombre_de_archivo,normal,shcxr-lung-mask/mask/CHNCXR_0294_0.png,"Instituto Politecnico de Kiev (Stirenko et al. 2018), CC BY-NC-SA 4.0",aceptada,,
CHNCXR_0295_0,,,NLM-ChinaCXRSet,NLM 2014 (archivos 2024-08-28),"Shenzhen No. 3 People's Hospital, Guangdong, China",DR,ChinaSet_AllFiles/CXR_png/CHNCXR_0295_0.png,,2482,2344,1,3,vertical,uint8,8,stored,0.0,255.0,182.4874,59.5588,200.0,0,,,,52,624,F,0,sufijo_del_nombre_de_archivo,normal,shcxr-lung-mask/mask/CHNCXR_0295_0.png,"Instituto Politecnico de Kiev (Stirenko et al. 2018), CC BY-NC-SA 4.0",aceptada,,
CHNCXR_0296_0,,,NLM-ChinaCXRSet,NLM 2014 (archivos 2024-08-28),"Shenzhen No. 3 People's Hospital, Guangdong, China",DR,ChinaSet_AllFiles/CXR_png/CHNCXR_0296_0.png,,2571,2430,1,3,vertical,uint8,8,stored,0.0,255.0,158.0605,57.5462,173.0,0,,,,39,468,F,0,sufijo_del_nombre_de_archivo,normal,shcxr-lung-mask/mask/CHNCXR_0296_0.png,"Instituto Politecnico de Kiev (Stirenko et al. 2018), CC BY-NC-SA 4.0",aceptada,,
CHNCXR_0297_0,,,NLM-ChinaCXRSet,NLM 2014 (archivos 2024-08-28),"Shenzhen No. 3 People's Hospital, Guangdong, China",DR,ChinaSet_AllFiles/CXR_png/CHNCXR_0297_0.png,,1551,1418,1,3,vertical,uint8,8,stored,0.0,255.0,156.8986,60.5383,172.0,0,,,,1,12,M,0,sufijo_del_nombre_de_archivo,normal,shcxr-lung-mask/mask/CHNCXR_0297_0.png,"Instituto Politecnico de Kiev (Stirenko et al. 2018), CC BY-NC-SA 4.0",aceptada,,
CHNCXR_0298_0,,,NLM-ChinaCXRSet,NLM 2014 (archivos 2024-08-28),"Shenzhen No. 3 People's Hospital, Guangdong, China",DR,ChinaSet_AllFiles/CXR_png/CHNCXR_0298_0.png,,2947,3000,1,3,horizontal,uint8,8,stored,0.0,255.0,169.5672,63.6003,190.0,0,,,,37,444,M,0,sufijo_del_nombre_de_archivo,normal,shcxr-lung-mask/mask/CHNCXR_0298_0.png,"Instituto Politecnico de Kiev (Stirenko et al. 2018), CC BY-NC-SA 4.0",aceptada,,
CHNCXR_0299_0,,,NLM-ChinaCXRSet,NLM 2014 (archivos 2024-08-28),"Shenzhen No. 3 People's Hospital, Guangdong, China",DR,ChinaSet_AllFiles/CXR_png/CHNCXR_0299_0.png,,2143,1767,1,3,vertical,uint8,8,stored,0.0,255.0,144.6365,65.0858,163.0,0,,,,5,60,F,0,sufijo_del_nombre_de_archivo,normal,shcxr-lung-mask/mask/CHNCXR_0299_0.png,"Instituto Politecnico de Kiev (Stirenko et al. 2018), CC BY-NC-SA 4.0",aceptada,,
CHNCXR_0300_0,,,NLM-ChinaCXRSet,NLM 2014 (archivos 2024-08-28),"Shenzhen No. 3 People's Hospital, Guangdong, China",DR,ChinaSet_AllFiles/CXR_png/CHNCXR_0300_0.png,,2951,3000,1,3,horizontal,uint8,8,stored,0.0,255.0,155.9983,62.5243,171.0,0,,,,36,432,M,0,sufijo_del_nombre_de_archivo,normal,shcxr-lung-mask/mask/CHNCXR_0300_0.png,"Instituto Politecnico de Kiev (Stirenko et al. 2018), CC BY-NC-SA 4.0",aceptada,,
CHNCXR_0301_0,,,NLM-ChinaCXRSet,NLM 2014 (archivos 2024-08-28),"Shenzhen No. 3 People's Hospital, Guangdong, China",DR,ChinaSet_AllFiles/CXR_png/CHNCXR_0301_0.png,,2949,3000,1,3,horizontal,uint8,8,stored,0.0,255.0,164.2544,62.125,184.0,0,,,,42,504,F,0,sufijo_del_nombre_de_archivo,normal,shcxr-lung-mask/mask/CHNCXR_0301_0.png,"Instituto Politecnico de Kiev (Stirenko et al. 2018), CC BY-NC-SA 4.0",aceptada,,
CHNCXR_0302_0,,,NLM-ChinaCXRSet,NLM 2014 (archivos 2024-08-28),"Shenzhen No. 3 People's Hospital, Guangdong, China",DR,ChinaSet_AllFiles/CXR_png/CHNCXR_0302_0.png,,2968,2604,1,3,vertical,uint8,8,stored,0.0,255.0,165.2311,58.2581,180.0,0,,,,28,336,F,0,sufijo_del_nombre_de_archivo,normal,shcxr-lung-mask/mask/CHNCXR_0302_0.png,"Instituto Politecnico de Kiev (Stirenko et al. 2018), CC BY-NC-SA 4.0",aceptada,,
CHNCXR_0303_0,,,NLM-ChinaCXRSet,NLM 2014 (archivos 2024-08-28),"Shenzhen No. 3 People's Hospital, Guangdong, China",DR,ChinaSet_AllFiles/CXR_png/CHNCXR_0303_0.png,,1887,1872,1,3,vertical,uint8,8,stored,0.0,255.0,138.8395,61.6515,159.0,0,,,,3,36,M,0,sufijo_del_nombre_de_archivo,normal,shcxr-lung-mask/mask/CHNCXR_0303_0.png,"Instituto Politecnico de Kiev (Stirenko et al. 2018), CC BY-NC-SA 4.0",aceptada,,
CHNCXR_0304_0,,,NLM-ChinaCXRSet,NLM 2014 (archivos 2024-08-28),"Shenzhen No. 3 People's Hospital, Guangdong, China",DR,ChinaSet_AllFiles/CXR_png/CHNCXR_0304_0.png,,2945,3000,1,3,horizontal,uint8,8,stored,0.0,255.0,153.9262,66.2469,173.0,0,,,,19,228,M,0,sufijo_del_nombre_de_archivo,normal,shcxr-lung-mask/mask/CHNCXR_0304_0.png,"Instituto Politecnico de Kiev (Stirenko et al. 2018), CC BY-NC-SA 4.0",aceptada,,
CHNCXR_0305_0,,,NLM-ChinaCXRSet,NLM 2014 (archivos 2024-08-28),"Shenzhen No. 3 People's Hospital, Guangdong, China",DR,ChinaSet_AllFiles/CXR_png/CHNCXR_0305_0.png,,3001,2689,1,3,vertical,uint8,8,stored,0.0,255.0,159.0883,65.3989,175.0,0,,,,24,288,M,0,sufijo_del_nombre_de_archivo,normal,shcxr-lung-mask/mask/CHNCXR_0305_0.png,"Instituto Politecnico de Kiev (Stirenko et al. 2018), CC BY-NC-SA 4.0",aceptada,,
CHNCXR_0306_0,,,NLM-ChinaCXRSet,NLM 2014 (archivos 2024-08-28),"Shenzhen No. 3 People's Hospital, Guangdong, China",DR,ChinaSet_AllFiles/CXR_png/CHNCXR_0306_0.png,,2931,3000,1,3,horizontal,uint8,8,stored,0.0,255.0,166.1525,64.689,186.0,0,,,,17,204,M,0,sufijo_del_nombre_de_archivo,normal,shcxr-lung-mask/mask/CHNCXR_0306_0.png,"Instituto Politecnico de Kiev (Stirenko et al. 2018), CC BY-NC-SA 4.0",aceptada,,
CHNCXR_0307_0,,,NLM-ChinaCXRSet,NLM 2014 (archivos 2024-08-28),"Shenzhen No. 3 People's Hospital, Guangdong, China",DR,ChinaSet_AllFiles/CXR_png/CHNCXR_0307_0.png,,2947,3000,1,3,horizontal,uint8,8,stored,0.0,255.0,159.4768,69.7129,185.0,0,,,,38,456,F,0,sufijo_del_nombre_de_archivo,normal,shcxr-lung-mask/mask/CHNCXR_0307_0.png,"Instituto Politecnico de Kiev (Stirenko et al. 2018), CC BY-NC-SA 4.0",aceptada,,
CHNCXR_0308_0,,,NLM-ChinaCXRSet,NLM 2014 (archivos 2024-08-28),"Shenzhen No. 3 People's Hospital, Guangdong, China",DR,ChinaSet_AllFiles/CXR_png/CHNCXR_0308_0.png,,2943,2997,1,3,horizontal,uint8,8,stored,0.0,255.0,164.977,64.078,186.0,0,,,,32,384,M,0,sufijo_del_nombre_de_archivo,normal,shcxr-lung-mask/mask/CHNCXR_0308_0.png,"Instituto Politecnico de Kiev (Stirenko et al. 2018), CC BY-NC-SA 4.0",aceptada,,
CHNCXR_0309_0,,,NLM-ChinaCXRSet,NLM 2014 (archivos 2024-08-28),"Shenzhen No. 3 People's Hospital, Guangdong, China",DR,ChinaSet_AllFiles/CXR_png/CHNCXR_0309_0.png,,2915,3000,1,3,horizontal,uint8,8,stored,0.0,255.0,155.5639,58.0723,166.0,0,,,,27,324,F,0,sufijo_del_nombre_de_archivo,normal,shcxr-lung-mask/mask/CHNCXR_0309_0.png,"Instituto Politecnico de Kiev (Stirenko et al. 2018), CC BY-NC-SA 4.0",aceptada,,
CHNCXR_0310_0,,,NLM-ChinaCXRSet,NLM 2014 (archivos 2024-08-28),"Shenzhen No. 3 People's Hospital, Guangdong, China",DR,ChinaSet_AllFiles/CXR_png/CHNCXR_0310_0.png,,2278,2301,1,3,horizontal,uint8,8,stored,0.0,255.0,153.2553,56.808,167.0,0,,,,36,432,F,0,sufijo_del_nombre_de_archivo,normal,shcxr-lung-mask/mask/CHNCXR_0310_0.png,"Instituto Politecnico de Kiev (Stirenko et al. 2018), CC BY-NC-SA 4.0",aceptada,,
CHNCXR_0311_0,,,NLM-ChinaCXRSet,NLM 2014 (archivos 2024-08-28),"Shenzhen No. 3 People's Hospital, Guangdong, China",DR,ChinaSet_AllFiles/CXR_png/CHNCXR_0311_0.png,,2955,3000,1,3,horizontal,uint8,8,stored,0.0,255.0,161.7372,58.0689,172.0,0,,,,39,468,M,0,sufijo_del_nombre_de_archivo,normal,shcxr-lung-mask/mask/CHNCXR_0311_0.png,"Instituto Politecnico de Kiev (Stirenko et al. 2018), CC BY-NC-SA 4.0",aceptada,,
CHNCXR_0312_0,,,NLM-ChinaCXRSet,NLM 2014 (archivos 2024-08-28),"Shenzhen No. 3 People's Hospital, Guangdong, China",DR,ChinaSet_AllFiles/CXR_png/CHNCXR_0312_0.png,,2935,3000,1,3,horizontal,uint8,8,stored,0.0,255.0,165.4223,66.9109,188.0,0,,,,47,564,F,0,sufijo_del_nombre_de_archivo,normal,shcxr-lung-mask/mask/CHNCXR_0312_0.png,"Instituto Politecnico de Kiev (Stirenko et al. 2018), CC BY-NC-SA 4.0",aceptada,,
CHNCXR_0313_0,,,NLM-ChinaCXRSet,NLM 2014 (archivos 2024-08-28),"Shenzhen No. 3 People's Hospital, Guangdong, China",DR,ChinaSet_AllFiles/CXR_png/CHNCXR_0313_0.png,,2034,1814,1,3,vertical,uint8,8,stored,0.0,255.0,146.0158,62.6962,159.0,0,,,,6,72,M,0,sufijo_del_nombre_de_archivo,normal,shcxr-lung-mask/mask/CHNCXR_0313_0.png,"Instituto Politecnico de Kiev (Stirenko et al. 2018), CC BY-NC-SA 4.0",aceptada,,
CHNCXR_0314_0,,,NLM-ChinaCXRSet,NLM 2014 (archivos 2024-08-28),"Shenzhen No. 3 People's Hospital, Guangdong, China",DR,ChinaSet_AllFiles/CXR_png/CHNCXR_0314_0.png,,2955,2689,1,3,vertical,uint8,8,stored,0.0,255.0,170.2805,60.2142,186.0,0,,,,30,360,M,0,sufijo_del_nombre_de_archivo,normal,shcxr-lung-mask/mask/CHNCXR_0314_0.png,"Instituto Politecnico de Kiev (Stirenko et al. 2018), CC BY-NC-SA 4.0",aceptada,,
CHNCXR_0315_0,,,NLM-ChinaCXRSet,NLM 2014 (archivos 2024-08-28),"Shenzhen No. 3 People's Hospital, Guangdong, China",DR,ChinaSet_AllFiles/CXR_png/CHNCXR_0315_0.png,,2985,3000,1,3,horizontal,uint8,8,stored,0.0,255.0,172.4295,58.5975,188.0,0,,,,30,360,M,0,sufijo_del_nombre_de_archivo,normal,shcxr-lung-mask/mask/CHNCXR_0315_0.png,"Instituto Politecnico de Kiev (Stirenko et al. 2018), CC BY-NC-SA 4.0",aceptada,,
CHNCXR_0316_0,,,NLM-ChinaCXRSet,NLM 2014 (archivos 2024-08-28),"Shenzhen No. 3 People's Hospital, Guangdong, China",DR,ChinaSet_AllFiles/CXR_png/CHNCXR_0316_0.png,,2658,2377,1,3,vertical,uint8,8,stored,0.0,255.0,183.9584,57.0192,200.0,0,,,,43,516,F,0,sufijo_del_nombre_de_archivo,normal,shcxr-lung-mask/mask/CHNCXR_0316_0.png,"Instituto Politecnico de Kiev (Stirenko et al. 2018), CC BY-NC-SA 4.0",aceptada,,
CHNCXR_0317_0,,,NLM-ChinaCXRSet,NLM 2014 (archivos 2024-08-28),"Shenzhen No. 3 People's Hospital, Guangdong, China",DR,ChinaSet_AllFiles/CXR_png/CHNCXR_0317_0.png,,2937,3000,1,3,horizontal,uint8,8,stored,0.0,255.0,170.2344,63.0151,191.0,0,,,,30,360,M,0,sufijo_del_nombre_de_archivo,normal,shcxr-lung-mask/mask/CHNCXR_0317_0.png,"Instituto Politecnico de Kiev (Stirenko et al. 2018), CC BY-NC-SA 4.0",aceptada,,
CHNCXR_0318_0,,,NLM-ChinaCXRSet,NLM 2014 (archivos 2024-08-28),"Shenzhen No. 3 People's Hospital, Guangdong, China",DR,ChinaSet_AllFiles/CXR_png/CHNCXR_0318_0.png,,2935,3000,1,3,horizontal,uint8,8,stored,0.0,255.0,148.6746,63.0023,161.0,0,,,,25,300,M,0,sufijo_del_nombre_de_archivo,normal,shcxr-lung-mask/mask/CHNCXR_0318_0.png,"Instituto Politecnico de Kiev (Stirenko et al. 2018), CC BY-NC-SA 4.0",aceptada,,
CHNCXR_0319_0,,,NLM-ChinaCXRSet,NLM 2014 (archivos 2024-08-28),"Shenzhen No. 3 People's Hospital, Guangdong, China",DR,ChinaSet_AllFiles/CXR_png/CHNCXR_0319_0.png,,2949,3000,1,3,horizontal,uint8,8,stored,0.0,255.0,152.5781,63.2211,171.0,0,,,,50,600,F,0,sufijo_del_nombre_de_archivo,normal,shcxr-lung-mask/mask/CHNCXR_0319_0.png,"Instituto Politecnico de Kiev (Stirenko et al. 2018), CC BY-NC-SA 4.0",aceptada,,
CHNCXR_0320_0,,,NLM-ChinaCXRSet,NLM 2014 (archivos 2024-08-28),"Shenzhen No. 3 People's Hospital, Guangdong, China",DR,ChinaSet_AllFiles/CXR_png/CHNCXR_0320_0.png,,2937,3000,1,3,horizontal,uint8,8,stored,0.0,255.0,164.3016,66.9351,186.0,0,,,,38,456,M,0,sufijo_del_nombre_de_archivo,normal,shcxr-lung-mask/mask/CHNCXR_0320_0.png,"Instituto Politecnico de Kiev (Stirenko et al. 2018), CC BY-NC-SA 4.0",aceptada,,
CHNCXR_0321_0,,,NLM-ChinaCXRSet,NLM 2014 (archivos 2024-08-28),"Shenzhen No. 3 People's Hospital, Guangdong, China",DR,ChinaSet_AllFiles/CXR_png/CHNCXR_0321_0.png,,2953,3000,1,3,horizontal,uint8,8,stored,0.0,255.0,166.6707,65.1892,189.0,0,,,,30,360,M,0,sufijo_del_nombre_de_archivo,normal,shcxr-lung-mask/mask/CHNCXR_0321_0.png,"Instituto Politecnico de Kiev (Stirenko et al. 2018), CC BY-NC-SA 4.0",aceptada,,
CHNCXR_0322_0,,,NLM-ChinaCXRSet,NLM 2014 (archivos 2024-08-28),"Shenzhen No. 3 People's Hospital, Guangdong, China",DR,ChinaSet_AllFiles/CXR_png/CHNCXR_0322_0.png,,2949,3000,1,3,horizontal,uint8,8,stored,0.0,255.0,160.4685,60.9862,171.0,0,,,,38,456,M,0,sufijo_del_nombre_de_archivo,normal,shcxr-lung-mask/mask/CHNCXR_0322_0.png,"Instituto Politecnico de Kiev (Stirenko et al. 2018), CC BY-NC-SA 4.0",aceptada,,
CHNCXR_0323_0,,,NLM-ChinaCXRSet,NLM 2014 (archivos 2024-08-28),"Shenzhen No. 3 People's Hospital, Guangdong, China",DR,ChinaSet_AllFiles/CXR_png/CHNCXR_0323_0.png,,2951,3000,1,3,horizontal,uint8,8,stored,0.0,255.0,169.1708,63.7473,190.0,0,,,,28,336,M,0,sufijo_del_nombre_de_archivo,normal,shcxr-lung-mask/mask/CHNCXR_0323_0.png,"Instituto Politecnico de Kiev (Stirenko et al. 2018), CC BY-NC-SA 4.0",aceptada,,
CHNCXR_0324_0,,,NLM-ChinaCXRSet,NLM 2014 (archivos 2024-08-28),"Shenzhen No. 3 People's Hospital, Guangdong, China",DR,ChinaSet_AllFiles/CXR_png/CHNCXR_0324_0.png,,2945,3000,1,3,horizontal,uint8,8,stored,0.0,255.0,162.0323,64.1117,180.0,0,,,,32,384,M,0,sufijo_del_nombre_de_archivo,normal,shcxr-lung-mask/mask/CHNCXR_0324_0.png,"Instituto Politecnico de Kiev (Stirenko et al. 2018), CC BY-NC-SA 4.0",aceptada,,
CHNCXR_0325_0,,,NLM-ChinaCXRSet,NLM 2014 (archivos 2024-08-28),"Shenzhen No. 3 People's Hospital, Guangdong, China",DR,ChinaSet_AllFiles/CXR_png/CHNCXR_0325_0.png,,2943,3000,1,3,horizontal,uint8,8,stored,0.0,255.0,163.5073,64.6314,184.0,0,,,,39,468,M,0,sufijo_del_nombre_de_archivo,normal,shcxr-lung-mask/mask/CHNCXR_0325_0.png,"Instituto Politecnico de Kiev (Stirenko et al. 2018), CC BY-NC-SA 4.0",aceptada,,
CHNCXR_0326_0,,,NLM-ChinaCXRSet,NLM 2014 (archivos 2024-08-28),"Shenzhen No. 3 People's Hospital, Guangdong, China",DR,ChinaSet_AllFiles/CXR_png/CHNCXR_0326_0.png,,2939,3000,1,3,horizontal,uint8,8,stored,0.0,255.0,159.1838,67.9432,181.0,0,,,,38,456,M,0,sufijo_del_nombre_de_archivo,normal,shcxr-lung-mask/mask/CHNCXR_0326_0.png,"Instituto Politecnico de Kiev (Stirenko et al. 2018), CC BY-NC-SA 4.0",aceptada,,
CHNCXR_0327_1,,,NLM-ChinaCXRSet,NLM 2014 (archivos 2024-08-28),"Shenzhen No. 3 People's Hospital, Guangdong, China",DR,ChinaSet_AllFiles/CXR_png/CHNCXR_0327_1.png,,2566,2566,1,3,vertical,uint8,8,stored,0.0,255.0,147.3165,61.9396,156.0,0,,,,28,336,M,1,sufijo_del_nombre_de_archivo,STB,shcxr-lung-mask/mask/CHNCXR_0327_1.png,"Instituto Politecnico de Kiev (Stirenko et al. 2018), CC BY-NC-SA 4.0",aceptada,,
CHNCXR_0328_1,,,NLM-ChinaCXRSet,NLM 2014 (archivos 2024-08-28),"Shenzhen No. 3 People's Hospital, Guangdong, China",DR,ChinaSet_AllFiles/CXR_png/CHNCXR_0328_1.png,,2939,2985,1,3,horizontal,uint8,8,stored,0.0,255.0,155.0845,66.0047,173.0,0,,,,40,480,F,1,sufijo_del_nombre_de_archivo,STB,shcxr-lung-mask/mask/CHNCXR_0328_1.png,"Instituto Politecnico de Kiev (Stirenko et al. 2018), CC BY-NC-SA 4.0",aceptada,,
CHNCXR_0329_1,,,NLM-ChinaCXRSet,NLM 2014 (archivos 2024-08-28),"Shenzhen No. 3 People's Hospital, Guangdong, China",DR,ChinaSet_AllFiles/CXR_png/CHNCXR_0329_1.png,,2303,2383,1,3,horizontal,uint8,8,stored,0.0,255.0,145.4937,61.1896,155.0,0,,,,40,480,F,1,sufijo_del_nombre_de_archivo,TB,shcxr-lung-mask/mask/CHNCXR_0329_1.png,"Instituto Politecnico de Kiev (Stirenko et al. 2018), CC BY-NC-SA 4.0",aceptada,,
CHNCXR_0330_1,,,NLM-ChinaCXRSet,NLM 2014 (archivos 2024-08-28),"Shenzhen No. 3 People's Hospital, Guangdong, China",DR,ChinaSet_AllFiles/CXR_png/CHNCXR_0330_1.png,,2787,2632,1,3,vertical,uint8,8,stored,0.0,253.0,145.6954,63.1781,151.0,0,,,,32,384,M,1,sufijo_del_nombre_de_archivo,STB,shcxr-lung-mask/mask/CHNCXR_0330_1.png,"Instituto Politecnico de Kiev (Stirenko et al. 2018), CC BY-NC-SA 4.0",aceptada,,
CHNCXR_0331_1,,,NLM-ChinaCXRSet,NLM 2014 (archivos 2024-08-28),"Shenzhen No. 3 People's Hospital, Guangdong, China",DR,ChinaSet_AllFiles/CXR_png/CHNCXR_0331_1.png,,2261,2282,1,3,horizontal,uint8,8,stored,0.0,255.0,150.1235,57.7863,155.0,0,,,,36,432,F,1,sufijo_del_nombre_de_archivo,STB,shcxr-lung-mask/mask/CHNCXR_0331_1.png,"Instituto Politecnico de Kiev (Stirenko et al. 2018), CC BY-NC-SA 4.0",aceptada,,
CHNCXR_0332_1,,,NLM-ChinaCXRSet,NLM 2014 (archivos 2024-08-28),"Shenzhen No. 3 People's Hospital, Guangdong, China",DR,ChinaSet_AllFiles/CXR_png/CHNCXR_0332_1.png,,2639,2749,1,3,horizontal,uint8,8,stored,0.0,255.0,156.5808,58.8095,169.0,0,,,,58,696,M,1,sufijo_del_nombre_de_archivo,STB,shcxr-lung-mask/mask/CHNCXR_0332_1.png,"Instituto Politecnico de Kiev (Stirenko et al. 2018), CC BY-NC-SA 4.0",aceptada,,
CHNCXR_0333_1,,,NLM-ChinaCXRSet,NLM 2014 (archivos 2024-08-28),"Shenzhen No. 3 People's Hospital, Guangdong, China",DR,ChinaSet_AllFiles/CXR_png/CHNCXR_0333_1.png,,2595,2613,1,3,horizontal,uint8,8,stored,0.0,255.0,160.8173,51.5398,174.0,0,,,,32,384,M,1,sufijo_del_nombre_de_archivo,STB,shcxr-lung-mask/mask/CHNCXR_0333_1.png,"Instituto Politecnico de Kiev (Stirenko et al. 2018), CC BY-NC-SA 4.0",aceptada,,
CHNCXR_0334_1,,,NLM-ChinaCXRSet,NLM 2014 (archivos 2024-08-28),"Shenzhen No. 3 People's Hospital, Guangdong, China",DR,ChinaSet_AllFiles/CXR_png/CHNCXR_0334_1.png,,2925,3000,1,3,horizontal,uint8,8,stored,0.0,255.0,156.3293,60.9398,168.0,0,,,,44,528,M,1,sufijo_del_nombre_de_archivo,STB,shcxr-lung-mask/mask/CHNCXR_0334_1.png,"Instituto Politecnico de Kiev (Stirenko et al. 2018), CC BY-NC-SA 4.0",aceptada,,
CHNCXR_0335_1,,,NLM-ChinaCXRSet,NLM 2014 (archivos 2024-08-28),"Shenzhen No. 3 People's Hospital, Guangdong, China",DR,ChinaSet_AllFiles/CXR_png/CHNCXR_0335_1.png,,2424,2569,1,3,horizontal,uint8,8,stored,0.0,255.0,152.2857,60.7449,169.0,0,,,,37,444,M,1,sufijo_del_nombre_de_archivo,STB,shcxr-lung-mask/mask/CHNCXR_0335_1.png,"Instituto Politecnico de Kiev (Stirenko et al. 2018), CC BY-NC-SA 4.0",aceptada,,
CHNCXR_0336_1,,,NLM-ChinaCXRSet,NLM 2014 (archivos 2024-08-28),"Shenzhen No. 3 People's Hospital, Guangdong, China",DR,ChinaSet_AllFiles/CXR_png/CHNCXR_0336_1.png,,2742,2472,1,3,vertical,uint8,8,stored,0.0,255.0,146.6023,61.2194,159.0,0,,,,30,360,M,1,sufijo_del_nombre_de_archivo,STB,,,revisar,sin_mascara_referencia,
CHNCXR_0337_1,,,NLM-ChinaCXRSet,NLM 2014 (archivos 2024-08-28),"Shenzhen No. 3 People's Hospital, Guangdong, China",DR,ChinaSet_AllFiles/CXR_png/CHNCXR_0337_1.png,,2562,2464,1,3,vertical,uint8,8,stored,0.0,255.0,153.8308,59.6173,166.0,0,,,,31,372,M,1,sufijo_del_nombre_de_archivo,STB,shcxr-lung-mask/mask/CHNCXR_0337_1.png,"Instituto Politecnico de Kiev (Stirenko et al. 2018), CC BY-NC-SA 4.0",aceptada,,
CHNCXR_0338_1,,,NLM-ChinaCXRSet,NLM 2014 (archivos 2024-08-28),"Shenzhen No. 3 People's Hospital, Guangdong, China",DR,ChinaSet_AllFiles/CXR_png/CHNCXR_0338_1.png,,2924,2397,1,3,vertical,uint8,8,stored,0.0,255.0,155.7822,62.4128,175.0,0,,,,49,588,M,1,sufijo_del_nombre_de_archivo,STB,shcxr-lung-mask/mask/CHNCXR_0338_1.png,"Instituto Politecnico de Kiev (Stirenko et al. 2018), CC BY-NC-SA 4.0",aceptada,,
CHNCXR_0339_1,,,NLM-ChinaCXRSet,NLM 2014 (archivos 2024-08-28),"Shenzhen No. 3 People's Hospital, Guangdong, China",DR,ChinaSet_AllFiles/CXR_png/CHNCXR_0339_1.png,,2493,2573,1,3,horizontal,uint8,8,stored,0.0,255.0,151.9528,57.5232,166.0,0,,,,24,288,M,1,sufijo_del_nombre_de_archivo,STB,shcxr-lung-mask/mask/CHNCXR_0339_1.png,"Instituto Politecnico de Kiev (Stirenko et al. 2018), CC BY-NC-SA 4.0",aceptada,,
CHNCXR_0340_1,,,NLM-ChinaCXRSet,NLM 2014 (archivos 2024-08-28),"Shenzhen No. 3 People's Hospital, Guangdong, China",DR,ChinaSet_AllFiles/CXR_png/CHNCXR_0340_1.png,,2810,2808,1,3,vertical,uint8,8,stored,0.0,255.0,162.4672,57.2801,180.0,0,,,,34,408,M,1,sufijo_del_nombre_de_archivo,STB,shcxr-lung-mask/mask/CHNCXR_0340_1.png,"Instituto Politecnico de Kiev (Stirenko et al. 2018), CC BY-NC-SA 4.0",aceptada,,
CHNCXR_0341_1,,,NLM-ChinaCXRSet,NLM 2014 (archivos 2024-08-28),"Shenzhen No. 3 People's Hospital, Guangdong, China",DR,ChinaSet_AllFiles/CXR_png/CHNCXR_0341_1.png,,2945,3000,1,3,horizontal,uint8,8,stored,0.0,255.0,154.6622,64.1939,173.0,0,,,,43,516,F,1,sufijo_del_nombre_de_archivo,STB,,,revisar,sin_mascara_referencia,
CHNCXR_0342_1,,,NLM-ChinaCXRSet,NLM 2014 (archivos 2024-08-28),"Shenzhen No. 3 People's Hospital, Guangdong, China",DR,ChinaSet_AllFiles/CXR_png/CHNCXR_0342_1.png,,2916,2746,1,3,vertical,uint8,8,stored,0.0,255.0,152.7933,59.5371,168.0,0,,,,27,324,M,1,sufijo_del_nombre_de_archivo,STB,,,revisar,sin_mascara_referencia,
CHNCXR_0343_1,,,NLM-ChinaCXRSet,NLM 2014 (archivos 2024-08-28),"Shenzhen No. 3 People's Hospital, Guangdong, China",DR,ChinaSet_AllFiles/CXR_png/CHNCXR_0343_1.png,,2958,2800,1,3,vertical,uint8,8,stored,0.0,255.0,157.4096,63.1657,175.0,0,,,,24,288,M,1,sufijo_del_nombre_de_archivo,STB,,,revisar,sin_mascara_referencia,
CHNCXR_0344_1,,,NLM-ChinaCXRSet,NLM 2014 (archivos 2024-08-28),"Shenzhen No. 3 People's Hospital, Guangdong, China",DR,ChinaSet_AllFiles/CXR_png/CHNCXR_0344_1.png,,2485,2499,1,3,horizontal,uint8,8,stored,0.0,255.0,161.5475,55.1226,177.0,0,,,,29,348,F,1,sufijo_del_nombre_de_archivo,STB,,,revisar,sin_mascara_referencia,
CHNCXR_0345_1,,,NLM-ChinaCXRSet,NLM 2014 (archivos 2024-08-28),"Shenzhen No. 3 People's Hospital, Guangdong, China",DR,ChinaSet_AllFiles/CXR_png/CHNCXR_0345_1.png,,2638,2495,1,3,vertical,uint8,8,stored,0.0,255.0,149.1893,59.6543,159.0,0,,,,40,480,M,1,sufijo_del_nombre_de_archivo,STB,,,revisar,sin_mascara_referencia,
CHNCXR_0346_1,,,NLM-ChinaCXRSet,NLM 2014 (archivos 2024-08-28),"Shenzhen No. 3 People's Hospital, Guangdong, China",DR,ChinaSet_AllFiles/CXR_png/CHNCXR_0346_1.png,,2334,2128,1,3,vertical,uint8,8,stored,0.0,255.0,144.6356,60.5872,153.0,0,,,,26,312,F,1,sufijo_del_nombre_de_archivo,STB,,,revisar,sin_mascara_referencia,
CHNCXR_0347_1,,,NLM-ChinaCXRSet,NLM 2014 (archivos 2024-08-28),"Shenzhen No. 3 People's Hospital, Guangdong, China",DR,ChinaSet_AllFiles/CXR_png/CHNCXR_0347_1.png,,2916,2678,1,3,vertical,uint8,8,stored,0.0,255.0,169.5376,51.1004,178.0,0,,,,24,288,M,1,sufijo_del_nombre_de_archivo,PTB in the left lower field,,,revisar,sin_mascara_referencia,
CHNCXR_0348_1,,,NLM-ChinaCXRSet,NLM 2014 (archivos 2024-08-28),"Shenzhen No. 3 People's Hospital, Guangdong, China",DR,ChinaSet_AllFiles/CXR_png/CHNCXR_0348_1.png,,2787,2485,1,3,vertical,uint8,8,stored,0.0,255.0,155.4276,68.606,179.0,0,,,,32,384,F,1,sufijo_del_nombre_de_archivo,"Bilateral secondary PTB , right pleural change after decortication",,,revisar,sin_mascara_referencia,
CHNCXR_0349_1,,,NLM-ChinaCXRSet,NLM 2014 (archivos 2024-08-28),"Shenzhen No. 3 People's Hospital, Guangdong, China",DR,ChinaSet_AllFiles/CXR_png/CHNCXR_0349_1.png,,2949,3000,1,3,horizontal,uint8,8,stored,0.0,255.0,160.7143,65.8644,180.0,0,,,,46,552,M,1,sufijo_del_nombre_de_archivo,bilateral PTB ?right pleurisy with pleural effusion,,,revisar,sin_mascara_referencia,
CHNCXR_0350_1,,,NLM-ChinaCXRSet,NLM 2014 (archivos 2024-08-28),"Shenzhen No. 3 People's Hospital, Guangdong, China",DR,ChinaSet_AllFiles/CXR_png/CHNCXR_0350_1.png,,2889,2776,1,3,vertical,uint8,8,stored,0.0,255.0,153.1996,65.4556,169.0,0,,,,55,660,M,1,sufijo_del_nombre_de_archivo,PTB in the left upper field,,,revisar,sin_mascara_referencia,
CHNCXR_0351_1,,,NLM-ChinaCXRSet,NLM 2014 (archivos 2024-08-28),"Shenzhen No. 3 People's Hospital, Guangdong, China",DR,ChinaSet_AllFiles/CXR_png/CHNCXR_0351_1.png,,2951,3000,1,3,horizontal,uint8,8,stored,0.0,255.0,167.365,55.5684,177.0,0,,,,39,468,M,1,sufijo_del_nombre_de_archivo,secondary PTB in the right upper field,,,revisar,sin_mascara_referencia,
CHNCXR_0352_1,,,NLM-ChinaCXRSet,NLM 2014 (archivos 2024-08-28),"Shenzhen No. 3 People's Hospital, Guangdong, China",DR,ChinaSet_AllFiles/CXR_png/CHNCXR_0352_1.png,,2921,2573,1,3,vertical,uint8,8,stored,0.0,255.0,146.2272,65.5627,161.0,0,,,,17,204,M,1,sufijo_del_nombre_de_archivo,secondary PTB in the bilateral upper field,,,revisar,sin_mascara_referencia,
CHNCXR_0353_1,,,NLM-ChinaCXRSet,NLM 2014 (archivos 2024-08-28),"Shenzhen No. 3 People's Hospital, Guangdong, China",DR,ChinaSet_AllFiles/CXR_png/CHNCXR_0353_1.png,,2550,2307,1,3,vertical,uint8,8,stored,0.0,255.0,144.7603,65.8435,163.0,0,,,,16,192,F,1,sufijo_del_nombre_de_archivo,PTB in the left upper field,,,revisar,sin_mascara_referencia,
CHNCXR_0354_1,,,NLM-ChinaCXRSet,NLM 2014 (archivos 2024-08-28),"Shenzhen No. 3 People's Hospital, Guangdong, China",DR,ChinaSet_AllFiles/CXR_png/CHNCXR_0354_1.png,,2931,2618,1,3,vertical,uint8,8,stored,0.0,255.0,145.5347,68.0835,158.0,0,,,,27,324,M,1,sufijo_del_nombre_de_archivo,PTB in the right upper field,,,revisar,sin_mascara_referencia,
CHNCXR_0355_1,,,NLM-ChinaCXRSet,NLM 2014 (archivos 2024-08-28),"Shenzhen No. 3 People's Hospital, Guangdong, China",DR,ChinaSet_AllFiles/CXR_png/CHNCXR_0355_1.png,,2967,3001,1,3,horizontal,uint8,8,stored,0.0,255.0,154.8483,74.0709,180.0,0,,,,79,948,M,1,sufijo_del_nombre_de_archivo,bilateral PTB,,,revisar,sin_mascara_referencia,
CHNCXR_0356_1,,,NLM-ChinaCXRSet,NLM 2014 (archivos 2024-08-28),"Shenzhen No. 3 People's Hospital, Guangdong, China",DR,ChinaSet_AllFiles/CXR_png/CHNCXR_0356_1.png,,2700,2416,1,3,vertical,uint8,8,stored,0.0,255.0,144.9309,65.1579,158.0,0,,,,78,936,F,1,sufijo_del_nombre_de_archivo,bilateral PTB,,,revisar,sin_mascara_referencia,
CHNCXR_0357_1,,,NLM-ChinaCXRSet,NLM 2014 (archivos 2024-08-28),"Shenzhen No. 3 People's Hospital, Guangdong, China",DR,ChinaSet_AllFiles/CXR_png/CHNCXR_0357_1.png,,2921,2849,1,3,vertical,uint8,8,stored,0.0,255.0,145.3046,68.1174,154.0,0,,,,49,588,M,1,sufijo_del_nombre_de_archivo,PTB in the left upper field,,,revisar,sin_mascara_referencia,
CHNCXR_0358_1,,,NLM-ChinaCXRSet,NLM 2014 (archivos 2024-08-28),"Shenzhen No. 3 People's Hospital, Guangdong, China",DR,ChinaSet_AllFiles/CXR_png/CHNCXR_0358_1.png,,2939,2542,1,3,vertical,uint8,8,stored,0.0,255.0,140.7472,68.4116,159.0,0,,,,39,468,F,1,sufijo_del_nombre_de_archivo,secondary PTB  in the right upper field,,,revisar,sin_mascara_referencia,
CHNCXR_0359_1,,,NLM-ChinaCXRSet,NLM 2014 (archivos 2024-08-28),"Shenzhen No. 3 People's Hospital, Guangdong, China",DR,ChinaSet_AllFiles/CXR_png/CHNCXR_0359_1.png,,2892,2552,1,3,vertical,uint8,8,stored,0.0,255.0,154.724,64.889,173.0,0,,,,24,288,M,1,sufijo_del_nombre_de_archivo,"bilateral PTB,right upper field atelectasis",,,revisar,sin_mascara_referencia,
CHNCXR_0360_1,,,NLM-ChinaCXRSet,NLM 2014 (archivos 2024-08-28),"Shenzhen No. 3 People's Hospital, Guangdong, China",DR,ChinaSet_AllFiles/CXR_png/CHNCXR_0360_1.png,,2783,2562,1,3,vertical,uint8,8,stored,0.0,255.0,145.5706,66.6138,166.0,0,,,,23,276,F,1,sufijo_del_nombre_de_archivo,Bilateral secondary PTB,,,revisar,sin_mascara_referencia,
CHNCXR_0361_1,,,NLM-ChinaCXRSet,NLM 2014 (archivos 2024-08-28),"Shenzhen No. 3 People's Hospital, Guangdong, China",DR,ChinaSet_AllFiles/CXR_png/CHNCXR_0361_1.png,,2690,2646,1,3,vertical,uint8,8,stored,0.0,255.0,155.2686,67.2724,179.0,0,,,,49,588,F,1,sufijo_del_nombre_de_archivo,"Bilateral secondary PTB, left encapsulated intrathoracic fluid",shcxr-lung-mask/mask/CHNCXR_0361_1.png,"Instituto Politecnico de Kiev (Stirenko et al. 2018), CC BY-NC-SA 4.0",aceptada,,
CHNCXR_0362_1,,,NLM-ChinaCXRSet,NLM 2014 (archivos 2024-08-28),"Shenzhen No. 3 People's Hospital, Guangdong, China",DR,ChinaSet_AllFiles/CXR_png/CHNCXR_0362_1.png,,2963,3001,1,3,horizontal,uint8,8,stored,0.0,255.0,148.0712,66.0572,161.0,0,,,,25,300,M,1,sufijo_del_nombre_de_archivo,PTB in the right lower field,shcxr-lung-mask/mask/CHNCXR_0362_1.png,"Instituto Politecnico de Kiev (Stirenko et al. 2018), CC BY-NC-SA 4.0",aceptada,,
CHNCXR_0363_1,,,NLM-ChinaCXRSet,NLM 2014 (archivos 2024-08-28),"Shenzhen No. 3 People's Hospital, Guangdong, China",DR,ChinaSet_AllFiles/CXR_png/CHNCXR_0363_1.png,,2788,2460,1,3,vertical,uint8,8,stored,0.0,255.0,146.9494,64.3695,164.0,0,,,,38,456,F,1,sufijo_del_nombre_de_archivo,secondary PTB  in the right upper field,shcxr-lung-mask/mask/CHNCXR_0363_1.png,"Instituto Politecnico de Kiev (Stirenko et al. 2018), CC BY-NC-SA 4.0",aceptada,,
CHNCXR_0364_1,,,NLM-ChinaCXRSet,NLM 2014 (archivos 2024-08-28),"Shenzhen No. 3 People's Hospital, Guangdong, China",DR,ChinaSet_AllFiles/CXR_png/CHNCXR_0364_1.png,,2971,3000,1,3,horizontal,uint8,8,stored,0.0,255.0,154.2177,67.5861,173.0,0,,,,24,288,M,1,sufijo_del_nombre_de_archivo,Right PTB,shcxr-lung-mask/mask/CHNCXR_0364_1.png,"Instituto Politecnico de Kiev (Stirenko et al. 2018), CC BY-NC-SA 4.0",aceptada,,
CHNCXR_0365_1,,,NLM-ChinaCXRSet,NLM 2014 (archivos 2024-08-28),"Shenzhen No. 3 People's Hospital, Guangdong, China",DR,ChinaSet_AllFiles/CXR_png/CHNCXR_0365_1.png,,2808,2458,1,3,vertical,uint8,8,stored,0.0,255.0,144.6853,66.7226,161.0,0,,,,38,456,F,1,sufijo_del_nombre_de_archivo,"Left PTB, left pleural thickening",shcxr-lung-mask/mask/CHNCXR_0365_1.png,"Instituto Politecnico de Kiev (Stirenko et al. 2018), CC BY-NC-SA 4.0",aceptada,,
CHNCXR_0366_1,,,NLM-ChinaCXRSet,NLM 2014 (archivos 2024-08-28),"Shenzhen No. 3 People's Hospital, Guangdong, China",DR,ChinaSet_AllFiles/CXR_png/CHNCXR_0366_1.png,,2960,2804,1,3,vertical,uint8,8,stored,0.0,255.0,151.0963,69.7997,176.0,0,,,,33,396,M,1,sufijo_del_nombre_de_archivo,PTB in the bilateral upper and middle field,shcxr-lung-mask/mask/CHNCXR_0366_1.png,"Instituto Politecnico de Kiev (Stirenko et al. 2018), CC BY-NC-SA 4.0",aceptada,,
CHNCXR_0367_1,,,NLM-ChinaCXRSet,NLM 2014 (archivos 2024-08-28),"Shenzhen No. 3 People's Hospital, Guangdong, China",DR,ChinaSet_AllFiles/CXR_png/CHNCXR_0367_1.png,,2944,2485,1,3,vertical,uint8,8,stored,0.0,255.0,147.9254,62.3121,159.0,0,,,,27,324,M,1,sufijo_del_nombre_de_archivo,Old PTB in the right upper field,shcxr-lung-mask/mask/CHNCXR_0367_1.png,"Instituto Politecnico de Kiev (Stirenko et al. 2018), CC BY-NC-SA 4.0",aceptada,,
CHNCXR_0368_1,,,NLM-ChinaCXRSet,NLM 2014 (archivos 2024-08-28),"Shenzhen No. 3 People's Hospital, Guangdong, China",DR,ChinaSet_AllFiles/CXR_png/CHNCXR_0368_1.png,,2400,2039,1,3,vertical,uint8,8,stored,0.0,255.0,131.7185,66.6419,144.0,0,,,,10,120,F,1,sufijo_del_nombre_de_archivo,"left PTB,pleural thickening",shcxr-lung-mask/mask/CHNCXR_0368_1.png,"Instituto Politecnico de Kiev (Stirenko et al. 2018), CC BY-NC-SA 4.0",aceptada,,
CHNCXR_0369_1,,,NLM-ChinaCXRSet,NLM 2014 (archivos 2024-08-28),"Shenzhen No. 3 People's Hospital, Guangdong, China",DR,ChinaSet_AllFiles/CXR_png/CHNCXR_0369_1.png,,2945,2814,1,3,vertical,uint8,8,stored,0.0,255.0,149.4317,66.6501,170.0,0,,,,39,468,M,1,sufijo_del_nombre_de_archivo,bilateral PTB,shcxr-lung-mask/mask/CHNCXR_0369_1.png,"Instituto Politecnico de Kiev (Stirenko et al. 2018), CC BY-NC-SA 4.0",aceptada,,
CHNCXR_0370_1,,,NLM-ChinaCXRSet,NLM 2014 (archivos 2024-08-28),"Shenzhen No. 3 People's Hospital, Guangdong, China",DR,ChinaSet_AllFiles/CXR_png/CHNCXR_0370_1.png,,2941,2996,1,3,horizontal,uint8,8,stored,0.0,255.0,170.9924,67.5365,193.0,0,,,,75,900,M,1,sufijo_del_nombre_de_archivo,"bilateral PTB, with left pleural effusion",shcxr-lung-mask/mask/CHNCXR_0370_1.png,"Instituto Politecnico de Kiev (Stirenko et al. 2018), CC BY-NC-SA 4.0",aceptada,,
CHNCXR_0371_1,,,NLM-ChinaCXRSet,NLM 2014 (archivos 2024-08-28),"Shenzhen No. 3 People's Hospital, Guangdong, China",DR,ChinaSet_AllFiles/CXR_png/CHNCXR_0371_1.png,,2945,3000,1,3,horizontal,uint8,8,stored,0.0,255.0,165.8113,55.0718,179.0,0,,,,40,480,M,1,sufijo_del_nombre_de_archivo,PTB  in the right upper field,shcxr-lung-mask/mask/CHNCXR_0371_1.png,"Instituto Politecnico de Kiev (Stirenko et al. 2018), CC BY-NC-SA 4.0",aceptada,,
CHNCXR_0372_1,,,NLM-ChinaCXRSet,NLM 2014 (archivos 2024-08-28),"Shenzhen No. 3 People's Hospital, Guangdong, China",DR,ChinaSet_AllFiles/CXR_png/CHNCXR_0372_1.png,,2949,3000,1,3,horizontal,uint8,8,stored,0.0,255.0,157.934,65.4494,176.0,0,,,,42,504,M,1,sufijo_del_nombre_de_archivo,Right PTB,shcxr-lung-mask/mask/CHNCXR_0372_1.png,"Instituto Politecnico de Kiev (Stirenko et al. 2018), CC BY-NC-SA 4.0",aceptada,,
CHNCXR_0373_1,,,NLM-ChinaCXRSet,NLM 2014 (archivos 2024-08-28),"Shenzhen No. 3 People's Hospital, Guangdong, China",DR,ChinaSet_AllFiles/CXR_png/CHNCXR_0373_1.png,,2833,2638,1,3,vertical,uint8,8,stored,0.0,255.0,179.323,46.0028,189.0,0,,,,39,468,M,1,sufijo_del_nombre_de_archivo,PTB  in the right upper field,shcxr-lung-mask/mask/CHNCXR_0373_1.png,"Instituto Politecnico de Kiev (Stirenko et al. 2018), CC BY-NC-SA 4.0",aceptada,,
CHNCXR_0374_1,,,NLM-ChinaCXRSet,NLM 2014 (archivos 2024-08-28),"Shenzhen No. 3 People's Hospital, Guangdong, China",DR,ChinaSet_AllFiles/CXR_png/CHNCXR_0374_1.png,,2927,3000,1,3,horizontal,uint8,8,stored,0.0,255.0,165.4611,66.3122,187.0,0,,,,19,228,M,1,sufijo_del_nombre_de_archivo,PTB  in the right upper field,shcxr-lung-mask/mask/CHNCXR_0374_1.png,"Instituto Politecnico de Kiev (Stirenko et al. 2018), CC BY-NC-SA 4.0",aceptada,,
CHNCXR_0375_1,,,NLM-ChinaCXRSet,NLM 2014 (archivos 2024-08-28),"Shenzhen No. 3 People's Hospital, Guangdong, China",DR,ChinaSet_AllFiles/CXR_png/CHNCXR_0375_1.png,,2995,2990,1,3,vertical,uint8,8,stored,0.0,255.0,134.2078,70.3683,141.0,0,,,,34,408,M,1,sufijo_del_nombre_de_archivo,left PTB,shcxr-lung-mask/mask/CHNCXR_0375_1.png,"Instituto Politecnico de Kiev (Stirenko et al. 2018), CC BY-NC-SA 4.0",aceptada,,
CHNCXR_0376_1,,,NLM-ChinaCXRSet,NLM 2014 (archivos 2024-08-28),"Shenzhen No. 3 People's Hospital, Guangdong, China",DR,ChinaSet_AllFiles/CXR_png/CHNCXR_0376_1.png,,2958,2991,1,3,horizontal,uint8,8,stored,0.0,255.0,154.6283,64.9267,177.0,0,,,,56,672,M,1,sufijo_del_nombre_de_archivo,Right PTB,shcxr-lung-mask/mask/CHNCXR_0376_1.png,"Instituto Politecnico de Kiev (Stirenko et al. 2018), CC BY-NC-SA 4.0",aceptada,,
CHNCXR_0377_1,,,NLM-ChinaCXRSet,NLM 2014 (archivos 2024-08-28),"Shenzhen No. 3 People's Hospital, Guangdong, China",DR,ChinaSet_AllFiles/CXR_png/CHNCXR_0377_1.png,,2730,2344,1,3,vertical,uint8,8,stored,0.0,255.0,150.1579,62.29,165.0,0,,,,25,300,M,1,sufijo_del_nombre_de_archivo,PTB in the bilateral upper field,shcxr-lung-mask/mask/CHNCXR_0377_1.png,"Instituto Politecnico de Kiev (Stirenko et al. 2018), CC BY-NC-SA 4.0",aceptada,,
CHNCXR_0378_1,,,NLM-ChinaCXRSet,NLM 2014 (archivos 2024-08-28),"Shenzhen No. 3 People's Hospital, Guangdong, China",DR,ChinaSet_AllFiles/CXR_png/CHNCXR_0378_1.png,,2959,2983,1,3,horizontal,uint8,8,stored,0.0,255.0,146.1828,73.3835,168.0,0,,,,78,936,M,1,sufijo_del_nombre_de_archivo,Right PTB,shcxr-lung-mask/mask/CHNCXR_0378_1.png,"Instituto Politecnico de Kiev (Stirenko et al. 2018), CC BY-NC-SA 4.0",aceptada,,
CHNCXR_0379_1,,,NLM-ChinaCXRSet,NLM 2014 (archivos 2024-08-28),"Shenzhen No. 3 People's Hospital, Guangdong, China",DR,ChinaSet_AllFiles/CXR_png/CHNCXR_0379_1.png,,2240,2377,1,3,horizontal,uint8,8,stored,0.0,255.0,143.9907,60.6146,156.0,0,,,,28,336,F,1,sufijo_del_nombre_de_archivo,PTB in the bilateral upper field,shcxr-lung-mask/mask/CHNCXR_0379_1.png,"Instituto Politecnico de Kiev (Stirenko et al. 2018), CC BY-NC-SA 4.0",aceptada,,
CHNCXR_0380_1,,,NLM-ChinaCXRSet,NLM 2014 (archivos 2024-08-28),"Shenzhen No. 3 People's Hospital, Guangdong, China",DR,ChinaSet_AllFiles/CXR_png/CHNCXR_0380_1.png,,2977,2978,1,3,horizontal,uint8,8,stored,0.0,255.0,127.3589,75.59,144.0,0,,,,55,660,F,1,sufijo_del_nombre_de_archivo,"left PTB,left pleurisy",shcxr-lung-mask/mask/CHNCXR_0380_1.png,"Instituto Politecnico de Kiev (Stirenko et al. 2018), CC BY-NC-SA 4.0",aceptada,,
CHNCXR_0381_1,,,NLM-ChinaCXRSet,NLM 2014 (archivos 2024-08-28),"Shenzhen No. 3 People's Hospital, Guangdong, China",DR,ChinaSet_AllFiles/CXR_png/CHNCXR_0381_1.png,,2958,3001,1,3,horizontal,uint8,8,stored,0.0,255.0,159.0171,66.0343,183.0,0,,,,40,480,M,1,sufijo_del_nombre_de_archivo,"left PTB,left pleurisy",shcxr-lung-mask/mask/CHNCXR_0381_1.png,"Instituto Politecnico de Kiev (Stirenko et al. 2018), CC BY-NC-SA 4.0",aceptada,,
CHNCXR_0382_1,,,NLM-ChinaCXRSet,NLM 2014 (archivos 2024-08-28),"Shenzhen No. 3 People's Hospital, Guangdong, China",DR,ChinaSet_AllFiles/CXR_png/CHNCXR_0382_1.png,,2897,2499,1,3,vertical,uint8,8,stored,0.0,255.0,153.3322,63.5882,172.0,0,,,,33,396,M,1,sufijo_del_nombre_de_archivo,bilateral PTB,shcxr-lung-mask/mask/CHNCXR_0382_1.png,"Instituto Politecnico de Kiev (Stirenko et al. 2018), CC BY-NC-SA 4.0",aceptada,,
CHNCXR_0383_1,,,NLM-ChinaCXRSet,NLM 2014 (archivos 2024-08-28),"Shenzhen No. 3 People's Hospital, Guangdong, China",DR,ChinaSet_AllFiles/CXR_png/CHNCXR_0383_1.png,,2639,2709,1,3,horizontal,uint8,8,stored,0.0,255.0,145.9442,66.9927,164.0,0,,,,58,696,M,1,sufijo_del_nombre_de_archivo,bilateral PTB,shcxr-lung-mask/mask/CHNCXR_0383_1.png,"Instituto Politecnico de Kiev (Stirenko et al. 2018), CC BY-NC-SA 4.0",aceptada,,
CHNCXR_0384_1,,,NLM-ChinaCXRSet,NLM 2014 (archivos 2024-08-28),"Shenzhen No. 3 People's Hospital, Guangdong, China",DR,ChinaSet_AllFiles/CXR_png/CHNCXR_0384_1.png,,2935,2991,1,3,horizontal,uint8,8,stored,0.0,255.0,164.7723,63.4886,185.0,0,,,,29,348,F,1,sufijo_del_nombre_de_archivo,bilateral PTB,shcxr-lung-mask/mask/CHNCXR_0384_1.png,"Instituto Politecnico de Kiev (Stirenko et al. 2018), CC BY-NC-SA 4.0",aceptada,,
CHNCXR_0385_1,,,NLM-ChinaCXRSet,NLM 2014 (archivos 2024-08-28),"Shenzhen No. 3 People's Hospital, Guangdong, China",DR,ChinaSet_AllFiles/CXR_png/CHNCXR_0385_1.png,,2947,2804,1,3,vertical,uint8,8,stored,0.0,255.0,170.6289,55.5612,184.0,0,,,,60,720,M,1,sufijo_del_nombre_de_archivo,Right PTB,shcxr-lung-mask/mask/CHNCXR_0385_1.png,"Instituto Politecnico de Kiev (Stirenko et al. 2018), CC BY-NC-SA 4.0",aceptada,,
CHNCXR_0386_1,,,NLM-ChinaCXRSet,NLM 2014 (archivos 2024-08-28),"Shenzhen No. 3 People's Hospital, Guangdong, China",DR,ChinaSet_AllFiles/CXR_png/CHNCXR_0386_1.png,,2947,3000,1,3,horizontal,uint8,8,stored,0.0,255.0,153.8917,69.379,177.0,0,,,,47,564,F,1,sufijo_del_nombre_de_archivo,secondary PTB  in the bilateral upper field,shcxr-lung-mask/mask/CHNCXR_0386_1.png,"Instituto Politecnico de Kiev (Stirenko et al. 2018), CC BY-NC-SA 4.0",aceptada,,
CHNCXR_0387_1,,,NLM-ChinaCXRSet,NLM 2014 (archivos 2024-08-28),"Shenzhen No. 3 People's Hospital, Guangdong, China",DR,ChinaSet_AllFiles/CXR_png/CHNCXR_0387_1.png,,2603,2516,1,3,vertical,uint8,8,stored,0.0,255.0,152.6711,54.3736,165.0,0,,,,34,408,M,1,sufijo_del_nombre_de_archivo,Right PTB,shcxr-lung-mask/mask/CHNCXR_0387_1.png,"Instituto Politecnico de Kiev (Stirenko et al. 2018), CC BY-NC-SA 4.0",aceptada,,
CHNCXR_0388_1,,,NLM-ChinaCXRSet,NLM 2014 (archivos 2024-08-28),"Shenzhen No. 3 People's Hospital, Guangdong, China",DR,ChinaSet_AllFiles/CXR_png/CHNCXR_0388_1.png,,2925,2773,1,3,vertical,uint8,8,stored,0.0,255.0,150.2554,64.3408,166.0,0,,,,18,216,M,1,sufijo_del_nombre_de_archivo,bilateral PTB,shcxr-lung-mask/mask/CHNCXR_0388_1.png,"Instituto Politecnico de Kiev (Stirenko et al. 2018), CC BY-NC-SA 4.0",aceptada,,
CHNCXR_0389_1,,,NLM-ChinaCXRSet,NLM 2014 (archivos 2024-08-28),"Shenzhen No. 3 People's Hospital, Guangdong, China",DR,ChinaSet_AllFiles/CXR_png/CHNCXR_0389_1.png,,3001,2763,1,3,vertical,uint8,8,stored,0.0,255.0,184.3979,59.5815,204.0,0,,,,63,756,M,1,sufijo_del_nombre_de_archivo,"Right pneumothorax, Right upper PTB, bilateral widespread infection",shcxr-lung-mask/mask/CHNCXR_0389_1.png,"Instituto Politecnico de Kiev (Stirenko et al. 2018), CC BY-NC-SA 4.0",aceptada,,
CHNCXR_0390_1,,,NLM-ChinaCXRSet,NLM 2014 (archivos 2024-08-28),"Shenzhen No. 3 People's Hospital, Guangdong, China",DR,ChinaSet_AllFiles/CXR_png/CHNCXR_0390_1.png,,2951,2824,1,3,vertical,uint8,8,stored,0.0,255.0,148.3351,64.7664,159.0,0,,,,25,300,M,1,sufijo_del_nombre_de_archivo,Right PTB,shcxr-lung-mask/mask/CHNCXR_0390_1.png,"Instituto Politecnico de Kiev (Stirenko et al. 2018), CC BY-NC-SA 4.0",aceptada,,
CHNCXR_0391_1,,,NLM-ChinaCXRSet,NLM 2014 (archivos 2024-08-28),"Shenzhen No. 3 People's Hospital, Guangdong, China",DR,ChinaSet_AllFiles/CXR_png/CHNCXR_0391_1.png,,2611,2227,1,3,vertical,uint8,8,stored,0.0,255.0,174.5462,68.4398,197.0,0,,,,67,804,F,1,sufijo_del_nombre_de_archivo,right upper pneumonia,shcxr-lung-mask/mask/CHNCXR_0391_1.png,"Instituto Politecnico de Kiev (Stirenko et al. 2018), CC BY-NC-SA 4.0",aceptada,,
CHNCXR_0392_1,,,NLM-ChinaCXRSet,NLM 2014 (archivos 2024-08-28),"Shenzhen No. 3 People's Hospital, Guangdong, China",DR,ChinaSet_AllFiles/CXR_png/CHNCXR_0392_1.png,,2722,2572,1,3,vertical,uint8,8,stored,0.0,255.0,146.3802,61.167,154.0,0,,,,28,336,M,1,sufijo_del_nombre_de_archivo,Right PTB,shcxr-lung-mask/mask/CHNCXR_0392_1.png,"Instituto Politecnico de Kiev (Stirenko et al. 2018), CC BY-NC-SA 4.0",aceptada,,
CHNCXR_0393_1,,,NLM-ChinaCXRSet,NLM 2014 (archivos 2024-08-28),"Shenzhen No. 3 People's Hospital, Guangdong, China",DR,ChinaSet_AllFiles/CXR_png/CHNCXR_0393_1.png,,2417,2479,1,3,horizontal,uint8,8,stored,0.0,255.0,149.7055,58.7495,162.0,0,,,,24,288,F,1,sufijo_del_nombre_de_archivo,"right upper PTB, pleural adhesions in  left lower field",shcxr-lung-mask/mask/CHNCXR_0393_1.png,"Instituto Politecnico de Kiev (Stirenko et al. 2018), CC BY-NC-SA 4.0",aceptada,,
CHNCXR_0394_1,,,NLM-ChinaCXRSet,NLM 2014 (archivos 2024-08-28),"Shenzhen No. 3 People's Hospital, Guangdong, China",DR,ChinaSet_AllFiles/CXR_png/CHNCXR_0394_1.png,,2955,2994,1,3,horizontal,uint8,8,stored,0.0,255.0,137.9887,69.5899,147.0,0,,,,45,540,M,1,sufijo_del_nombre_de_archivo,right upper PTB,shcxr-lung-mask/mask/CHNCXR_0394_1.png,"Instituto Politecnico de Kiev (Stirenko et al. 2018), CC BY-NC-SA 4.0",aceptada,,
CHNCXR_0395_1,,,NLM-ChinaCXRSet,NLM 2014 (archivos 2024-08-28),"Shenzhen No. 3 People's Hospital, Guangdong, China",DR,ChinaSet_AllFiles/CXR_png/CHNCXR_0395_1.png,,2904,2715,1,3,vertical,uint8,8,stored,0.0,255.0,174.0447,53.9631,189.0,0,,,,31,372,M,1,sufijo_del_nombre_de_archivo,"bilateral PTB, right pleurisy",shcxr-lung-mask/mask/CHNCXR_0395_1.png,"Instituto Politecnico de Kiev (Stirenko et al. 2018), CC BY-NC-SA 4.0",aceptada,,
CHNCXR_0396_1,,,NLM-ChinaCXRSet,NLM 2014 (archivos 2024-08-28),"Shenzhen No. 3 People's Hospital, Guangdong, China",DR,ChinaSet_AllFiles/CXR_png/CHNCXR_0396_1.png,,2900,2624,1,3,vertical,uint8,8,stored,0.0,255.0,144.8227,65.3583,153.0,0,,,,35,420,M,1,sufijo_del_nombre_de_archivo,right upper PTB,shcxr-lung-mask/mask/CHNCXR_0396_1.png,"Instituto Politecnico de Kiev (Stirenko et al. 2018), CC BY-NC-SA 4.0",aceptada,,
CHNCXR_0397_1,,,NLM-ChinaCXRSet,NLM 2014 (archivos 2024-08-28),"Shenzhen No. 3 People's Hospital, Guangdong, China",DR,ChinaSet_AllFiles/CXR_png/CHNCXR_0397_1.png,,2788,2537,1,3,vertical,uint8,8,stored,0.0,255.0,146.4406,67.9451,168.0,0,,,,32,384,F,1,sufijo_del_nombre_de_archivo,PTB in the right upper field,shcxr-lung-mask/mask/CHNCXR_0397_1.png,"Instituto Politecnico de Kiev (Stirenko et al. 2018), CC BY-NC-SA 4.0",aceptada,,
CHNCXR_0398_1,,,NLM-ChinaCXRSet,NLM 2014 (archivos 2024-08-28),"Shenzhen No. 3 People's Hospital, Guangdong, China",DR,ChinaSet_AllFiles/CXR_png/CHNCXR_0398_1.png,,2854,2344,1,3,vertical,uint8,8,stored,0.0,255.0,171.327,60.8302,189.0,0,,,,33,396,F,1,sufijo_del_nombre_de_archivo,PTB in the right upper field,shcxr-lung-mask/mask/CHNCXR_0398_1.png,"Instituto Politecnico de Kiev (Stirenko et al. 2018), CC BY-NC-SA 4.0",aceptada,,
CHNCXR_0399_1,,,NLM-ChinaCXRSet,NLM 2014 (archivos 2024-08-28),"Shenzhen No. 3 People's Hospital, Guangdong, China",DR,ChinaSet_AllFiles/CXR_png/CHNCXR_0399_1.png,,2948,2704,1,3,vertical,uint8,8,stored,0.0,255.0,150.6571,66.9912,169.0,0,,,,81,972,M,1,sufijo_del_nombre_de_archivo,PTB in the bilateral upper field,shcxr-lung-mask/mask/CHNCXR_0399_1.png,"Instituto Politecnico de Kiev (Stirenko et al. 2018), CC BY-NC-SA 4.0",aceptada,,
CHNCXR_0400_1,,,NLM-ChinaCXRSet,NLM 2014 (archivos 2024-08-28),"Shenzhen No. 3 People's Hospital, Guangdong, China",DR,ChinaSet_AllFiles/CXR_png/CHNCXR_0400_1.png,,2750,2710,1,3,vertical,uint8,8,stored,0.0,255.0,172.8161,61.1854,190.0,0,,,,28,336,F,1,sufijo_del_nombre_de_archivo,right upper PTB with fibrous changes,shcxr-lung-mask/mask/CHNCXR_0400_1.png,"Instituto Politecnico de Kiev (Stirenko et al. 2018), CC BY-NC-SA 4.0",aceptada,,
CHNCXR_0401_1,,,NLM-ChinaCXRSet,NLM 2014 (archivos 2024-08-28),"Shenzhen No. 3 People's Hospital, Guangdong, China",DR,ChinaSet_AllFiles/CXR_png/CHNCXR_0401_1.png,,2843,2370,1,3,vertical,uint8,8,stored,0.0,255.0,148.0577,65.8008,165.0,0,,,,60,720,F,1,sufijo_del_nombre_de_archivo,bilateral PTB,shcxr-lung-mask/mask/CHNCXR_0401_1.png,"Instituto Politecnico de Kiev (Stirenko et al. 2018), CC BY-NC-SA 4.0",aceptada,,
CHNCXR_0402_1,,,NLM-ChinaCXRSet,NLM 2014 (archivos 2024-08-28),"Shenzhen No. 3 People's Hospital, Guangdong, China",DR,ChinaSet_AllFiles/CXR_png/CHNCXR_0402_1.png,,2948,2610,1,3,vertical,uint8,8,stored,0.0,255.0,142.702,68.7548,161.0,0,,,,25,300,M,1,sufijo_del_nombre_de_archivo,Right PTB with fibrous changes,shcxr-lung-mask/mask/CHNCXR_0402_1.png,"Instituto Politecnico de Kiev (Stirenko et al. 2018), CC BY-NC-SA 4.0",aceptada,,
CHNCXR_0403_1,,,NLM-ChinaCXRSet,NLM 2014 (archivos 2024-08-28),"Shenzhen No. 3 People's Hospital, Guangdong, China",DR,ChinaSet_AllFiles/CXR_png/CHNCXR_0403_1.png,,2959,2792,1,3,vertical,uint8,8,stored,0.0,255.0,148.3942,64.3732,163.0,0,,,,32,384,M,1,sufijo_del_nombre_de_archivo,"bilateral PTB,  right upper lobe atelectasis",shcxr-lung-mask/mask/CHNCXR_0403_1.png,"Instituto Politecnico de Kiev (Stirenko et al. 2018), CC BY-NC-SA 4.0",aceptada,,
CHNCXR_0404_1,,,NLM-ChinaCXRSet,NLM 2014 (archivos 2024-08-28),"Shenzhen No. 3 People's Hospital, Guangdong, China",DR,ChinaSet_AllFiles/CXR_png/CHNCXR_0404_1.png,,2926,2460,1,3,vertical,uint8,8,stored,0.0,255.0,164.3939,57.7851,175.0,0,,,,19,228,M,1,sufijo_del_nombre_de_archivo,PTB in the bilateral upper field,shcxr-lung-mask/mask/CHNCXR_0404_1.png,"Instituto Politecnico de Kiev (Stirenko et al. 2018), CC BY-NC-SA 4.0",aceptada,,
CHNCXR_0405_1,,,NLM-ChinaCXRSet,NLM 2014 (archivos 2024-08-28),"Shenzhen No. 3 People's Hospital, Guangdong, China",DR,ChinaSet_AllFiles/CXR_png/CHNCXR_0405_1.png,,2914,2801,1,3,vertical,uint8,8,stored,0.0,255.0,171.755,58.1207,189.0,0,,,,44,528,M,1,sufijo_del_nombre_de_archivo,PTB in the left upper field,shcxr-lung-mask/mask/CHNCXR_0405_1.png,"Instituto Politecnico de Kiev (Stirenko et al. 2018), CC BY-NC-SA 4.0",aceptada,,
CHNCXR_0406_1,,,NLM-ChinaCXRSet,NLM 2014 (archivos 2024-08-28),"Shenzhen No. 3 People's Hospital, Guangdong, China",DR,ChinaSet_AllFiles/CXR_png/CHNCXR_0406_1.png,,2733,2384,1,3,vertical,uint8,8,stored,0.0,255.0,144.2833,66.5762,160.0,0,,,,29,348,F,1,sufijo_del_nombre_de_archivo,bilateral PTB,shcxr-lung-mask/mask/CHNCXR_0406_1.png,"Instituto Politecnico de Kiev (Stirenko et al. 2018), CC BY-NC-SA 4.0",aceptada,,
CHNCXR_0407_1,,,NLM-ChinaCXRSet,NLM 2014 (archivos 2024-08-28),"Shenzhen No. 3 People's Hospital, Guangdong, China",DR,ChinaSet_AllFiles/CXR_png/CHNCXR_0407_1.png,,2967,2983,1,3,horizontal,uint8,8,stored,0.0,255.0,135.4409,72.0788,151.0,0,,,,28,336,F,1,sufijo_del_nombre_de_archivo,PTB in the right upper field,shcxr-lung-mask/mask/CHNCXR_0407_1.png,"Instituto Politecnico de Kiev (Stirenko et al. 2018), CC BY-NC-SA 4.0",aceptada,,
CHNCXR_0408_1,,,NLM-ChinaCXRSet,NLM 2014 (archivos 2024-08-28),"Shenzhen No. 3 People's Hospital, Guangdong, China",DR,ChinaSet_AllFiles/CXR_png/CHNCXR_0408_1.png,,2970,3001,1,3,horizontal,uint8,8,stored,0.0,255.0,150.3302,66.7231,167.0,0,,,,30,360,M,1,sufijo_del_nombre_de_archivo,"bilateral PTB, with cavity formation in right upper field",shcxr-lung-mask/mask/CHNCXR_0408_1.png,"Instituto Politecnico de Kiev (Stirenko et al. 2018), CC BY-NC-SA 4.0",aceptada,,
CHNCXR_0409_1,,,NLM-ChinaCXRSet,NLM 2014 (archivos 2024-08-28),"Shenzhen No. 3 People's Hospital, Guangdong, China",DR,ChinaSet_AllFiles/CXR_png/CHNCXR_0409_1.png,,2938,2758,1,3,vertical,uint8,8,stored,0.0,255.0,170.3182,55.7353,185.0,0,,,,33,396,F,1,sufijo_del_nombre_de_archivo,PTB in the bilateral upper field,shcxr-lung-mask/mask/CHNCXR_0409_1.png,"Instituto Politecnico de Kiev (Stirenko et al. 2018), CC BY-NC-SA 4.0",aceptada,,
CHNCXR_0410_1,,,NLM-ChinaCXRSet,NLM 2014 (archivos 2024-08-28),"Shenzhen No. 3 People's Hospital, Guangdong, China",DR,ChinaSet_AllFiles/CXR_png/CHNCXR_0410_1.png,,2691,2545,1,3,vertical,uint8,8,stored,0.0,255.0,173.8905,57.1263,191.0,0,,,,18,216,F,1,sufijo_del_nombre_de_archivo,secondary PTB  in the bilateral upper fields,shcxr-lung-mask/mask/CHNCXR_0410_1.png,"Instituto Politecnico de Kiev (Stirenko et al. 2018), CC BY-NC-SA 4.0",aceptada,,
CHNCXR_0411_1,,,NLM-ChinaCXRSet,NLM 2014 (archivos 2024-08-28),"Shenzhen No. 3 People's Hospital, Guangdong, China",DR,ChinaSet_AllFiles/CXR_png/CHNCXR_0411_1.png,,2944,2994,1,3,horizontal,uint8,8,stored,0.0,255.0,143.2293,71.1206,165.0,0,,,,38,456,M,1,sufijo_del_nombre_de_archivo,left secondary PTB,shcxr-lung-mask/mask/CHNCXR_0411_1.png,"Instituto Politecnico de Kiev (Stirenko et al. 2018), CC BY-NC-SA 4.0",aceptada,,
CHNCXR_0412_1,,,NLM-ChinaCXRSet,NLM 2014 (archivos 2024-08-28),"Shenzhen No. 3 People's Hospital, Guangdong, China",DR,ChinaSet_AllFiles/CXR_png/CHNCXR_0412_1.png,,2943,2993,1,3,horizontal,uint8,8,stored,0.0,255.0,139.4264,73.6052,160.0,0,,,,39,468,F,1,sufijo_del_nombre_de_archivo,secondary PTB  in the right upper field,shcxr-lung-mask/mask/CHNCXR_0412_1.png,"Instituto Politecnico de Kiev (Stirenko et al. 2018), CC BY-NC-SA 4.0",aceptada,,
CHNCXR_0413_1,,,NLM-ChinaCXRSet,NLM 2014 (archivos 2024-08-28),"Shenzhen No. 3 People's Hospital, Guangdong, China",DR,ChinaSet_AllFiles/CXR_png/CHNCXR_0413_1.png,,2990,2493,1,3,vertical,uint8,8,stored,0.0,255.0,168.5576,70.6955,191.0,0,,,,20,240,F,1,sufijo_del_nombre_de_archivo,PTB in the right upper field,shcxr-lung-mask/mask/CHNCXR_0413_1.png,"Instituto Politecnico de Kiev (Stirenko et al. 2018), CC BY-NC-SA 4.0",aceptada,,
CHNCXR_0414_1,,,NLM-ChinaCXRSet,NLM 2014 (archivos 2024-08-28),"Shenzhen No. 3 People's Hospital, Guangdong, China",DR,ChinaSet_AllFiles/CXR_png/CHNCXR_0414_1.png,,2693,2544,1,3,vertical,uint8,8,stored,0.0,255.0,186.627,47.7253,199.0,0,,,,31,372,M,1,sufijo_del_nombre_de_archivo,Right PTB,shcxr-lung-mask/mask/CHNCXR_0414_1.png,"Instituto Politecnico de Kiev (Stirenko et al. 2018), CC BY-NC-SA 4.0",aceptada,,
CHNCXR_0415_1,,,NLM-ChinaCXRSet,NLM 2014 (archivos 2024-08-28),"Shenzhen No. 3 People's Hospital, Guangdong, China",DR,ChinaSet_AllFiles/CXR_png/CHNCXR_0415_1.png,,2988,2517,1,3,vertical,uint8,8,stored,0.0,255.0,177.4762,61.3253,192.0,0,,,,23,276,M,1,sufijo_del_nombre_de_archivo,PTB in the right upper field,shcxr-lung-mask/mask/CHNCXR_0415_1.png,"Instituto Politecnico de Kiev (Stirenko et al. 2018), CC BY-NC-SA 4.0",aceptada,,
CHNCXR_0416_1,,,NLM-ChinaCXRSet,NLM 2014 (archivos 2024-08-28),"Shenzhen No. 3 People's Hospital, Guangdong, China",DR,ChinaSet_AllFiles/CXR_png/CHNCXR_0416_1.png,,2875,2523,1,3,vertical,uint8,8,stored,0.0,255.0,173.4081,56.8082,189.0,0,,,,61,732,F,1,sufijo_del_nombre_de_archivo,PTB in the right upper field,shcxr-lung-mask/mask/CHNCXR_0416_1.png,"Instituto Politecnico de Kiev (Stirenko et al. 2018), CC BY-NC-SA 4.0",aceptada,,
CHNCXR_0417_1,,,NLM-ChinaCXRSet,NLM 2014 (archivos 2024-08-28),"Shenzhen No. 3 People's Hospital, Guangdong, China",DR,ChinaSet_AllFiles/CXR_png/CHNCXR_0417_1.png,,2957,2747,1,3,vertical,uint8,8,stored,0.0,255.0,166.0496,59.3421,179.0,0,,,,67,804,M,1,sufijo_del_nombre_de_archivo,"PTB in the right upper field,COPD",shcxr-lung-mask/mask/CHNCXR_0417_1.png,"Instituto Politecnico de Kiev (Stirenko et al. 2018), CC BY-NC-SA 4.0",aceptada,,
CHNCXR_0418_1,,,NLM-ChinaCXRSet,NLM 2014 (archivos 2024-08-28),"Shenzhen No. 3 People's Hospital, Guangdong, China",DR,ChinaSet_AllFiles/CXR_png/CHNCXR_0418_1.png,,2944,2720,1,3,vertical,uint8,8,stored,0.0,255.0,168.5996,57.3617,182.0,0,,,,32,384,M,1,sufijo_del_nombre_de_archivo,PTB in the right upper field,shcxr-lung-mask/mask/CHNCXR_0418_1.png,"Instituto Politecnico de Kiev (Stirenko et al. 2018), CC BY-NC-SA 4.0",aceptada,,
CHNCXR_0419_1,,,NLM-ChinaCXRSet,NLM 2014 (archivos 2024-08-28),"Shenzhen No. 3 People's Hospital, Guangdong, China",DR,ChinaSet_AllFiles/CXR_png/CHNCXR_0419_1.png,,2954,2477,1,3,vertical,uint8,8,stored,0.0,255.0,174.6669,60.8525,193.0,0,,,,40,480,F,1,sufijo_del_nombre_de_archivo,secondary PTB  in the bilateral upper field,shcxr-lung-mask/mask/CHNCXR_0419_1.png,"Instituto Politecnico de Kiev (Stirenko et al. 2018), CC BY-NC-SA 4.0",aceptada,,
CHNCXR_0420_1,,,NLM-ChinaCXRSet,NLM 2014 (archivos 2024-08-28),"Shenzhen No. 3 People's Hospital, Guangdong, China",DR,ChinaSet_AllFiles/CXR_png/CHNCXR_0420_1.png,,3000,2844,1,3,vertical,uint8,8,stored,0.0,255.0,165.684,60.6952,178.0,0,,,,27,324,M,1,sufijo_del_nombre_de_archivo,secondary PTB  in the left upper field,shcxr-lung-mask/mask/CHNCXR_0420_1.png,"Instituto Politecnico de Kiev (Stirenko et al. 2018), CC BY-NC-SA 4.0",aceptada,,
CHNCXR_0421_1,,,NLM-ChinaCXRSet,NLM 2014 (archivos 2024-08-28),"Shenzhen No. 3 People's Hospital, Guangdong, China",DR,ChinaSet_AllFiles/CXR_png/CHNCXR_0421_1.png,,2995,3000,1,3,horizontal,uint8,8,stored,0.0,255.0,168.3764,58.8362,179.0,0,,,,49,588,M,1,sufijo_del_nombre_de_archivo,PTB in the right upper field,shcxr-lung-mask/mask/CHNCXR_0421_1.png,"Instituto Politecnico de Kiev (Stirenko et al. 2018), CC BY-NC-SA 4.0",aceptada,,
CHNCXR_0422_1,,,NLM-ChinaCXRSet,NLM 2014 (archivos 2024-08-28),"Shenzhen No. 3 People's Hospital, Guangdong, China",DR,ChinaSet_AllFiles/CXR_png/CHNCXR_0422_1.png,,2953,3001,1,3,horizontal,uint8,8,stored,0.0,255.0,143.8718,70.4205,164.0,0,,,,28,336,M,1,sufijo_del_nombre_de_archivo,PTB in the bilateral upper field,shcxr-lung-mask/mask/CHNCXR_0422_1.png,"Instituto Politecnico de Kiev (Stirenko et al. 2018), CC BY-NC-SA 4.0",aceptada,,
CHNCXR_0423_1,,,NLM-ChinaCXRSet,NLM 2014 (archivos 2024-08-28),"Shenzhen No. 3 People's Hospital, Guangdong, China",DR,ChinaSet_AllFiles/CXR_png/CHNCXR_0423_1.png,,2951,2993,1,3,horizontal,uint8,8,stored,0.0,255.0,144.6448,69.6345,162.0,0,,,,50,600,M,1,sufijo_del_nombre_de_archivo,Bilateral secondary PTB,shcxr-lung-mask/mask/CHNCXR_0423_1.png,"Instituto Politecnico de Kiev (Stirenko et al. 2018), CC BY-NC-SA 4.0",aceptada,,
CHNCXR_0424_1,,,NLM-ChinaCXRSet,NLM 2014 (archivos 2024-08-28),"Shenzhen No. 3 People's Hospital, Guangdong, China",DR,ChinaSet_AllFiles/CXR_png/CHNCXR_0424_1.png,,2944,2980,1,3,horizontal,uint8,8,stored,0.0,255.0,144.0328,75.2279,168.0,0,,,,35,420,F,1,sufijo_del_nombre_de_archivo,"right secondary PTB, right pleurisy with  pleural effusion",shcxr-lung-mask/mask/CHNCXR_0424_1.png,"Instituto Politecnico de Kiev (Stirenko et al. 2018), CC BY-NC-SA 4.0",aceptada,,
CHNCXR_0425_1,,,NLM-ChinaCXRSet,NLM 2014 (archivos 2024-08-28),"Shenzhen No. 3 People's Hospital, Guangdong, China",DR,ChinaSet_AllFiles/CXR_png/CHNCXR_0425_1.png,,2946,2994,1,3,horizontal,uint8,8,stored,0.0,255.0,145.0904,69.6262,160.0,0,,,,43,516,M,1,sufijo_del_nombre_de_archivo,Bilateral secondary PTB,shcxr-lung-mask/mask/CHNCXR_0425_1.png,"Instituto Politecnico de Kiev (Stirenko et al. 2018), CC BY-NC-SA 4.0",aceptada,,
CHNCXR_0426_1,,,NLM-ChinaCXRSet,NLM 2014 (archivos 2024-08-28),"Shenzhen No. 3 People's Hospital, Guangdong, China",DR,ChinaSet_AllFiles/CXR_png/CHNCXR_0426_1.png,,2813,2540,1,3,vertical,uint8,8,stored,0.0,255.0,162.9761,52.2832,171.0,0,,,,33,396,M,1,sufijo_del_nombre_de_archivo,PTB in the right upper field,shcxr-lung-mask/mask/CHNCXR_0426_1.png,"Instituto Politecnico de Kiev (Stirenko et al. 2018), CC BY-NC-SA 4.0",aceptada,,
CHNCXR_0427_1,,,NLM-ChinaCXRSet,NLM 2014 (archivos 2024-08-28),"Shenzhen No. 3 People's Hospital, Guangdong, China",DR,ChinaSet_AllFiles/CXR_png/CHNCXR_0427_1.png,,2945,2993,1,3,horizontal,uint8,8,stored,0.0,255.0,138.2907,70.9711,157.0,0,,,,24,288,M,1,sufijo_del_nombre_de_archivo,secondary PTB  in the right upper field,shcxr-lung-mask/mask/CHNCXR_0427_1.png,"Instituto Politecnico de Kiev (Stirenko et al. 2018), CC BY-NC-SA 4.0",aceptada,,
CHNCXR_0428_1,,,NLM-ChinaCXRSet,NLM 2014 (archivos 2024-08-28),"Shenzhen No. 3 People's Hospital, Guangdong, China",DR,ChinaSet_AllFiles/CXR_png/CHNCXR_0428_1.png,,2948,2962,1,3,horizontal,uint8,8,stored,0.0,255.0,136.7612,74.1895,152.0,0,,,,39,468,F,1,sufijo_del_nombre_de_archivo,secondary PTB  in the right upper field,shcxr-lung-mask/mask/CHNCXR_0428_1.png,"Instituto Politecnico de Kiev (Stirenko et al. 2018), CC BY-NC-SA 4.0",aceptada,,
CHNCXR_0429_1,,,NLM-ChinaCXRSet,NLM 2014 (archivos 2024-08-28),"Shenzhen No. 3 People's Hospital, Guangdong, China",DR,ChinaSet_AllFiles/CXR_png/CHNCXR_0429_1.png,,2947,2990,1,3,horizontal,uint8,8,stored,0.0,255.0,145.3775,73.0635,167.0,0,,,,27,324,F,1,sufijo_del_nombre_de_archivo,secondary PTB  in the bilateral upper field,shcxr-lung-mask/mask/CHNCXR_0429_1.png,"Instituto Politecnico de Kiev (Stirenko et al. 2018), CC BY-NC-SA 4.0",aceptada,,
CHNCXR_0430_1,,,NLM-ChinaCXRSet,NLM 2014 (archivos 2024-08-28),"Shenzhen No. 3 People's Hospital, Guangdong, China",DR,ChinaSet_AllFiles/CXR_png/CHNCXR_0430_1.png,,2944,2995,1,3,horizontal,uint8,8,stored,0.0,255.0,147.4824,75.1516,170.0,0,,,,48,576,F,1,sufijo_del_nombre_de_archivo,PTB in the right upper field,shcxr-lung-mask/mask/CHNCXR_0430_1.png,"Instituto Politecnico de Kiev (Stirenko et al. 2018), CC BY-NC-SA 4.0",aceptada,,
CHNCXR_0431_1,,,NLM-ChinaCXRSet,NLM 2014 (archivos 2024-08-28),"Shenzhen No. 3 People's Hospital, Guangdong, China",DR,ChinaSet_AllFiles/CXR_png/CHNCXR_0431_1.png,,2952,2993,1,3,horizontal,uint8,8,stored,0.0,255.0,135.2502,71.1937,143.0,0,,,,24,288,M,1,sufijo_del_nombre_de_archivo,bilateral PTB,shcxr-lung-mask/mask/CHNCXR_0431_1.png,"Instituto Politecnico de Kiev (Stirenko et al. 2018), CC BY-NC-SA 4.0",aceptada,,
CHNCXR_0432_1,,,NLM-ChinaCXRSet,NLM 2014 (archivos 2024-08-28),"Shenzhen No. 3 People's Hospital, Guangdong, China",DR,ChinaSet_AllFiles/CXR_png/CHNCXR_0432_1.png,,2940,2980,1,3,horizontal,uint8,8,stored,0.0,255.0,141.6019,71.8621,157.0,0,,,,30,360,M,1,sufijo_del_nombre_de_archivo,Bilateral secondary PTB,shcxr-lung-mask/mask/CHNCXR_0432_1.png,"Instituto Politecnico de Kiev (Stirenko et al. 2018), CC BY-NC-SA 4.0",aceptada,,
CHNCXR_0433_1,,,NLM-ChinaCXRSet,NLM 2014 (archivos 2024-08-28),"Shenzhen No. 3 People's Hospital, Guangdong, China",DR,ChinaSet_AllFiles/CXR_png/CHNCXR_0433_1.png,,2942,3001,1,3,horizontal,uint8,8,stored,0.0,255.0,147.1583,66.7932,164.0,0,,,,26,312,M,1,sufijo_del_nombre_de_archivo,Right PTB,shcxr-lung-mask/mask/CHNCXR_0433_1.png,"Instituto Politecnico de Kiev (Stirenko et al. 2018), CC BY-NC-SA 4.0",aceptada,,
CHNCXR_0434_1,,,NLM-ChinaCXRSet,NLM 2014 (archivos 2024-08-28),"Shenzhen No. 3 People's Hospital, Guangdong, China",DR,ChinaSet_AllFiles/CXR_png/CHNCXR_0434_1.png,,2943,2972,1,3,horizontal,uint8,8,stored,0.0,255.0,138.0919,71.8407,156.0,0,,,,28,336,M,1,sufijo_del_nombre_de_archivo,secondary PTB  in the left upper field,shcxr-lung-mask/mask/CHNCXR_0434_1.png,"Instituto Politecnico de Kiev (Stirenko et al. 2018), CC BY-NC-SA 4.0",aceptada,,
CHNCXR_0435_1,,,NLM-ChinaCXRSet,NLM 2014 (archivos 2024-08-28),"Shenzhen No. 3 People's Hospital, Guangdong, China",DR,ChinaSet_AllFiles/CXR_png/CHNCXR_0435_1.png,,2416,2533,1,3,horizontal,uint8,8,stored,0.0,255.0,151.9371,55.3901,165.0,0,,,,22,264,M,1,sufijo_del_nombre_de_archivo,"left upper PTB, left pleurisy",shcxr-lung-mask/mask/CHNCXR_0435_1.png,"Instituto Politecnico de Kiev (Stirenko et al. 2018), CC BY-NC-SA 4.0",aceptada,,
CHNCXR_0436_1,,,NLM-ChinaCXRSet,NLM 2014 (archivos 2024-08-28),"Shenzhen No. 3 People's Hospital, Guangdong, China",DR,ChinaSet_AllFiles/CXR_png/CHNCXR_0436_1.png,,2954,2851,1,3,vertical,uint8,8,stored,0.0,255.0,154.756,65.7287,177.0,0,,,,21,252,M,1,sufijo_del_nombre_de_archivo,right upper PTB,shcxr-lung-mask/mask/CHNCXR_0436_1.png,"Instituto Politecnico de Kiev (Stirenko et al. 2018), CC BY-NC-SA 4.0",aceptada,,
CHNCXR_0437_1,,,NLM-ChinaCXRSet,NLM 2014 (archivos 2024-08-28),"Shenzhen No. 3 People's Hospital, Guangdong, China",DR,ChinaSet_AllFiles/CXR_png/CHNCXR_0437_1.png,,2308,2184,1,3,vertical,uint8,8,stored,0.0,255.0,152.9066,56.4898,165.0,0,,,,39,468,F,1,sufijo_del_nombre_de_archivo,PTB in the left upper field,shcxr-lung-mask/mask/CHNCXR_0437_1.png,"Instituto Politecnico de Kiev (Stirenko et al. 2018), CC BY-NC-SA 4.0",aceptada,,
CHNCXR_0438_1,,,NLM-ChinaCXRSet,NLM 2014 (archivos 2024-08-28),"Shenzhen No. 3 People's Hospital, Guangdong, China",DR,ChinaSet_AllFiles/CXR_png/CHNCXR_0438_1.png,,2417,2618,1,3,horizontal,uint8,8,stored,0.0,255.0,157.628,56.7462,176.0,0,,,,31,372,M,1,sufijo_del_nombre_de_archivo,left PTB,shcxr-lung-mask/mask/CHNCXR_0438_1.png,"Instituto Politecnico de Kiev (Stirenko et al. 2018), CC BY-NC-SA 4.0",aceptada,,
CHNCXR_0439_1,,,NLM-ChinaCXRSet,NLM 2014 (archivos 2024-08-28),"Shenzhen No. 3 People's Hospital, Guangdong, China",DR,ChinaSet_AllFiles/CXR_png/CHNCXR_0439_1.png,,2949,2989,1,3,horizontal,uint8,8,stored,0.0,255.0,156.4797,62.0104,173.0,0,,,,34,408,M,1,sufijo_del_nombre_de_archivo,bilateral PTB,shcxr-lung-mask/mask/CHNCXR_0439_1.png,"Instituto Politecnico de Kiev (Stirenko et al. 2018), CC BY-NC-SA 4.0",aceptada,,
CHNCXR_0440_1,,,NLM-ChinaCXRSet,NLM 2014 (archivos 2024-08-28),"Shenzhen No. 3 People's Hospital, Guangdong, China",DR,ChinaSet_AllFiles/CXR_png/CHNCXR_0440_1.png,,2620,2435,1,3,vertical,uint8,8,stored,0.0,255.0,183.8402,59.9806,206.0,0,,,,31,372,F,1,sufijo_del_nombre_de_archivo,right upper PTB,shcxr-lung-mask/mask/CHNCXR_0440_1.png,"Instituto Politecnico de Kiev (Stirenko et al. 2018), CC BY-NC-SA 4.0",aceptada,,
CHNCXR_0441_1,,,NLM-ChinaCXRSet,NLM 2014 (archivos 2024-08-28),"Shenzhen No. 3 People's Hospital, Guangdong, China",DR,ChinaSet_AllFiles/CXR_png/CHNCXR_0441_1.png,,2974,2631,1,3,vertical,uint8,8,stored,0.0,255.0,150.2135,71.9774,173.0,0,,,,63,756,M,1,sufijo_del_nombre_de_archivo,"right PTB,right pneumothorax",shcxr-lung-mask/mask/CHNCXR_0441_1.png,"Instituto Politecnico de Kiev (Stirenko et al. 2018), CC BY-NC-SA 4.0",aceptada,,
CHNCXR_0442_1,,,NLM-ChinaCXRSet,NLM 2014 (archivos 2024-08-28),"Shenzhen No. 3 People's Hospital, Guangdong, China",DR,ChinaSet_AllFiles/CXR_png/CHNCXR_0442_1.png,,2951,2879,1,3,vertical,uint8,8,stored,0.0,255.0,149.5102,67.3148,170.0,0,,,,27,324,M,1,sufijo_del_nombre_de_archivo,right upper PTB,shcxr-lung-mask/mask/CHNCXR_0442_1.png,"Instituto Politecnico de Kiev (Stirenko et al. 2018), CC BY-NC-SA 4.0",aceptada,,
CHNCXR_0443_1,,,NLM-ChinaCXRSet,NLM 2014 (archivos 2024-08-28),"Shenzhen No. 3 People's Hospital, Guangdong, China",DR,ChinaSet_AllFiles/CXR_png/CHNCXR_0443_1.png,,2990,2997,1,3,horizontal,uint8,8,stored,0.0,255.0,137.1082,74.1785,155.0,0,,,,36,432,M,1,sufijo_del_nombre_de_archivo,right upper PTB,shcxr-lung-mask/mask/CHNCXR_0443_1.png,"Instituto Politecnico de Kiev (Stirenko et al. 2018), CC BY-NC-SA 4.0",aceptada,,
CHNCXR_0444_1,,,NLM-ChinaCXRSet,NLM 2014 (archivos 2024-08-28),"Shenzhen No. 3 People's Hospital, Guangdong, China",DR,ChinaSet_AllFiles/CXR_png/CHNCXR_0444_1.png,,2987,2980,1,3,vertical,uint8,8,stored,0.0,255.0,144.4028,69.7229,165.0,0,,,,15,180,M,1,sufijo_del_nombre_de_archivo,left PTB,shcxr-lung-mask/mask/CHNCXR_0444_1.png,"Instituto Politecnico de Kiev (Stirenko et al. 2018), CC BY-NC-SA 4.0",aceptada,,
CHNCXR_0445_1,,,NLM-ChinaCXRSet,NLM 2014 (archivos 2024-08-28),"Shenzhen No. 3 People's Hospital, Guangdong, China",DR,ChinaSet_AllFiles/CXR_png/CHNCXR_0445_1.png,,2989,2996,1,3,horizontal,uint8,8,stored,0.0,255.0,138.0255,71.3228,149.0,0,,,,31,372,M,1,sufijo_del_nombre_de_archivo,Right PTB,shcxr-lung-mask/mask/CHNCXR_0445_1.png,"Instituto Politecnico de Kiev (Stirenko et al. 2018), CC BY-NC-SA 4.0",aceptada,,
CHNCXR_0446_1,,,NLM-ChinaCXRSet,NLM 2014 (archivos 2024-08-28),"Shenzhen No. 3 People's Hospital, Guangdong, China",DR,ChinaSet_AllFiles/CXR_png/CHNCXR_0446_1.png,,2925,3000,1,3,horizontal,uint8,8,stored,0.0,255.0,155.5252,67.8589,176.0,0,,,,26,312,F,1,sufijo_del_nombre_de_archivo,Bilateral secondary PTB,shcxr-lung-mask/mask/CHNCXR_0446_1.png,"Instituto Politecnico de Kiev (Stirenko et al. 2018), CC BY-NC-SA 4.0",aceptada,,
CHNCXR_0447_1,,,NLM-ChinaCXRSet,NLM 2014 (archivos 2024-08-28),"Shenzhen No. 3 People's Hospital, Guangdong, China",DR,ChinaSet_AllFiles/CXR_png/CHNCXR_0447_1.png,,2958,2630,1,3,vertical,uint8,8,stored,0.0,255.0,147.7928,70.1167,171.0,0,,,,56,672,M,1,sufijo_del_nombre_de_archivo,Bilateral secondary PTB,shcxr-lung-mask/mask/CHNCXR_0447_1.png,"Instituto Politecnico de Kiev (Stirenko et al. 2018), CC BY-NC-SA 4.0",aceptada,,
CHNCXR_0448_1,,,NLM-ChinaCXRSet,NLM 2014 (archivos 2024-08-28),"Shenzhen No. 3 People's Hospital, Guangdong, China",DR,ChinaSet_AllFiles/CXR_png/CHNCXR_0448_1.png,,2521,2107,1,3,vertical,uint8,8,stored,0.0,255.0,140.0553,69.3375,152.0,0,,,,78,936,F,1,sufijo_del_nombre_de_archivo,Bilateral secondary PTB,shcxr-lung-mask/mask/CHNCXR_0448_1.png,"Instituto Politecnico de Kiev (Stirenko et al. 2018), CC BY-NC-SA 4.0",aceptada,,
CHNCXR_0449_1,,,NLM-ChinaCXRSet,NLM 2014 (archivos 2024-08-28),"Shenzhen No. 3 People's Hospital, Guangdong, China",DR,ChinaSet_AllFiles/CXR_png/CHNCXR_0449_1.png,,2999,2996,1,3,vertical,uint8,8,stored,0.0,255.0,153.4938,66.7261,170.0,0,,,,35,420,M,1,sufijo_del_nombre_de_archivo,Bilateral secondary PTB,shcxr-lung-mask/mask/CHNCXR_0449_1.png,"Instituto Politecnico de Kiev (Stirenko et al. 2018), CC BY-NC-SA 4.0",aceptada,,
CHNCXR_0450_1,,,NLM-ChinaCXRSet,NLM 2014 (archivos 2024-08-28),"Shenzhen No. 3 People's Hospital, Guangdong, China",DR,ChinaSet_AllFiles/CXR_png/CHNCXR_0450_1.png,,2945,2992,1,3,horizontal,uint8,8,stored,0.0,255.0,124.2552,75.0478,136.0,0,,,,22,264,F,1,sufijo_del_nombre_de_archivo,right secondary PTB,shcxr-lung-mask/mask/CHNCXR_0450_1.png,"Instituto Politecnico de Kiev (Stirenko et al. 2018), CC BY-NC-SA 4.0",aceptada,,
CHNCXR_0451_1,,,NLM-ChinaCXRSet,NLM 2014 (archivos 2024-08-28),"Shenzhen No. 3 People's Hospital, Guangdong, China",DR,ChinaSet_AllFiles/CXR_png/CHNCXR_0451_1.png,,2951,2831,1,3,vertical,uint8,8,stored,0.0,255.0,156.9735,65.4125,177.0,0,,,,32,384,M,1,sufijo_del_nombre_de_archivo,right secondary PTB,shcxr-lung-mask/mask/CHNCXR_0451_1.png,"Instituto Politecnico de Kiev (Stirenko et al. 2018), CC BY-NC-SA 4.0",aceptada,,
CHNCXR_0452_1,,,NLM-ChinaCXRSet,NLM 2014 (archivos 2024-08-28),"Shenzhen No. 3 People's Hospital, Guangdong, China",DR,ChinaSet_AllFiles/CXR_png/CHNCXR_0452_1.png,,2804,2423,1,3,vertical,uint8,8,stored,0.0,255.0,143.796,62.9164,152.0,0,,,,21,252,F,1,sufijo_del_nombre_de_archivo,Bilateral secondary PTB,shcxr-lung-mask/mask/CHNCXR_0452_1.png,"Instituto Politecnico de Kiev (Stirenko et al. 2018), CC BY-NC-SA 4.0",aceptada,,
CHNCXR_0453_1,,,NLM-ChinaCXRSet,NLM 2014 (archivos 2024-08-28),"Shenzhen No. 3 People's Hospital, Guangdong, China",DR,ChinaSet_AllFiles/CXR_png/CHNCXR_0453_1.png,,2958,2992,1,3,horizontal,uint8,8,stored,0.0,255.0,127.4043,75.7216,143.0,0,,,,33,396,F,1,sufijo_del_nombre_de_archivo,right secondary PTB,shcxr-lung-mask/mask/CHNCXR_0453_1.png,"Instituto Politecnico de Kiev (Stirenko et al. 2018), CC BY-NC-SA 4.0",aceptada,,
CHNCXR_0454_1,,,NLM-ChinaCXRSet,NLM 2014 (archivos 2024-08-28),"Shenzhen No. 3 People's Hospital, Guangdong, China",DR,ChinaSet_AllFiles/CXR_png/CHNCXR_0454_1.png,,2896,2599,1,3,vertical,uint8,8,stored,0.0,255.0,143.9823,65.3548,152.0,0,,,,44,528,M,1,sufijo_del_nombre_de_archivo,right upper field PTB,shcxr-lung-mask/mask/CHNCXR_0454_1.png,"Instituto Politecnico de Kiev (Stirenko et al. 2018), CC BY-NC-SA 4.0",aceptada,,
CHNCXR_0455_1,,,NLM-ChinaCXRSet,NLM 2014 (archivos 2024-08-28),"Shenzhen No. 3 People's Hospital, Guangdong, China",DR,ChinaSet_AllFiles/CXR_png/CHNCXR_0455_1.png,,2960,2986,1,3,horizontal,uint8,8,stored,0.0,255.0,156.9402,81.2049,190.0,0,,,,78,936,F,1,sufijo_del_nombre_de_archivo,right secondary PTB  with bilateral  pleurisy,shcxr-lung-mask/mask/CHNCXR_0455_1.png,"Instituto Politecnico de Kiev (Stirenko et al. 2018), CC BY-NC-SA 4.0",aceptada,,
CHNCXR_0456_1,,,NLM-ChinaCXRSet,NLM 2014 (archivos 2024-08-28),"Shenzhen No. 3 People's Hospital, Guangdong, China",DR,ChinaSet_AllFiles/CXR_png/CHNCXR_0456_1.png,,2599,2400,1,3,vertical,uint8,8,stored,0.0,255.0,170.7834,57.1187,184.0,0,,,,28,336,F,1,sufijo_del_nombre_de_archivo,bilateral PTB,shcxr-lung-mask/mask/CHNCXR_0456_1.png,"Instituto Politecnico de Kiev (Stirenko et al. 2018), CC BY-NC-SA 4.0",aceptada,,
CHNCXR_0457_1,,,NLM-ChinaCXRSet,NLM 2014 (archivos 2024-08-28),"Shenzhen No. 3 People's Hospital, Guangdong, China",DR,ChinaSet_AllFiles/CXR_png/CHNCXR_0457_1.png,,2795,2598,1,3,vertical,uint8,8,stored,0.0,255.0,152.233,63.793,168.0,0,,,,31,372,F,1,sufijo_del_nombre_de_archivo,Bilateral secondary PTB,shcxr-lung-mask/mask/CHNCXR_0457_1.png,"Instituto Politecnico de Kiev (Stirenko et al. 2018), CC BY-NC-SA 4.0",aceptada,,
CHNCXR_0458_1,,,NLM-ChinaCXRSet,NLM 2014 (archivos 2024-08-28),"Shenzhen No. 3 People's Hospital, Guangdong, China",DR,ChinaSet_AllFiles/CXR_png/CHNCXR_0458_1.png,,2955,2744,1,3,vertical,uint8,8,stored,0.0,255.0,146.2569,65.1498,161.0,0,,,,36,432,M,1,sufijo_del_nombre_de_archivo,Bilateral secondary PTB,shcxr-lung-mask/mask/CHNCXR_0458_1.png,"Instituto Politecnico de Kiev (Stirenko et al. 2018), CC BY-NC-SA 4.0",aceptada,,
CHNCXR_0459_1,,,NLM-ChinaCXRSet,NLM 2014 (archivos 2024-08-28),"Shenzhen No. 3 People's Hospital, Guangdong, China",DR,ChinaSet_AllFiles/CXR_png/CHNCXR_0459_1.png,,2867,2408,1,3,vertical,uint8,8,stored,0.0,255.0,143.6934,66.0963,155.0,0,,,,59,708,F,1,sufijo_del_nombre_de_archivo,bilateral PTB,shcxr-lung-mask/mask/CHNCXR_0459_1.png,"Instituto Politecnico de Kiev (Stirenko et al. 2018), CC BY-NC-SA 4.0",aceptada,,
CHNCXR_0460_1,,,NLM-ChinaCXRSet,NLM 2014 (archivos 2024-08-28),"Shenzhen No. 3 People's Hospital, Guangdong, China",DR,ChinaSet_AllFiles/CXR_png/CHNCXR_0460_1.png,,2930,2773,1,3,vertical,uint8,8,stored,0.0,255.0,145.52,67.8133,159.0,0,,,,41,492,M,1,sufijo_del_nombre_de_archivo,left PTB,shcxr-lung-mask/mask/CHNCXR_0460_1.png,"Instituto Politecnico de Kiev (Stirenko et al. 2018), CC BY-NC-SA 4.0",aceptada,,
CHNCXR_0461_1,,,NLM-ChinaCXRSet,NLM 2014 (archivos 2024-08-28),"Shenzhen No. 3 People's Hospital, Guangdong, China",DR,ChinaSet_AllFiles/CXR_png/CHNCXR_0461_1.png,,2939,3000,1,3,horizontal,uint8,8,stored,0.0,255.0,155.6858,62.2913,170.0,0,,,,34,408,M,1,sufijo_del_nombre_de_archivo,right secondary PTB,shcxr-lung-mask/mask/CHNCXR_0461_1.png,"Instituto Politecnico de Kiev (Stirenko et al. 2018), CC BY-NC-SA 4.0",aceptada,,
CHNCXR_0462_1,,,NLM-ChinaCXRSet,NLM 2014 (archivos 2024-08-28),"Shenzhen No. 3 People's Hospital, Guangdong, China",DR,ChinaSet_AllFiles/CXR_png/CHNCXR_0462_1.png,,2978,2542,1,3,vertical,uint8,8,stored,0.0,255.0,148.5155,63.7245,161.0,0,,,,29,348,M,1,sufijo_del_nombre_de_archivo,secondary PTB  in the left upper field,shcxr-lung-mask/mask/CHNCXR_0462_1.png,"Instituto Politecnico de Kiev (Stirenko et al. 2018), CC BY-NC-SA 4.0",aceptada,,
CHNCXR_0463_1,,,NLM-ChinaCXRSet,NLM 2014 (archivos 2024-08-28),"Shenzhen No. 3 People's Hospital, Guangdong, China",DR,ChinaSet_AllFiles/CXR_png/CHNCXR_0463_1.png,,2914,2571,1,3,vertical,uint8,8,stored,0.0,250.0,145.6645,66.5504,163.0,0,,,,29,348,M,1,sufijo_del_nombre_de_archivo,left secondary PTB,shcxr-lung-mask/mask/CHNCXR_0463_1.png,"Instituto Politecnico de Kiev (Stirenko et al. 2018), CC BY-NC-SA 4.0",aceptada,,
CHNCXR_0464_1,,,NLM-ChinaCXRSet,NLM 2014 (archivos 2024-08-28),"Shenzhen No. 3 People's Hospital, Guangdong, China",DR,ChinaSet_AllFiles/CXR_png/CHNCXR_0464_1.png,,2990,2797,1,3,vertical,uint8,8,stored,0.0,255.0,156.0224,63.0773,174.0,0,,,,45,540,M,1,sufijo_del_nombre_de_archivo,Right PTB,shcxr-lung-mask/mask/CHNCXR_0464_1.png,"Instituto Politecnico de Kiev (Stirenko et al. 2018), CC BY-NC-SA 4.0",aceptada,,
CHNCXR_0465_1,,,NLM-ChinaCXRSet,NLM 2014 (archivos 2024-08-28),"Shenzhen No. 3 People's Hospital, Guangdong, China",DR,ChinaSet_AllFiles/CXR_png/CHNCXR_0465_1.png,,2792,2713,1,3,vertical,uint8,8,stored,0.0,255.0,145.2779,69.8708,168.0,0,,,,24,288,M,1,sufijo_del_nombre_de_archivo,Bilateral secondary PTB,shcxr-lung-mask/mask/CHNCXR_0465_1.png,"Instituto Politecnico de Kiev (Stirenko et al. 2018), CC BY-NC-SA 4.0",aceptada,,
CHNCXR_0466_1,,,NLM-ChinaCXRSet,NLM 2014 (archivos 2024-08-28),"Shenzhen No. 3 People's Hospital, Guangdong, China",DR,ChinaSet_AllFiles/CXR_png/CHNCXR_0466_1.png,,2684,2493,1,3,vertical,uint8,8,stored,0.0,255.0,148.0593,64.3693,161.0,0,,,,32,384,F,1,sufijo_del_nombre_de_archivo,secondary PTB  in the left upper field,shcxr-lung-mask/mask/CHNCXR_0466_1.png,"Instituto Politecnico de Kiev (Stirenko et al. 2018), CC BY-NC-SA 4.0",aceptada,,
CHNCXR_0467_1,,,NLM-ChinaCXRSet,NLM 2014 (archivos 2024-08-28),"Shenzhen No. 3 People's Hospital, Guangdong, China",DR,ChinaSet_AllFiles/CXR_png/CHNCXR_0467_1.png,,2581,2281,1,3,vertical,uint8,8,stored,0.0,255.0,143.1156,64.5858,158.0,0,,,,39,468,F,1,sufijo_del_nombre_de_archivo,secondary PTB  in the left upper field,shcxr-lung-mask/mask/CHNCXR_0467_1.png,"Instituto Politecnico de Kiev (Stirenko et al. 2018), CC BY-NC-SA 4.0",aceptada,,
CHNCXR_0468_1,,,NLM-ChinaCXRSet,NLM 2014 (archivos 2024-08-28),"Shenzhen No. 3 People's Hospital, Guangdong, China",DR,ChinaSet_AllFiles/CXR_png/CHNCXR_0468_1.png,,2690,2441,1,3,vertical,uint8,8,stored,0.0,255.0,163.8212,59.5189,181.0,0,,,,29,348,F,1,sufijo_del_nombre_de_archivo,Right PTB,shcxr-lung-mask/mask/CHNCXR_0468_1.png,"Instituto Politecnico de Kiev (Stirenko et al. 2018), CC BY-NC-SA 4.0",aceptada,,
CHNCXR_0469_1,,,NLM-ChinaCXRSet,NLM 2014 (archivos 2024-08-28),"Shenzhen No. 3 People's Hospital, Guangdong, China",DR,ChinaSet_AllFiles/CXR_png/CHNCXR_0469_1.png,,2629,2163,1,3,vertical,uint8,8,stored,0.0,255.0,148.2848,63.1631,161.0,0,,,,22,264,F,1,sufijo_del_nombre_de_archivo,bilateral PTB,shcxr-lung-mask/mask/CHNCXR_0469_1.png,"Instituto Politecnico de Kiev (Stirenko et al. 2018), CC BY-NC-SA 4.0",aceptada,,
CHNCXR_0470_1,,,NLM-ChinaCXRSet,NLM 2014 (archivos 2024-08-28),"Shenzhen No. 3 People's Hospital, Guangdong, China",DR,ChinaSet_AllFiles/CXR_png/CHNCXR_0470_1.png,,2549,2096,1,3,vertical,uint8,8,stored,0.0,255.0,145.9524,63.2394,158.0,0,,,,38,456,F,1,sufijo_del_nombre_de_archivo,right secondary PTB,shcxr-lung-mask/mask/CHNCXR_0470_1.png,"Instituto Politecnico de Kiev (Stirenko et al. 2018), CC BY-NC-SA 4.0",aceptada,,
CHNCXR_0471_1,,,NLM-ChinaCXRSet,NLM 2014 (archivos 2024-08-28),"Shenzhen No. 3 People's Hospital, Guangdong, China",DR,ChinaSet_AllFiles/CXR_png/CHNCXR_0471_1.png,,2622,2276,1,3,vertical,uint8,8,stored,0.0,255.0,148.274,66.9312,173.0,0,,,,31,372,F,1,sufijo_del_nombre_de_archivo,right secondary PTB,shcxr-lung-mask/mask/CHNCXR_0471_1.png,"Instituto Politecnico de Kiev (Stirenko et al. 2018), CC BY-NC-SA 4.0",aceptada,,
CHNCXR_0472_1,,,NLM-ChinaCXRSet,NLM 2014 (archivos 2024-08-28),"Shenzhen No. 3 People's Hospital, Guangdong, China",DR,ChinaSet_AllFiles/CXR_png/CHNCXR_0472_1.png,,2818,2488,1,3,vertical,uint8,8,stored,0.0,255.0,162.8873,59.7304,180.0,0,,,,40,480,M,1,sufijo_del_nombre_de_archivo,Right PTB,shcxr-lung-mask/mask/CHNCXR_0472_1.png,"Instituto Politecnico de Kiev (Stirenko et al. 2018), CC BY-NC-SA 4.0",aceptada,,
CHNCXR_0473_1,,,NLM-ChinaCXRSet,NLM 2014 (archivos 2024-08-28),"Shenzhen No. 3 People's Hospital, Guangdong, China",DR,ChinaSet_AllFiles/CXR_png/CHNCXR_0473_1.png,,2989,2743,1,3,vertical,uint8,8,stored,0.0,255.0,144.9785,65.4429,162.0,0,,,,32,384,M,1,sufijo_del_nombre_de_archivo,right secondary PTB,shcxr-lung-mask/mask/CHNCXR_0473_1.png,"Instituto Politecnico de Kiev (Stirenko et al. 2018), CC BY-NC-SA 4.0",aceptada,,
CHNCXR_0474_1,,,NLM-ChinaCXRSet,NLM 2014 (archivos 2024-08-28),"Shenzhen No. 3 People's Hospital, Guangdong, China",DR,ChinaSet_AllFiles/CXR_png/CHNCXR_0474_1.png,,2559,2599,1,3,horizontal,uint8,8,stored,0.0,255.0,167.6668,55.5104,181.0,0,,,,48,576,M,1,sufijo_del_nombre_de_archivo,bilateral PTB,shcxr-lung-mask/mask/CHNCXR_0474_1.png,"Instituto Politecnico de Kiev (Stirenko et al. 2018), CC BY-NC-SA 4.0",aceptada,,
CHNCXR_0475_1,,,NLM-ChinaCXRSet,NLM 2014 (archivos 2024-08-28),"Shenzhen No. 3 People's Hospital, Guangdong, China",DR,ChinaSet_AllFiles/CXR_png/CHNCXR_0475_1.png,,2947,2576,1,3,vertical,uint8,8,stored,0.0,255.0,149.1898,68.4185,171.0,0,,,,36,432,M,1,sufijo_del_nombre_de_archivo,bilateral PTB,shcxr-lung-mask/mask/CHNCXR_0475_1.png,"Instituto Politecnico de Kiev (Stirenko et al. 2018), CC BY-NC-SA 4.0",aceptada,,
CHNCXR_0476_1,,,NLM-ChinaCXRSet,NLM 2014 (archivos 2024-08-28),"Shenzhen No. 3 People's Hospital, Guangdong, China",DR,ChinaSet_AllFiles/CXR_png/CHNCXR_0476_1.png,,2581,2331,1,3,vertical,uint8,8,stored,0.0,255.0,163.4558,58.4224,179.0,0,,,,56,672,M,1,sufijo_del_nombre_de_archivo,"left secondary PTB,right pleural effusion",shcxr-lung-mask/mask/CHNCXR_0476_1.png,"Instituto Politecnico de Kiev (Stirenko et al. 2018), CC BY-NC-SA 4.0",aceptada,,
CHNCXR_0477_1,,,NLM-ChinaCXRSet,NLM 2014 (archivos 2024-08-28),"Shenzhen No. 3 People's Hospital, Guangdong, China",DR,ChinaSet_AllFiles/CXR_png/CHNCXR_0477_1.png,,2873,2500,1,3,vertical,uint8,8,stored,0.0,255.0,151.9633,63.4444,169.0,0,,,,23,276,M,1,sufijo_del_nombre_de_archivo,left PTB,shcxr-lung-mask/mask/CHNCXR_0477_1.png,"Instituto Politecnico de Kiev (Stirenko et al. 2018), CC BY-NC-SA 4.0",aceptada,,
CHNCXR_0478_1,,,NLM-ChinaCXRSet,NLM 2014 (archivos 2024-08-28),"Shenzhen No. 3 People's Hospital, Guangdong, China",DR,ChinaSet_AllFiles/CXR_png/CHNCXR_0478_1.png,,2365,2556,1,3,horizontal,uint8,8,stored,0.0,255.0,174.8953,56.1323,187.0,0,,,,26,312,F,1,sufijo_del_nombre_de_archivo,Right PTB,shcxr-lung-mask/mask/CHNCXR_0478_1.png,"Instituto Politecnico de Kiev (Stirenko et al. 2018), CC BY-NC-SA 4.0",aceptada,,
CHNCXR_0479_1,,,NLM-ChinaCXRSet,NLM 2014 (archivos 2024-08-28),"Shenzhen No. 3 People's Hospital, Guangdong, China",DR,ChinaSet_AllFiles/CXR_png/CHNCXR_0479_1.png,,2986,2739,1,3,vertical,uint8,8,stored,0.0,255.0,149.8708,67.5692,167.0,0,,,,56,672,M,1,sufijo_del_nombre_de_archivo,PTB in the left upper field,shcxr-lung-mask/mask/CHNCXR_0479_1.png,"Instituto Politecnico de Kiev (Stirenko et al. 2018), CC BY-NC-SA 4.0",aceptada,,
CHNCXR_0480_1,,,NLM-ChinaCXRSet,NLM 2014 (archivos 2024-08-28),"Shenzhen No. 3 People's Hospital, Guangdong, China",DR,ChinaSet_AllFiles/CXR_png/CHNCXR_0480_1.png,,2688,2581,1,3,vertical,uint8,8,stored,0.0,255.0,151.7092,68.85,177.0,0,,,,41,492,F,1,sufijo_del_nombre_de_archivo,PTB in the bilateral upper field,shcxr-lung-mask/mask/CHNCXR_0480_1.png,"Instituto Politecnico de Kiev (Stirenko et al. 2018), CC BY-NC-SA 4.0",aceptada,,
CHNCXR_0481_1,,,NLM-ChinaCXRSet,NLM 2014 (archivos 2024-08-28),"Shenzhen No. 3 People's Hospital, Guangdong, China",DR,ChinaSet_AllFiles/CXR_png/CHNCXR_0481_1.png,,2943,3000,1,3,horizontal,uint8,8,stored,0.0,255.0,156.4114,66.1329,178.0,0,,,,26,312,M,1,sufijo_del_nombre_de_archivo,bilateral secondary PTB,,,revisar,sin_mascara_referencia,
CHNCXR_0482_1,,,NLM-ChinaCXRSet,NLM 2014 (archivos 2024-08-28),"Shenzhen No. 3 People's Hospital, Guangdong, China",DR,ChinaSet_AllFiles/CXR_png/CHNCXR_0482_1.png,,2363,2146,1,3,vertical,uint8,8,stored,0.0,255.0,148.0527,61.7502,162.0,0,,,,30,360,F,1,sufijo_del_nombre_de_archivo,PTB in the right lower field,,,revisar,sin_mascara_referencia,
CHNCXR_0483_1,,,NLM-ChinaCXRSet,NLM 2014 (archivos 2024-08-28),"Shenzhen No. 3 People's Hospital, Guangdong, China",DR,ChinaSet_AllFiles/CXR_png/CHNCXR_0483_1.png,,2943,3000,1,3,horizontal,uint8,8,stored,0.0,255.0,164.8509,64.8548,188.0,0,,,,36,432,M,1,sufijo_del_nombre_de_archivo,"PTB in the bilateral upper fields, left pleurisy",,,revisar,sin_mascara_referencia,
CHNCXR_0484_1,,,NLM-ChinaCXRSet,NLM 2014 (archivos 2024-08-28),"Shenzhen No. 3 People's Hospital, Guangdong, China",DR,ChinaSet_AllFiles/CXR_png/CHNCXR_0484_1.png,,2999,2793,1,3,vertical,uint8,8,stored,0.0,255.0,163.833,66.3598,187.0,0,,,,29,348,F,1,sufijo_del_nombre_de_archivo,right secondary PTB,,,revisar,sin_mascara_referencia,
CHNCXR_0485_1,,,NLM-ChinaCXRSet,NLM 2014 (archivos 2024-08-28),"Shenzhen No. 3 People's Hospital, Guangdong, China",DR,ChinaSet_AllFiles/CXR_png/CHNCXR_0485_1.png,,2945,3000,1,3,horizontal,uint8,8,stored,0.0,255.0,166.3184,59.9119,180.0,0,,,,34,408,M,1,sufijo_del_nombre_de_archivo,right secondary PTB,,,revisar,sin_mascara_referencia,
CHNCXR_0486_1,,,NLM-ChinaCXRSet,NLM 2014 (archivos 2024-08-28),"Shenzhen No. 3 People's Hospital, Guangdong, China",DR,ChinaSet_AllFiles/CXR_png/CHNCXR_0486_1.png,,2889,2716,1,3,vertical,uint8,8,stored,0.0,255.0,154.3527,65.8419,175.0,0,,,,22,264,M,1,sufijo_del_nombre_de_archivo,PTB in the bilateral upper field,,,revisar,sin_mascara_referencia,
CHNCXR_0487_1,,,NLM-ChinaCXRSet,NLM 2014 (archivos 2024-08-28),"Shenzhen No. 3 People's Hospital, Guangdong, China",DR,ChinaSet_AllFiles/CXR_png/CHNCXR_0487_1.png,,2947,2991,1,3,horizontal,uint8,8,stored,0.0,255.0,162.2821,64.778,182.0,0,,,,72,864,M,1,sufijo_del_nombre_de_archivo,Bilateral secondary PTB,,,revisar,sin_mascara_referencia,
CHNCXR_0488_1,,,NLM-ChinaCXRSet,NLM 2014 (archivos 2024-08-28),"Shenzhen No. 3 People's Hospital, Guangdong, China",DR,ChinaSet_AllFiles/CXR_png/CHNCXR_0488_1.png,,2660,2416,1,3,vertical,uint8,8,stored,0.0,255.0,159.3473,61.491,180.0,0,,,,43,516,F,1,sufijo_del_nombre_de_archivo,PTB in the left lower field,,,revisar,sin_mascara_referencia,
CHNCXR_0489_1,,,NLM-ChinaCXRSet,NLM 2014 (archivos 2024-08-28),"Shenzhen No. 3 People's Hospital, Guangdong, China",DR,ChinaSet_AllFiles/CXR_png/CHNCXR_0489_1.png,,2608,2401,1,3,vertical,uint8,8,stored,0.0,255.0,163.7909,58.0586,173.0,0,,,,22,264,M,1,sufijo_del_nombre_de_archivo,PTB in the left upper field,,,revisar,sin_mascara_referencia,
CHNCXR_0490_1,,,NLM-ChinaCXRSet,NLM 2014 (archivos 2024-08-28),"Shenzhen No. 3 People's Hospital, Guangdong, China",DR,ChinaSet_AllFiles/CXR_png/CHNCXR_0490_1.png,,3001,3001,1,3,vertical,uint8,8,stored,0.0,255.0,173.025,66.7971,198.0,0,,,,27,324,M,1,sufijo_del_nombre_de_archivo,bilateral PTB,,,revisar,sin_mascara_referencia,
CHNCXR_0491_1,,,NLM-ChinaCXRSet,NLM 2014 (archivos 2024-08-28),"Shenzhen No. 3 People's Hospital, Guangdong, China",DR,ChinaSet_AllFiles/CXR_png/CHNCXR_0491_1.png,,2989,2729,1,3,vertical,uint8,8,stored,0.0,255.0,136.3805,70.6625,144.0,0,,,,42,504,M,1,sufijo_del_nombre_de_archivo,bilateral PTB,,,revisar,sin_mascara_referencia,
CHNCXR_0492_1,,,NLM-ChinaCXRSet,NLM 2014 (archivos 2024-08-28),"Shenzhen No. 3 People's Hospital, Guangdong, China",DR,ChinaSet_AllFiles/CXR_png/CHNCXR_0492_1.png,,2651,2430,1,3,vertical,uint8,8,stored,0.0,255.0,146.0138,67.3442,162.0,0,,,,44,528,F,1,sufijo_del_nombre_de_archivo,bilateral PTB,,,revisar,sin_mascara_referencia,
CHNCXR_0493_1,,,NLM-ChinaCXRSet,NLM 2014 (archivos 2024-08-28),"Shenzhen No. 3 People's Hospital, Guangdong, China",DR,ChinaSet_AllFiles/CXR_png/CHNCXR_0493_1.png,,2805,2409,1,3,vertical,uint8,8,stored,0.0,255.0,151.5509,63.4878,167.0,0,,,,40,480,M,1,sufijo_del_nombre_de_archivo,bilateral PTB,,,revisar,sin_mascara_referencia,
CHNCXR_0494_1,,,NLM-ChinaCXRSet,NLM 2014 (archivos 2024-08-28),"Shenzhen No. 3 People's Hospital, Guangdong, China",DR,ChinaSet_AllFiles/CXR_png/CHNCXR_0494_1.png,,2626,2252,1,3,vertical,uint8,8,stored,0.0,255.0,147.3409,64.9602,167.0,0,,,,23,276,F,1,sufijo_del_nombre_de_archivo,secondary PTB  in the right  middle field,,,revisar,sin_mascara_referencia,
CHNCXR_0495_1,,,NLM-ChinaCXRSet,NLM 2014 (archivos 2024-08-28),"Shenzhen No. 3 People's Hospital, Guangdong, China",DR,ChinaSet_AllFiles/CXR_png/CHNCXR_0495_1.png,,2640,2503,1,3,vertical,uint8,8,stored,0.0,255.0,144.8921,69.4403,164.0,0,,,,24,288,F,1,sufijo_del_nombre_de_archivo,Left PTB,,,revisar,sin_mascara_referencia,
CHNCXR_0496_1,,,NLM-ChinaCXRSet,NLM 2014 (archivos 2024-08-28),"Shenzhen No. 3 People's Hospital, Guangdong, China",DR,ChinaSet_AllFiles/CXR_png/CHNCXR_0496_1.png,,2782,2422,1,3,vertical,uint8,8,stored,0.0,255.0,177.9222,54.4105,192.0,0,,,,72,864,M,1,sufijo_del_nombre_de_archivo,bilateral PTB,,,revisar,sin_mascara_referencia,
CHNCXR_0497_1,,,NLM-ChinaCXRSet,NLM 2014 (archivos 2024-08-28),"Shenzhen No. 3 People's Hospital, Guangdong, China",DR,ChinaSet_AllFiles/CXR_png/CHNCXR_0497_1.png,,2826,2504,1,3,vertical,uint8,8,stored,0.0,255.0,171.9629,51.4841,181.0,0,,,,45,540,M,1,sufijo_del_nombre_de_archivo,bilateral PTB,,,revisar,sin_mascara_referencia,
CHNCXR_0498_1,,,NLM-ChinaCXRSet,NLM 2014 (archivos 2024-08-28),"Shenzhen No. 3 People's Hospital, Guangdong, China",DR,ChinaSet_AllFiles/CXR_png/CHNCXR_0498_1.png,,2854,2495,1,3,vertical,uint8,8,stored,0.0,255.0,153.9408,61.5661,165.0,0,,,,33,396,M,1,sufijo_del_nombre_de_archivo,PTB in the middle lower field,,,revisar,sin_mascara_referencia,
CHNCXR_0499_1,,,NLM-ChinaCXRSet,NLM 2014 (archivos 2024-08-28),"Shenzhen No. 3 People's Hospital, Guangdong, China",DR,ChinaSet_AllFiles/CXR_png/CHNCXR_0499_1.png,,2475,2442,1,3,vertical,uint8,8,stored,0.0,255.0,155.4036,57.4962,170.0,0,,,,25,300,M,1,sufijo_del_nombre_de_archivo,Right PTB,,,revisar,sin_mascara_referencia,
CHNCXR_0500_1,,,NLM-ChinaCXRSet,NLM 2014 (archivos 2024-08-28),"Shenzhen No. 3 People's Hospital, Guangdong, China",DR,ChinaSet_AllFiles/CXR_png/CHNCXR_0500_1.png,,2751,2346,1,3,vertical,uint8,8,stored,0.0,255.0,145.222,63.8746,159.0,0,,,,22,264,F,1,sufijo_del_nombre_de_archivo,bilateral PTB,,,revisar,sin_mascara_referencia,
CHNCXR_0501_1,,,NLM-ChinaCXRSet,NLM 2014 (archivos 2024-08-28),"Shenzhen No. 3 People's Hospital, Guangdong, China",DR,ChinaSet_AllFiles/CXR_png/CHNCXR_0501_1.png,,2906,2408,1,3,vertical,uint8,8,stored,0.0,255.0,150.2599,62.6382,163.0,0,,,,36,432,M,1,sufijo_del_nombre_de_archivo,PTB in the left upper field,shcxr-lung-mask/mask/CHNCXR_0501_1.png,"Instituto Politecnico de Kiev (Stirenko et al. 2018), CC BY-NC-SA 4.0",aceptada,,
CHNCXR_0502_1,,,NLM-ChinaCXRSet,NLM 2014 (archivos 2024-08-28),"Shenzhen No. 3 People's Hospital, Guangdong, China",DR,ChinaSet_AllFiles/CXR_png/CHNCXR_0502_1.png,,2752,2328,1,3,vertical,uint8,8,stored,0.0,255.0,155.66,65.0473,182.0,0,,,,48,576,M,1,sufijo_del_nombre_de_archivo,bilateral PTB,,,revisar,sin_mascara_referencia,
CHNCXR_0503_1,,,NLM-ChinaCXRSet,NLM 2014 (archivos 2024-08-28),"Shenzhen No. 3 People's Hospital, Guangdong, China",DR,ChinaSet_AllFiles/CXR_png/CHNCXR_0503_1.png,,2987,2779,1,3,vertical,uint8,8,stored,0.0,255.0,140.8762,69.4342,151.0,0,,,,25,300,M,1,sufijo_del_nombre_de_archivo,Right PTB,shcxr-lung-mask/mask/CHNCXR_0503_1.png,"Instituto Politecnico de Kiev (Stirenko et al. 2018), CC BY-NC-SA 4.0",aceptada,,
CHNCXR_0504_1,,,NLM-ChinaCXRSet,NLM 2014 (archivos 2024-08-28),"Shenzhen No. 3 People's Hospital, Guangdong, China",DR,ChinaSet_AllFiles/CXR_png/CHNCXR_0504_1.png,,2965,3000,1,3,horizontal,uint8,8,stored,0.0,255.0,157.97,65.7747,174.0,0,,,,19,228,M,1,sufijo_del_nombre_de_archivo,PTB in the left lower field,shcxr-lung-mask/mask/CHNCXR_0504_1.png,"Instituto Politecnico de Kiev (Stirenko et al. 2018), CC BY-NC-SA 4.0",aceptada,,
CHNCXR_0505_1,,,NLM-ChinaCXRSet,NLM 2014 (archivos 2024-08-28),"Shenzhen No. 3 People's Hospital, Guangdong, China",DR,ChinaSet_AllFiles/CXR_png/CHNCXR_0505_1.png,,2903,2599,1,3,vertical,uint8,8,stored,0.0,255.0,148.957,64.7838,164.0,0,,,,26,312,M,1,sufijo_del_nombre_de_archivo,Right PTB,,,revisar,sin_mascara_referencia,
CHNCXR_0506_1,,,NLM-ChinaCXRSet,NLM 2014 (archivos 2024-08-28),"Shenzhen No. 3 People's Hospital, Guangdong, China",DR,ChinaSet_AllFiles/CXR_png/CHNCXR_0506_1.png,,2945,2621,1,3,vertical,uint8,8,stored,0.0,255.0,153.1745,65.1029,170.0,0,,,,89,1068,M,1,sufijo_del_nombre_de_archivo,bilateral PTB,shcxr-lung-mask/mask/CHNCXR_0506_1.png,"Instituto Politecnico de Kiev (Stirenko et al. 2018), CC BY-NC-SA 4.0",aceptada,,
CHNCXR_0507_1,,,NLM-ChinaCXRSet,NLM 2014 (archivos 2024-08-28),"Shenzhen No. 3 People's Hospital, Guangdong, China",DR,ChinaSet_AllFiles/CXR_png/CHNCXR_0507_1.png,,2711,2248,1,3,vertical,uint8,8,stored,0.0,255.0,145.0257,61.8997,156.0,0,,,,32,384,F,1,sufijo_del_nombre_de_archivo,bilateral PTB,shcxr-lung-mask/mask/CHNCXR_0507_1.png,"Instituto Politecnico de Kiev (Stirenko et al. 2018), CC BY-NC-SA 4.0",aceptada,,
CHNCXR_0508_1,,,NLM-ChinaCXRSet,NLM 2014 (archivos 2024-08-28),"Shenzhen No. 3 People's Hospital, Guangdong, China",DR,ChinaSet_AllFiles/CXR_png/CHNCXR_0508_1.png,,2959,2985,1,3,horizontal,uint8,8,stored,0.0,255.0,154.1588,60.8561,168.0,0,,,,51,612,M,1,sufijo_del_nombre_de_archivo,bilateral PTB,shcxr-lung-mask/mask/CHNCXR_0508_1.png,"Instituto Politecnico de Kiev (Stirenko et al. 2018), CC BY-NC-SA 4.0",aceptada,,
CHNCXR_0509_1,,,NLM-ChinaCXRSet,NLM 2014 (archivos 2024-08-28),"Shenzhen No. 3 People's Hospital, Guangdong, China",DR,ChinaSet_AllFiles/CXR_png/CHNCXR_0509_1.png,,2854,2536,1,3,vertical,uint8,8,stored,0.0,255.0,148.658,63.877,157.0,0,,,,25,300,M,1,sufijo_del_nombre_de_archivo,Right PTB,shcxr-lung-mask/mask/CHNCXR_0509_1.png,"Instituto Politecnico de Kiev (Stirenko et al. 2018), CC BY-NC-SA 4.0",aceptada,,
CHNCXR_0510_1,,,NLM-ChinaCXRSet,NLM 2014 (archivos 2024-08-28),"Shenzhen No. 3 People's Hospital, Guangdong, China",DR,ChinaSet_AllFiles/CXR_png/CHNCXR_0510_1.png,,2677,2389,1,3,vertical,uint8,8,stored,0.0,255.0,144.9819,63.0881,154.0,0,,,,25,300,F,1,sufijo_del_nombre_de_archivo,Right PTB,shcxr-lung-mask/mask/CHNCXR_0510_1.png,"Instituto Politecnico de Kiev (Stirenko et al. 2018), CC BY-NC-SA 4.0",aceptada,,
CHNCXR_0511_1,,,NLM-ChinaCXRSet,NLM 2014 (archivos 2024-08-28),"Shenzhen No. 3 People's Hospital, Guangdong, China",DR,ChinaSet_AllFiles/CXR_png/CHNCXR_0511_1.png,,2963,2987,1,3,horizontal,uint8,8,stored,0.0,255.0,161.2515,63.8058,182.0,0,,,,51,612,M,1,sufijo_del_nombre_de_archivo,bilateral PTB,shcxr-lung-mask/mask/CHNCXR_0511_1.png,"Instituto Politecnico de Kiev (Stirenko et al. 2018), CC BY-NC-SA 4.0",aceptada,,
CHNCXR_0512_1,,,NLM-ChinaCXRSet,NLM 2014 (archivos 2024-08-28),"Shenzhen No. 3 People's Hospital, Guangdong, China",DR,ChinaSet_AllFiles/CXR_png/CHNCXR_0512_1.png,,2990,2993,1,3,horizontal,uint8,8,stored,0.0,255.0,144.4598,69.462,161.0,0,,,,65,780,M,1,sufijo_del_nombre_de_archivo,Right PTB,shcxr-lung-mask/mask/CHNCXR_0512_1.png,"Instituto Politecnico de Kiev (Stirenko et al. 2018), CC BY-NC-SA 4.0",aceptada,,
CHNCXR_0513_1,,,NLM-ChinaCXRSet,NLM 2014 (archivos 2024-08-28),"Shenzhen No. 3 People's Hospital, Guangdong, China",DR,ChinaSet_AllFiles/CXR_png/CHNCXR_0513_1.png,,2793,2387,1,3,vertical,uint8,8,stored,0.0,255.0,160.1654,62.1605,174.0,0,,,,74,888,M,1,sufijo_del_nombre_de_archivo,Right PTB,shcxr-lung-mask/mask/CHNCXR_0513_1.png,"Instituto Politecnico de Kiev (Stirenko et al. 2018), CC BY-NC-SA 4.0",aceptada,,
CHNCXR_0514_1,,,NLM-ChinaCXRSet,NLM 2014 (archivos 2024-08-28),"Shenzhen No. 3 People's Hospital, Guangdong, China",DR,ChinaSet_AllFiles/CXR_png/CHNCXR_0514_1.png,,2466,2358,1,3,vertical,uint8,8,stored,0.0,255.0,159.2332,59.652,180.0,0,,,,28,336,F,1,sufijo_del_nombre_de_archivo,bilateral PTB,shcxr-lung-mask/mask/CHNCXR_0514_1.png,"Instituto Politecnico de Kiev (Stirenko et al. 2018), CC BY-NC-SA 4.0",aceptada,,
CHNCXR_0515_1,,,NLM-ChinaCXRSet,NLM 2014 (archivos 2024-08-28),"Shenzhen No. 3 People's Hospital, Guangdong, China",DR,ChinaSet_AllFiles/CXR_png/CHNCXR_0515_1.png,,2945,2450,1,3,vertical,uint8,8,stored,0.0,255.0,153.2239,61.4516,170.0,0,,,,23,276,M,1,sufijo_del_nombre_de_archivo,PTB in the left upper field,shcxr-lung-mask/mask/CHNCXR_0515_1.png,"Instituto Politecnico de Kiev (Stirenko et al. 2018), CC BY-NC-SA 4.0",aceptada,,
CHNCXR_0516_1,,,NLM-ChinaCXRSet,NLM 2014 (archivos 2024-08-28),"Shenzhen No. 3 People's Hospital, Guangdong, China",DR,ChinaSet_AllFiles/CXR_png/CHNCXR_0516_1.png,,2987,2628,1,3,vertical,uint8,8,stored,0.0,255.0,145.3123,71.4981,168.0,0,,,,37,444,M,1,sufijo_del_nombre_de_archivo,PTB in the right upper field,shcxr-lung-mask/mask/CHNCXR_0516_1.png,"Instituto Politecnico de Kiev (Stirenko et al. 2018), CC BY-NC-SA 4.0",aceptada,,
CHNCXR_0517_1,,,NLM-ChinaCXRSet,NLM 2014 (archivos 2024-08-28),"Shenzhen No. 3 People's Hospital, Guangdong, China",DR,ChinaSet_AllFiles/CXR_png/CHNCXR_0517_1.png,,2694,2452,1,3,vertical,uint8,8,stored,0.0,255.0,172.3665,63.1958,193.0,0,,,,29,348,F,1,sufijo_del_nombre_de_archivo,PTB in the right upper field,shcxr-lung-mask/mask/CHNCXR_0517_1.png,"Instituto Politecnico de Kiev (Stirenko et al. 2018), CC BY-NC-SA 4.0",aceptada,,
CHNCXR_0518_1,,,NLM-ChinaCXRSet,NLM 2014 (archivos 2024-08-28),"Shenzhen No. 3 People's Hospital, Guangdong, China",DR,ChinaSet_AllFiles/CXR_png/CHNCXR_0518_1.png,,2931,2594,1,3,vertical,uint8,8,stored,0.0,255.0,142.0956,65.7616,152.0,0,,,,39,468,M,1,sufijo_del_nombre_de_archivo,PTB in the left upper field,shcxr-lung-mask/mask/CHNCXR_0518_1.png,"Instituto Politecnico de Kiev (Stirenko et al. 2018), CC BY-NC-SA 4.0",aceptada,,
CHNCXR_0519_1,,,NLM-ChinaCXRSet,NLM 2014 (archivos 2024-08-28),"Shenzhen No. 3 People's Hospital, Guangdong, China",DR,ChinaSet_AllFiles/CXR_png/CHNCXR_0519_1.png,,2732,2411,1,3,vertical,uint8,8,stored,0.0,255.0,159.6816,59.1218,176.0,0,,,,35,420,M,1,sufijo_del_nombre_de_archivo,Right PTB,shcxr-lung-mask/mask/CHNCXR_0519_1.png,"Instituto Politecnico de Kiev (Stirenko et al. 2018), CC BY-NC-SA 4.0",aceptada,,
CHNCXR_0520_1,,,NLM-ChinaCXRSet,NLM 2014 (archivos 2024-08-28),"Shenzhen No. 3 People's Hospital, Guangdong, China",DR,ChinaSet_AllFiles/CXR_png/CHNCXR_0520_1.png,,2981,2997,1,3,horizontal,uint8,8,stored,0.0,255.0,157.0686,62.5393,174.0,0,,,,24,288,M,1,sufijo_del_nombre_de_archivo,PTB in the right upper field,shcxr-lung-mask/mask/CHNCXR_0520_1.png,"Instituto Politecnico de Kiev (Stirenko et al. 2018), CC BY-NC-SA 4.0",aceptada,,
CHNCXR_0521_1,,,NLM-ChinaCXRSet,NLM 2014 (archivos 2024-08-28),"Shenzhen No. 3 People's Hospital, Guangdong, China",DR,ChinaSet_AllFiles/CXR_png/CHNCXR_0521_1.png,,2954,2678,1,3,vertical,uint8,8,stored,0.0,255.0,132.4879,71.9229,135.0,0,,,,34,408,M,1,sufijo_del_nombre_de_archivo,PTB in the right upper field,shcxr-lung-mask/mask/CHNCXR_0521_1.png,"Instituto Politecnico de Kiev (Stirenko et al. 2018), CC BY-NC-SA 4.0",aceptada,,
CHNCXR_0522_1,,,NLM-ChinaCXRSet,NLM 2014 (archivos 2024-08-28),"Shenzhen No. 3 People's Hospital, Guangdong, China",DR,ChinaSet_AllFiles/CXR_png/CHNCXR_0522_1.png,,2988,2659,1,3,vertical,uint8,8,stored,0.0,255.0,164.7172,62.9394,187.0,0,,,,33,396,M,1,sufijo_del_nombre_de_archivo,bilateral PTB,shcxr-lung-mask/mask/CHNCXR_0522_1.png,"Instituto Politecnico de Kiev (Stirenko et al. 2018), CC BY-NC-SA 4.0",aceptada,,
CHNCXR_0523_1,,,NLM-ChinaCXRSet,NLM 2014 (archivos 2024-08-28),"Shenzhen No. 3 People's Hospital, Guangdong, China",DR,ChinaSet_AllFiles/CXR_png/CHNCXR_0523_1.png,,2834,2653,1,3,vertical,uint8,8,stored,0.0,255.0,155.3054,59.6925,169.0,0,,,,63,756,M,1,sufijo_del_nombre_de_archivo,bilateral PTB,shcxr-lung-mask/mask/CHNCXR_0523_1.png,"Instituto Politecnico de Kiev (Stirenko et al. 2018), CC BY-NC-SA 4.0",aceptada,,
CHNCXR_0524_1,,,NLM-ChinaCXRSet,NLM 2014 (archivos 2024-08-28),"Shenzhen No. 3 People's Hospital, Guangdong, China",DR,ChinaSet_AllFiles/CXR_png/CHNCXR_0524_1.png,,2989,2786,1,3,vertical,uint8,8,stored,0.0,255.0,148.1969,64.0984,165.0,0,,,,63,756,M,1,sufijo_del_nombre_de_archivo,Right PTB,shcxr-lung-mask/mask/CHNCXR_0524_1.png,"Instituto Politecnico de Kiev (Stirenko et al. 2018), CC BY-NC-SA 4.0",aceptada,,
CHNCXR_0525_1,,,NLM-ChinaCXRSet,NLM 2014 (archivos 2024-08-28),"Shenzhen No. 3 People's Hospital, Guangdong, China",DR,ChinaSet_AllFiles/CXR_png/CHNCXR_0525_1.png,,2815,2464,1,3,vertical,uint8,8,stored,0.0,255.0,151.5446,59.5886,162.0,0,,,,39,468,M,1,sufijo_del_nombre_de_archivo,bilateral PTB,shcxr-lung-mask/mask/CHNCXR_0525_1.png,"Instituto Politecnico de Kiev (Stirenko et al. 2018), CC BY-NC-SA 4.0",aceptada,,
CHNCXR_0526_1,,,NLM-ChinaCXRSet,NLM 2014 (archivos 2024-08-28),"Shenzhen No. 3 People's Hospital, Guangdong, China",DR,ChinaSet_AllFiles/CXR_png/CHNCXR_0526_1.png,,2942,2427,1,3,vertical,uint8,8,stored,0.0,255.0,165.6604,60.1176,184.0,0,,,,63,756,M,1,sufijo_del_nombre_de_archivo,bilateral PTB,shcxr-lung-mask/mask/CHNCXR_0526_1.png,"Instituto Politecnico de Kiev (Stirenko et al. 2018), CC BY-NC-SA 4.0",aceptada,,
CHNCXR_0527_1,,,NLM-ChinaCXRSet,NLM 2014 (archivos 2024-08-28),"Shenzhen No. 3 People's Hospital, Guangdong, China",DR,ChinaSet_AllFiles/CXR_png/CHNCXR_0527_1.png,,2666,2511,1,3,vertical,uint8,8,stored,0.0,255.0,153.2155,63.8779,172.0,0,,,,56,672,M,1,sufijo_del_nombre_de_archivo,bilateral PTB,shcxr-lung-mask/mask/CHNCXR_0527_1.png,"Instituto Politecnico de Kiev (Stirenko et al. 2018), CC BY-NC-SA 4.0",aceptada,,
CHNCXR_0528_1,,,NLM-ChinaCXRSet,NLM 2014 (archivos 2024-08-28),"Shenzhen No. 3 People's Hospital, Guangdong, China",DR,ChinaSet_AllFiles/CXR_png/CHNCXR_0528_1.png,,2324,2266,1,3,vertical,uint8,8,stored,0.0,255.0,149.0599,59.2062,163.0,0,,,,25,300,F,1,sufijo_del_nombre_de_archivo,Right PTB,shcxr-lung-mask/mask/CHNCXR_0528_1.png,"Instituto Politecnico de Kiev (Stirenko et al. 2018), CC BY-NC-SA 4.0",aceptada,,
CHNCXR_0529_1,,,NLM-ChinaCXRSet,NLM 2014 (archivos 2024-08-28),"Shenzhen No. 3 People's Hospital, Guangdong, China",DR,ChinaSet_AllFiles/CXR_png/CHNCXR_0529_1.png,,2631,2537,1,3,vertical,uint8,8,stored,0.0,255.0,141.9407,66.8168,152.0,0,,,,24,288,F,1,sufijo_del_nombre_de_archivo,bilateral PTB,shcxr-lung-mask/mask/CHNCXR_0529_1.png,"Instituto Politecnico de Kiev (Stirenko et al. 2018), CC BY-NC-SA 4.0",aceptada,,
CHNCXR_0530_1,,,NLM-ChinaCXRSet,NLM 2014 (archivos 2024-08-28),"Shenzhen No. 3 People's Hospital, Guangdong, China",DR,ChinaSet_AllFiles/CXR_png/CHNCXR_0530_1.png,,2614,2560,1,3,vertical,uint8,8,stored,0.0,255.0,150.8937,61.7035,172.0,0,,,,55,660,M,1,sufijo_del_nombre_de_archivo,PTB in the bilateral upper fields,shcxr-lung-mask/mask/CHNCXR_0530_1.png,"Instituto Politecnico de Kiev (Stirenko et al. 2018), CC BY-NC-SA 4.0",aceptada,,
CHNCXR_0531_1,,,NLM-ChinaCXRSet,NLM 2014 (archivos 2024-08-28),"Shenzhen No. 3 People's Hospital, Guangdong, China",DR,ChinaSet_AllFiles/CXR_png/CHNCXR_0531_1.png,,2528,2515,1,3,vertical,uint8,8,stored,0.0,255.0,150.6137,61.2717,163.0,0,,,,23,276,F,1,sufijo_del_nombre_de_archivo,bilateral PTB,shcxr-lung-mask/mask/CHNCXR_0531_1.png,"Instituto Politecnico de Kiev (Stirenko et al. 2018), CC BY-NC-SA 4.0",aceptada,,
CHNCXR_0532_1,,,NLM-ChinaCXRSet,NLM 2014 (archivos 2024-08-28),"Shenzhen No. 3 People's Hospital, Guangdong, China",DR,ChinaSet_AllFiles/CXR_png/CHNCXR_0532_1.png,,2304,2464,1,3,horizontal,uint8,8,stored,0.0,255.0,156.5484,60.8475,173.0,0,,,,45,540,F,1,sufijo_del_nombre_de_archivo,PTB in the right upper field,shcxr-lung-mask/mask/CHNCXR_0532_1.png,"Instituto Politecnico de Kiev (Stirenko et al. 2018), CC BY-NC-SA 4.0",aceptada,,
CHNCXR_0533_1,,,NLM-ChinaCXRSet,NLM 2014 (archivos 2024-08-28),"Shenzhen No. 3 People's Hospital, Guangdong, China",DR,ChinaSet_AllFiles/CXR_png/CHNCXR_0533_1.png,,2320,3001,1,3,horizontal,uint8,8,stored,0.0,255.0,161.6389,67.2424,184.0,0,,,,57,684,M,1,sufijo_del_nombre_de_archivo,PTB in the left upper field,shcxr-lung-mask/mask/CHNCXR_0533_1.png,"Instituto Politecnico de Kiev (Stirenko et al. 2018), CC BY-NC-SA 4.0",aceptada,,
CHNCXR_0534_1,,,NLM-ChinaCXRSet,NLM 2014 (archivos 2024-08-28),"Shenzhen No. 3 People's Hospital, Guangdong, China",DR,ChinaSet_AllFiles/CXR_png/CHNCXR_0534_1.png,,2937,2772,1,3,vertical,uint8,8,stored,0.0,255.0,149.0761,62.3146,162.0,0,,,,21,252,M,1,sufijo_del_nombre_de_archivo,Right PTB,shcxr-lung-mask/mask/CHNCXR_0534_1.png,"Instituto Politecnico de Kiev (Stirenko et al. 2018), CC BY-NC-SA 4.0",aceptada,,
CHNCXR_0535_1,,,NLM-ChinaCXRSet,NLM 2014 (archivos 2024-08-28),"Shenzhen No. 3 People's Hospital, Guangdong, China",DR,ChinaSet_AllFiles/CXR_png/CHNCXR_0535_1.png,,2897,2671,1,3,vertical,uint8,8,stored,0.0,255.0,157.1679,60.4927,174.0,0,,,,21,252,M,1,sufijo_del_nombre_de_archivo,PTB in the right lower field,shcxr-lung-mask/mask/CHNCXR_0535_1.png,"Instituto Politecnico de Kiev (Stirenko et al. 2018), CC BY-NC-SA 4.0",aceptada,,
CHNCXR_0536_1,,,NLM-ChinaCXRSet,NLM 2014 (archivos 2024-08-28),"Shenzhen No. 3 People's Hospital, Guangdong, China",DR,ChinaSet_AllFiles/CXR_png/CHNCXR_0536_1.png,,2533,2396,1,3,vertical,uint8,8,stored,0.0,251.0,151.7254,59.7873,166.0,0,,,,28,336,F,1,sufijo_del_nombre_de_archivo,PTB in the right upper field,shcxr-lung-mask/mask/CHNCXR_0536_1.png,"Instituto Politecnico de Kiev (Stirenko et al. 2018), CC BY-NC-SA 4.0",aceptada,,
CHNCXR_0537_1,,,NLM-ChinaCXRSet,NLM 2014 (archivos 2024-08-28),"Shenzhen No. 3 People's Hospital, Guangdong, China",DR,ChinaSet_AllFiles/CXR_png/CHNCXR_0537_1.png,,2868,2632,1,3,vertical,uint8,8,stored,0.0,255.0,153.6655,62.5356,166.0,0,,,,33,396,M,1,sufijo_del_nombre_de_archivo,PTB in the bilateral upper fields,shcxr-lung-mask/mask/CHNCXR_0537_1.png,"Instituto Politecnico de Kiev (Stirenko et al. 2018), CC BY-NC-SA 4.0",aceptada,,
CHNCXR_0538_1,,,NLM-ChinaCXRSet,NLM 2014 (archivos 2024-08-28),"Shenzhen No. 3 People's Hospital, Guangdong, China",DR,ChinaSet_AllFiles/CXR_png/CHNCXR_0538_1.png,,2937,2509,1,3,vertical,uint8,8,stored,0.0,255.0,149.231,63.029,156.0,0,,,,38,456,M,1,sufijo_del_nombre_de_archivo,PTB in the bilateral upper fields,shcxr-lung-mask/mask/CHNCXR_0538_1.png,"Instituto Politecnico de Kiev (Stirenko et al. 2018), CC BY-NC-SA 4.0",aceptada,,
CHNCXR_0539_1,,,NLM-ChinaCXRSet,NLM 2014 (archivos 2024-08-28),"Shenzhen No. 3 People's Hospital, Guangdong, China",DR,ChinaSet_AllFiles/CXR_png/CHNCXR_0539_1.png,,2905,2520,1,3,vertical,uint8,8,stored,0.0,255.0,150.3027,62.8958,162.0,0,,,,38,456,M,1,sufijo_del_nombre_de_archivo,PTB in the left upper field,shcxr-lung-mask/mask/CHNCXR_0539_1.png,"Instituto Politecnico de Kiev (Stirenko et al. 2018), CC BY-NC-SA 4.0",aceptada,,
CHNCXR_0540_1,,,NLM-ChinaCXRSet,NLM 2014 (archivos 2024-08-28),"Shenzhen No. 3 People's Hospital, Guangdong, China",DR,ChinaSet_AllFiles/CXR_png/CHNCXR_0540_1.png,,2726,2351,1,3,vertical,uint8,8,stored,0.0,255.0,147.4992,62.8351,164.0,0,,,,30,360,M,1,sufijo_del_nombre_de_archivo,PTB in the left upper field,shcxr-lung-mask/mask/CHNCXR_0540_1.png,"Instituto Politecnico de Kiev (Stirenko et al. 2018), CC BY-NC-SA 4.0",aceptada,,
CHNCXR_0541_1,,,NLM-ChinaCXRSet,NLM 2014 (archivos 2024-08-28),"Shenzhen No. 3 People's Hospital, Guangdong, China",DR,ChinaSet_AllFiles/CXR_png/CHNCXR_0541_1.png,,2977,2658,1,3,vertical,uint8,8,stored,0.0,255.0,152.6369,61.2648,163.0,0,,,,23,276,M,1,sufijo_del_nombre_de_archivo,PTB in the right upper field,shcxr-lung-mask/mask/CHNCXR_0541_1.png,"Instituto Politecnico de Kiev (Stirenko et al. 2018), CC BY-NC-SA 4.0",aceptada,,
CHNCXR_0542_1,,,NLM-ChinaCXRSet,NLM 2014 (archivos 2024-08-28),"Shenzhen No. 3 People's Hospital, Guangdong, China",DR,ChinaSet_AllFiles/CXR_png/CHNCXR_0542_1.png,,2406,2372,1,3,vertical,uint8,8,stored,0.0,255.0,168.0741,54.3971,178.0,0,,,,24,288,F,1,sufijo_del_nombre_de_archivo,PTB in the right upper field,shcxr-lung-mask/mask/CHNCXR_0542_1.png,"Instituto Politecnico de Kiev (Stirenko et al. 2018), CC BY-NC-SA 4.0",aceptada,,
CHNCXR_0543_1,,,NLM-ChinaCXRSet,NLM 2014 (archivos 2024-08-28),"Shenzhen No. 3 People's Hospital, Guangdong, China",DR,ChinaSet_AllFiles/CXR_png/CHNCXR_0543_1.png,,2572,2607,1,3,horizontal,uint8,8,stored,0.0,255.0,166.5913,62.5262,180.0,0,,,,28,336,M,1,sufijo_del_nombre_de_archivo,PTB in the left upper field,shcxr-lung-mask/mask/CHNCXR_0543_1.png,"Instituto Politecnico de Kiev (Stirenko et al. 2018), CC BY-NC-SA 4.0",aceptada,,
CHNCXR_0544_1,,,NLM-ChinaCXRSet,NLM 2014 (archivos 2024-08-28),"Shenzhen No. 3 People's Hospital, Guangdong, China",DR,ChinaSet_AllFiles/CXR_png/CHNCXR_0544_1.png,,2953,2693,1,3,vertical,uint8,8,stored,0.0,255.0,161.2587,65.962,183.0,0,,,,59,708,M,1,sufijo_del_nombre_de_archivo,PTB,shcxr-lung-mask/mask/CHNCXR_0544_1.png,"Instituto Politecnico de Kiev (Stirenko et al. 2018), CC BY-NC-SA 4.0",aceptada,,
CHNCXR_0545_1,,,NLM-ChinaCXRSet,NLM 2014 (archivos 2024-08-28),"Shenzhen No. 3 People's Hospital, Guangdong, China",DR,ChinaSet_AllFiles/CXR_png/CHNCXR_0545_1.png,,3001,2674,1,3,vertical,uint8,8,stored,0.0,255.0,171.0202,60.1863,190.0,0,,,,53,636,M,1,sufijo_del_nombre_de_archivo,Right PTB,shcxr-lung-mask/mask/CHNCXR_0545_1.png,"Instituto Politecnico de Kiev (Stirenko et al. 2018), CC BY-NC-SA 4.0",aceptada,,
CHNCXR_0546_1,,,NLM-ChinaCXRSet,NLM 2014 (archivos 2024-08-28),"Shenzhen No. 3 People's Hospital, Guangdong, China",DR,ChinaSet_AllFiles/CXR_png/CHNCXR_0546_1.png,,2743,2524,1,3,vertical,uint8,8,stored,0.0,255.0,139.8278,70.0265,156.0,0,,,,36,432,F,1,sufijo_del_nombre_de_archivo,bilateral PTB,shcxr-lung-mask/mask/CHNCXR_0546_1.png,"Instituto Politecnico de Kiev (Stirenko et al. 2018), CC BY-NC-SA 4.0",aceptada,,
CHNCXR_0547_1,,,NLM-ChinaCXRSet,NLM 2014 (archivos 2024-08-28),"Shenzhen No. 3 People's Hospital, Guangdong, China",DR,ChinaSet_AllFiles/CXR_png/CHNCXR_0547_1.png,,2823,2610,1,3,vertical,uint8,8,stored,0.0,255.0,145.3541,65.6039,160.0,0,,,,24,288,M,1,sufijo_del_nombre_de_archivo,Right PTB,shcxr-lung-mask/mask/CHNCXR_0547_1.png,"Instituto Politecnico de Kiev (Stirenko et al. 2018), CC BY-NC-SA 4.0",aceptada,,
CHNCXR_0548_1,,,NLM-ChinaCXRSet,NLM 2014 (archivos 2024-08-28),"Shenzhen No. 3 People's Hospital, Guangdong, China",DR,ChinaSet_AllFiles/CXR_png/CHNCXR_0548_1.png,,2947,3000,1,3,horizontal,uint8,8,stored,0.0,255.0,162.0658,67.5779,185.0,0,,,,46,552,M,1,sufijo_del_nombre_de_archivo,PTB,shcxr-lung-mask/mask/CHNCXR_0548_1.png,"Instituto Politecnico de Kiev (Stirenko et al. 2018), CC BY-NC-SA 4.0",aceptada,,
CHNCXR_0549_1,,,NLM-ChinaCXRSet,NLM 2014 (archivos 2024-08-28),"Shenzhen No. 3 People's Hospital, Guangdong, China",DR,ChinaSet_AllFiles/CXR_png/CHNCXR_0549_1.png,,2448,2371,1,3,vertical,uint8,8,stored,0.0,255.0,146.9827,66.1503,160.0,0,,,,63,756,F,1,sufijo_del_nombre_de_archivo,bilateral PTB,shcxr-lung-mask/mask/CHNCXR_0549_1.png,"Instituto Politecnico de Kiev (Stirenko et al. 2018), CC BY-NC-SA 4.0",aceptada,,
CHNCXR_0550_1,,,NLM-ChinaCXRSet,NLM 2014 (archivos 2024-08-28),"Shenzhen No. 3 People's Hospital, Guangdong, China",DR,ChinaSet_AllFiles/CXR_png/CHNCXR_0550_1.png,,2751,2521,1,3,vertical,uint8,8,stored,0.0,249.0,150.6041,64.452,167.0,0,,,,82,984,M,1,sufijo_del_nombre_de_archivo,Right PTB,shcxr-lung-mask/mask/CHNCXR_0550_1.png,"Instituto Politecnico de Kiev (Stirenko et al. 2018), CC BY-NC-SA 4.0",aceptada,,
CHNCXR_0551_1,,,NLM-ChinaCXRSet,NLM 2014 (archivos 2024-08-28),"Shenzhen No. 3 People's Hospital, Guangdong, China",DR,ChinaSet_AllFiles/CXR_png/CHNCXR_0551_1.png,,2614,2481,1,3,vertical,uint8,8,stored,0.0,255.0,178.3907,50.846,193.0,0,,,,25,300,M,1,sufijo_del_nombre_de_archivo,Right PTB,shcxr-lung-mask/mask/CHNCXR_0551_1.png,"Instituto Politecnico de Kiev (Stirenko et al. 2018), CC BY-NC-SA 4.0",aceptada,,
CHNCXR_0552_1,,,NLM-ChinaCXRSet,NLM 2014 (archivos 2024-08-28),"Shenzhen No. 3 People's Hospital, Guangdong, China",DR,ChinaSet_AllFiles/CXR_png/CHNCXR_0552_1.png,,2988,2996,1,3,horizontal,uint8,8,stored,0.0,255.0,133.6136,76.2095,152.0,0,,,,45,540,M,1,sufijo_del_nombre_de_archivo,PTB in the right upper field,shcxr-lung-mask/mask/CHNCXR_0552_1.png,"Instituto Politecnico de Kiev (Stirenko et al. 2018), CC BY-NC-SA 4.0",aceptada,,
CHNCXR_0553_1,,,NLM-ChinaCXRSet,NLM 2014 (archivos 2024-08-28),"Shenzhen No. 3 People's Hospital, Guangdong, China",DR,ChinaSet_AllFiles/CXR_png/CHNCXR_0553_1.png,,2868,2491,1,3,vertical,uint8,8,stored,0.0,255.0,162.7107,56.6635,173.0,0,,,,22,264,M,1,sufijo_del_nombre_de_archivo,bilateral PTB,shcxr-lung-mask/mask/CHNCXR_0553_1.png,"Instituto Politecnico de Kiev (Stirenko et al. 2018), CC BY-NC-SA 4.0",aceptada,,
CHNCXR_0554_1,,,NLM-ChinaCXRSet,NLM 2014 (archivos 2024-08-28),"Shenzhen No. 3 People's Hospital, Guangdong, China",DR,ChinaSet_AllFiles/CXR_png/CHNCXR_0554_1.png,,2771,2612,1,3,vertical,uint8,8,stored,0.0,255.0,169.5639,57.4709,184.0,0,,,,23,276,M,1,sufijo_del_nombre_de_archivo,Left PTB,shcxr-lung-mask/mask/CHNCXR_0554_1.png,"Instituto Politecnico de Kiev (Stirenko et al. 2018), CC BY-NC-SA 4.0",aceptada,,
CHNCXR_0555_1,,,NLM-ChinaCXRSet,NLM 2014 (archivos 2024-08-28),"Shenzhen No. 3 People's Hospital, Guangdong, China",DR,ChinaSet_AllFiles/CXR_png/CHNCXR_0555_1.png,,2606,2497,1,3,vertical,uint8,8,stored,8.0,255.0,158.825,68.764,180.0,0,,,,22,264,M,1,sufijo_del_nombre_de_archivo,bilateral hematogenous disseminated PTB,shcxr-lung-mask/mask/CHNCXR_0555_1.png,"Instituto Politecnico de Kiev (Stirenko et al. 2018), CC BY-NC-SA 4.0",aceptada,,
CHNCXR_0556_1,,,NLM-ChinaCXRSet,NLM 2014 (archivos 2024-08-28),"Shenzhen No. 3 People's Hospital, Guangdong, China",DR,ChinaSet_AllFiles/CXR_png/CHNCXR_0556_1.png,,2567,2599,1,3,horizontal,uint8,8,stored,0.0,255.0,144.8175,67.9258,161.0,0,,,,26,312,M,1,sufijo_del_nombre_de_archivo,bilateral PTB,shcxr-lung-mask/mask/CHNCXR_0556_1.png,"Instituto Politecnico de Kiev (Stirenko et al. 2018), CC BY-NC-SA 4.0",aceptada,,
CHNCXR_0557_1,,,NLM-ChinaCXRSet,NLM 2014 (archivos 2024-08-28),"Shenzhen No. 3 People's Hospital, Guangdong, China",DR,ChinaSet_AllFiles/CXR_png/CHNCXR_0557_1.png,,2955,2792,1,3,vertical,uint8,8,stored,0.0,255.0,148.4418,64.7792,166.0,0,,,,27,324,M,1,sufijo_del_nombre_de_archivo,Right PTB,shcxr-lung-mask/mask/CHNCXR_0557_1.png,"Instituto Politecnico de Kiev (Stirenko et al. 2018), CC BY-NC-SA 4.0",aceptada,,
CHNCXR_0558_1,,,NLM-ChinaCXRSet,NLM 2014 (archivos 2024-08-28),"Shenzhen No. 3 People's Hospital, Guangdong, China",DR,ChinaSet_AllFiles/CXR_png/CHNCXR_0558_1.png,,2986,2537,1,3,vertical,uint8,8,stored,0.0,255.0,162.5847,59.8596,185.0,0,,,,40,480,M,1,sufijo_del_nombre_de_archivo,bilateral PTB,shcxr-lung-mask/mask/CHNCXR_0558_1.png,"Instituto Politecnico de Kiev (Stirenko et al. 2018), CC BY-NC-SA 4.0",aceptada,,
CHNCXR_0559_1,,,NLM-ChinaCXRSet,NLM 2014 (archivos 2024-08-28),"Shenzhen No. 3 People's Hospital, Guangdong, China",DR,ChinaSet_AllFiles/CXR_png/CHNCXR_0559_1.png,,2883,2735,1,3,vertical,uint8,8,stored,0.0,255.0,151.5147,64.1746,166.0,0,,,,40,480,M,1,sufijo_del_nombre_de_archivo,Right PTB,shcxr-lung-mask/mask/CHNCXR_0559_1.png,"Instituto Politecnico de Kiev (Stirenko et al. 2018), CC BY-NC-SA 4.0",aceptada,,
CHNCXR_0560_1,,,NLM-ChinaCXRSet,NLM 2014 (archivos 2024-08-28),"Shenzhen No. 3 People's Hospital, Guangdong, China",DR,ChinaSet_AllFiles/CXR_png/CHNCXR_0560_1.png,,2898,2662,1,3,vertical,uint8,8,stored,0.0,255.0,145.9816,68.4806,164.0,0,,,,32,384,M,1,sufijo_del_nombre_de_archivo,bilateral PTB,,,revisar,sin_mascara_referencia,
CHNCXR_0561_1,,,NLM-ChinaCXRSet,NLM 2014 (archivos 2024-08-28),"Shenzhen No. 3 People's Hospital, Guangdong, China",DR,ChinaSet_AllFiles/CXR_png/CHNCXR_0561_1.png,,2967,2679,1,3,vertical,uint8,8,stored,0.0,255.0,174.6032,55.7013,190.0,0,,,,51,612,M,1,sufijo_del_nombre_de_archivo,bilateral PTB,,,revisar,sin_mascara_referencia,
CHNCXR_0562_1,,,NLM-ChinaCXRSet,NLM 2014 (archivos 2024-08-28),"Shenzhen No. 3 People's Hospital, Guangdong, China",DR,ChinaSet_AllFiles/CXR_png/CHNCXR_0562_1.png,,2590,2516,1,3,vertical,uint8,8,stored,0.0,255.0,148.3439,61.6299,163.0,0,,,,33,396,M,1,sufijo_del_nombre_de_archivo,left PTB,,,revisar,sin_mascara_referencia,
CHNCXR_0563_1,,,NLM-ChinaCXRSet,NLM 2014 (archivos 2024-08-28),"Shenzhen No. 3 People's Hospital, Guangdong, China",DR,ChinaSet_AllFiles/CXR_png/CHNCXR_0563_1.png,,2639,2615,1,3,vertical,uint8,8,stored,0.0,255.0,155.4577,60.144,171.0,0,,,,69,828,M,1,sufijo_del_nombre_de_archivo,left PTB,,,revisar,sin_mascara_referencia,
CHNCXR_0564_1,,,NLM-ChinaCXRSet,NLM 2014 (archivos 2024-08-28),"Shenzhen No. 3 People's Hospital, Guangdong, China",DR,ChinaSet_AllFiles/CXR_png/CHNCXR_0564_1.png,,2935,3000,1,3,horizontal,uint8,8,stored,0.0,255.0,169.737,55.9641,185.0,0,,,,38,456,F,1,sufijo_del_nombre_de_archivo,Right PTB,,,revisar,sin_mascara_referencia,
CHNCXR_0565_1,,,NLM-ChinaCXRSet,NLM 2014 (archivos 2024-08-28),"Shenzhen No. 3 People's Hospital, Guangdong, China",DR,ChinaSet_AllFiles/CXR_png/CHNCXR_0565_1.png,,2228,2532,1,3,horizontal,uint8,8,stored,0.0,255.0,145.5231,67.4291,160.0,0,,,,79,948,M,1,sufijo_del_nombre_de_archivo,bilateral PTB,,,revisar,sin_mascara_referencia,
CHNCXR_0566_1,,,NLM-ChinaCXRSet,NLM 2014 (archivos 2024-08-28),"Shenzhen No. 3 People's Hospital, Guangdong, China",DR,ChinaSet_AllFiles/CXR_png/CHNCXR_0566_1.png,,2998,2573,1,3,vertical,uint8,8,stored,0.0,255.0,164.1587,55.5285,173.0,0,,,,38,456,M,1,sufijo_del_nombre_de_archivo,Right PTB,shcxr-lung-mask/mask/CHNCXR_0566_1.png,"Instituto Politecnico de Kiev (Stirenko et al. 2018), CC BY-NC-SA 4.0",aceptada,,
CHNCXR_0567_1,,,NLM-ChinaCXRSet,NLM 2014 (archivos 2024-08-28),"Shenzhen No. 3 People's Hospital, Guangdong, China",DR,ChinaSet_AllFiles/CXR_png/CHNCXR_0567_1.png,,2986,2995,1,3,horizontal,uint8,8,stored,0.0,255.0,148.7944,71.7669,173.0,0,,,,61,732,M,1,sufijo_del_nombre_de_archivo,bilateral PTB,shcxr-lung-mask/mask/CHNCXR_0567_1.png,"Instituto Politecnico de Kiev (Stirenko et al. 2018), CC BY-NC-SA 4.0",aceptada,,
CHNCXR_0568_1,,,NLM-ChinaCXRSet,NLM 2014 (archivos 2024-08-28),"Shenzhen No. 3 People's Hospital, Guangdong, China",DR,ChinaSet_AllFiles/CXR_png/CHNCXR_0568_1.png,,2992,2646,1,3,vertical,uint8,8,stored,0.0,255.0,144.8732,69.6049,164.0,0,,,,50,600,M,1,sufijo_del_nombre_de_archivo,bilateral PTB,shcxr-lung-mask/mask/CHNCXR_0568_1.png,"Instituto Politecnico de Kiev (Stirenko et al. 2018), CC BY-NC-SA 4.0",aceptada,,
CHNCXR_0569_1,,,NLM-ChinaCXRSet,NLM 2014 (archivos 2024-08-28),"Shenzhen No. 3 People's Hospital, Guangdong, China",DR,ChinaSet_AllFiles/CXR_png/CHNCXR_0569_1.png,,2988,2503,1,3,vertical,uint8,8,stored,0.0,255.0,155.8778,62.8383,171.0,0,,,,51,612,M,1,sufijo_del_nombre_de_archivo,bilateral PTB,shcxr-lung-mask/mask/CHNCXR_0569_1.png,"Instituto Politecnico de Kiev (Stirenko et al. 2018), CC BY-NC-SA 4.0",aceptada,,
CHNCXR_0570_1,,,NLM-ChinaCXRSet,NLM 2014 (archivos 2024-08-28),"Shenzhen No. 3 People's Hospital, Guangdong, China",DR,ChinaSet_AllFiles/CXR_png/CHNCXR_0570_1.png,,2959,2524,1,3,vertical,uint8,8,stored,0.0,255.0,140.1311,66.9622,151.0,0,,,,28,336,M,1,sufijo_del_nombre_de_archivo,bilateral PTB,shcxr-lung-mask/mask/CHNCXR_0570_1.png,"Instituto Politecnico de Kiev (Stirenko et al. 2018), CC BY-NC-SA 4.0",aceptada,,
CHNCXR_0571_1,,,NLM-ChinaCXRSet,NLM 2014 (archivos 2024-08-28),"Shenzhen No. 3 People's Hospital, Guangdong, China",DR,ChinaSet_AllFiles/CXR_png/CHNCXR_0571_1.png,,2987,2725,1,3,vertical,uint8,8,stored,0.0,255.0,137.1559,71.1376,151.0,0,,,,36,432,F,1,sufijo_del_nombre_de_archivo,Right PTB,shcxr-lung-mask/mask/CHNCXR_0571_1.png,"Instituto Politecnico de Kiev (Stirenko et al. 2018), CC BY-NC-SA 4.0",aceptada,,
CHNCXR_0572_1,,,NLM-ChinaCXRSet,NLM 2014 (archivos 2024-08-28),"Shenzhen No. 3 People's Hospital, Guangdong, China",DR,ChinaSet_AllFiles/CXR_png/CHNCXR_0572_1.png,,2289,2400,1,3,horizontal,uint8,8,stored,0.0,255.0,139.3514,68.0007,156.0,0,,,,57,684,F,1,sufijo_del_nombre_de_archivo,bilateral PTB,shcxr-lung-mask/mask/CHNCXR_0572_1.png,"Instituto Politecnico de Kiev (Stirenko et al. 2018), CC BY-NC-SA 4.0",aceptada,,
CHNCXR_0573_1,,,NLM-ChinaCXRSet,NLM 2014 (archivos 2024-08-28),"Shenzhen No. 3 People's Hospital, Guangdong, China",DR,ChinaSet_AllFiles/CXR_png/CHNCXR_0573_1.png,,2988,2519,1,3,vertical,uint8,8,stored,0.0,255.0,151.8245,64.3958,168.0,0,,,,32,384,M,1,sufijo_del_nombre_de_archivo,bilateral PTB,shcxr-lung-mask/mask/CHNCXR_0573_1.png,"Instituto Politecnico de Kiev (Stirenko et al. 2018), CC BY-NC-SA 4.0",aceptada,,
CHNCXR_0574_1,,,NLM-ChinaCXRSet,NLM 2014 (archivos 2024-08-28),"Shenzhen No. 3 People's Hospital, Guangdong, China",DR,ChinaSet_AllFiles/CXR_png/CHNCXR_0574_1.png,,2991,2609,1,3,vertical,uint8,8,stored,0.0,255.0,145.9046,68.5786,160.0,0,,,,35,420,F,1,sufijo_del_nombre_de_archivo,Right PTB,shcxr-lung-mask/mask/CHNCXR_0574_1.png,"Instituto Politecnico de Kiev (Stirenko et al. 2018), CC BY-NC-SA 4.0",aceptada,,
CHNCXR_0575_1,,,NLM-ChinaCXRSet,NLM 2014 (archivos 2024-08-28),"Shenzhen No. 3 People's Hospital, Guangdong, China",DR,ChinaSet_AllFiles/CXR_png/CHNCXR_0575_1.png,,2453,2443,1,3,vertical,uint8,8,stored,0.0,255.0,141.9546,64.8045,158.0,0,,,,33,396,F,1,sufijo_del_nombre_de_archivo,bilateral PTB,shcxr-lung-mask/mask/CHNCXR_0575_1.png,"Instituto Politecnico de Kiev (Stirenko et al. 2018), CC BY-NC-SA 4.0",aceptada,,
CHNCXR_0576_1,,,NLM-ChinaCXRSet,NLM 2014 (archivos 2024-08-28),"Shenzhen No. 3 People's Hospital, Guangdong, China",DR,ChinaSet_AllFiles/CXR_png/CHNCXR_0576_1.png,,2806,2437,1,3,vertical,uint8,8,stored,0.0,255.0,152.0505,64.1291,167.0,0,,,,63,756,M,1,sufijo_del_nombre_de_archivo,Right PTB,shcxr-lung-mask/mask/CHNCXR_0576_1.png,"Instituto Politecnico de Kiev (Stirenko et al. 2018), CC BY-NC-SA 4.0",aceptada,,
CHNCXR_0577_1,,,NLM-ChinaCXRSet,NLM 2014 (archivos 2024-08-28),"Shenzhen No. 3 People's Hospital, Guangdong, China",DR,ChinaSet_AllFiles/CXR_png/CHNCXR_0577_1.png,,2319,2384,1,3,horizontal,uint8,8,stored,0.0,255.0,150.9936,66.4439,167.0,0,,,,74,888,F,1,sufijo_del_nombre_de_archivo,Right PTB,shcxr-lung-mask/mask/CHNCXR_0577_1.png,"Instituto Politecnico de Kiev (Stirenko et al. 2018), CC BY-NC-SA 4.0",aceptada,,
CHNCXR_0578_1,,,NLM-ChinaCXRSet,NLM 2014 (archivos 2024-08-28),"Shenzhen No. 3 People's Hospital, Guangdong, China",DR,ChinaSet_AllFiles/CXR_png/CHNCXR_0578_1.png,,2990,2903,1,3,vertical,uint8,8,stored,0.0,255.0,147.9072,68.4433,163.0,0,,,,29,348,M,1,sufijo_del_nombre_de_archivo,Right PTB,shcxr-lung-mask/mask/CHNCXR_0578_1.png,"Instituto Politecnico de Kiev (Stirenko et al. 2018), CC BY-NC-SA 4.0",aceptada,,
CHNCXR_0579_1,,,NLM-ChinaCXRSet,NLM 2014 (archivos 2024-08-28),"Shenzhen No. 3 People's Hospital, Guangdong, China",DR,ChinaSet_AllFiles/CXR_png/CHNCXR_0579_1.png,,2743,2312,1,3,vertical,uint8,8,stored,0.0,255.0,147.4747,61.701,163.0,0,,,,24,288,M,1,sufijo_del_nombre_de_archivo,left PTB,shcxr-lung-mask/mask/CHNCXR_0579_1.png,"Instituto Politecnico de Kiev (Stirenko et al. 2018), CC BY-NC-SA 4.0",aceptada,,
CHNCXR_0580_1,,,NLM-ChinaCXRSet,NLM 2014 (archivos 2024-08-28),"Shenzhen No. 3 People's Hospital, Guangdong, China",DR,ChinaSet_AllFiles/CXR_png/CHNCXR_0580_1.png,,2976,2628,1,3,vertical,uint8,8,stored,0.0,255.0,145.6755,68.5777,162.0,0,,,,25,300,M,1,sufijo_del_nombre_de_archivo,left PTB,shcxr-lung-mask/mask/CHNCXR_0580_1.png,"Instituto Politecnico de Kiev (Stirenko et al. 2018), CC BY-NC-SA 4.0",aceptada,,
CHNCXR_0581_1,,,NLM-ChinaCXRSet,NLM 2014 (archivos 2024-08-28),"Shenzhen No. 3 People's Hospital, Guangdong, China",DR,ChinaSet_AllFiles/CXR_png/CHNCXR_0581_1.png,,2829,2550,1,3,vertical,uint8,8,stored,0.0,255.0,148.5417,64.2559,164.0,0,,,,25,300,M,1,sufijo_del_nombre_de_archivo,left PTB,shcxr-lung-mask/mask/CHNCXR_0581_1.png,"Instituto Politecnico de Kiev (Stirenko et al. 2018), CC BY-NC-SA 4.0",aceptada,,
CHNCXR_0582_1,,,NLM-ChinaCXRSet,NLM 2014 (archivos 2024-08-28),"Shenzhen No. 3 People's Hospital, Guangdong, China",DR,ChinaSet_AllFiles/CXR_png/CHNCXR_0582_1.png,,2894,2761,1,3,vertical,uint8,8,stored,0.0,255.0,161.9642,60.3304,183.0,0,,,,44,528,M,1,sufijo_del_nombre_de_archivo,bilateral PTB,shcxr-lung-mask/mask/CHNCXR_0582_1.png,"Instituto Politecnico de Kiev (Stirenko et al. 2018), CC BY-NC-SA 4.0",aceptada,,
CHNCXR_0583_1,,,NLM-ChinaCXRSet,NLM 2014 (archivos 2024-08-28),"Shenzhen No. 3 People's Hospital, Guangdong, China",DR,ChinaSet_AllFiles/CXR_png/CHNCXR_0583_1.png,,2977,2996,1,3,horizontal,uint8,8,stored,0.0,255.0,139.9021,71.9548,153.0,0,,,,29,348,M,1,sufijo_del_nombre_de_archivo,Right PTB,shcxr-lung-mask/mask/CHNCXR_0583_1.png,"Instituto Politecnico de Kiev (Stirenko et al. 2018), CC BY-NC-SA 4.0",aceptada,,
CHNCXR_0584_1,,,NLM-ChinaCXRSet,NLM 2014 (archivos 2024-08-28),"Shenzhen No. 3 People's Hospital, Guangdong, China",DR,ChinaSet_AllFiles/CXR_png/CHNCXR_0584_1.png,,2735,2643,1,3,vertical,uint8,8,stored,0.0,255.0,142.5182,67.301,162.0,0,,,,22,264,F,1,sufijo_del_nombre_de_archivo,left PTB,shcxr-lung-mask/mask/CHNCXR_0584_1.png,"Instituto Politecnico de Kiev (Stirenko et al. 2018), CC BY-NC-SA 4.0",aceptada,,
CHNCXR_0585_1,,,NLM-ChinaCXRSet,NLM 2014 (archivos 2024-08-28),"Shenzhen No. 3 People's Hospital, Guangdong, China",DR,ChinaSet_AllFiles/CXR_png/CHNCXR_0585_1.png,,2988,3001,1,3,horizontal,uint8,8,stored,0.0,255.0,135.0211,72.506,148.0,0,,,,18,216,M,1,sufijo_del_nombre_de_archivo,left PTB,shcxr-lung-mask/mask/CHNCXR_0585_1.png,"Instituto Politecnico de Kiev (Stirenko et al. 2018), CC BY-NC-SA 4.0",aceptada,,
CHNCXR_0586_1,,,NLM-ChinaCXRSet,NLM 2014 (archivos 2024-08-28),"Shenzhen No. 3 People's Hospital, Guangdong, China",DR,ChinaSet_AllFiles/CXR_png/CHNCXR_0586_1.png,,2609,2419,1,3,vertical,uint8,8,stored,0.0,255.0,164.4572,63.2138,184.0,0,,,,38,456,F,1,sufijo_del_nombre_de_archivo,bilateral PTB,shcxr-lung-mask/mask/CHNCXR_0586_1.png,"Instituto Politecnico de Kiev (Stirenko et al. 2018), CC BY-NC-SA 4.0",aceptada,,
CHNCXR_0587_1,,,NLM-ChinaCXRSet,NLM 2014 (archivos 2024-08-28),"Shenzhen No. 3 People's Hospital, Guangdong, China",DR,ChinaSet_AllFiles/CXR_png/CHNCXR_0587_1.png,,2989,2996,1,3,horizontal,uint8,8,stored,0.0,255.0,135.5174,72.2851,148.0,0,,,,34,408,M,1,sufijo_del_nombre_de_archivo,left PTB,shcxr-lung-mask/mask/CHNCXR_0587_1.png,"Instituto Politecnico de Kiev (Stirenko et al. 2018), CC BY-NC-SA 4.0",aceptada,,
CHNCXR_0588_1,,,NLM-ChinaCXRSet,NLM 2014 (archivos 2024-08-28),"Shenzhen No. 3 People's Hospital, Guangdong, China",DR,ChinaSet_AllFiles/CXR_png/CHNCXR_0588_1.png,,2789,2554,1,3,vertical,uint8,8,stored,0.0,255.0,152.2888,58.6752,161.0,0,,,,25,300,M,1,sufijo_del_nombre_de_archivo,secondary PTB  in the left upper field,shcxr-lung-mask/mask/CHNCXR_0588_1.png,"Instituto Politecnico de Kiev (Stirenko et al. 2018), CC BY-NC-SA 4.0",aceptada,,
CHNCXR_0589_1,,,NLM-ChinaCXRSet,NLM 2014 (archivos 2024-08-28),"Shenzhen No. 3 People's Hospital, Guangdong, China",DR,ChinaSet_AllFiles/CXR_png/CHNCXR_0589_1.png,,2645,2421,1,3,vertical,uint8,8,stored,0.0,255.0,147.9078,61.9936,160.0,0,,,,54,648,M,1,sufijo_del_nombre_de_archivo,bilateral secondary PTB,shcxr-lung-mask/mask/CHNCXR_0589_1.png,"Instituto Politecnico de Kiev (Stirenko et al. 2018), CC BY-NC-SA 4.0",aceptada,,
CHNCXR_0590_1,,,NLM-ChinaCXRSet,NLM 2014 (archivos 2024-08-28),"Shenzhen No. 3 People's Hospital, Guangdong, China",DR,ChinaSet_AllFiles/CXR_png/CHNCXR_0590_1.png,,2698,2427,1,3,vertical,uint8,8,stored,0.0,255.0,145.2128,62.2867,154.0,0,,,,21,252,M,1,sufijo_del_nombre_de_archivo,secondary PTB  in the bilateral upper fields,shcxr-lung-mask/mask/CHNCXR_0590_1.png,"Instituto Politecnico de Kiev (Stirenko et al. 2018), CC BY-NC-SA 4.0",aceptada,,
CHNCXR_0591_1,,,NLM-ChinaCXRSet,NLM 2014 (archivos 2024-08-28),"Shenzhen No. 3 People's Hospital, Guangdong, China",DR,ChinaSet_AllFiles/CXR_png/CHNCXR_0591_1.png,,2977,3001,1,3,horizontal,uint8,8,stored,0.0,255.0,141.1693,70.2867,152.0,0,,,,46,552,M,1,sufijo_del_nombre_de_archivo,right lower field PTB,shcxr-lung-mask/mask/CHNCXR_0591_1.png,"Instituto Politecnico de Kiev (Stirenko et al. 2018), CC BY-NC-SA 4.0",aceptada,,
CHNCXR_0592_1,,,NLM-ChinaCXRSet,NLM 2014 (archivos 2024-08-28),"Shenzhen No. 3 People's Hospital, Guangdong, China",DR,ChinaSet_AllFiles/CXR_png/CHNCXR_0592_1.png,,2701,2629,1,3,vertical,uint8,8,stored,0.0,255.0,143.2941,64.1965,154.0,0,,,,55,660,M,1,sufijo_del_nombre_de_archivo,left PTB,shcxr-lung-mask/mask/CHNCXR_0592_1.png,"Instituto Politecnico de Kiev (Stirenko et al. 2018), CC BY-NC-SA 4.0",aceptada,,
CHNCXR_0593_1,,,NLM-ChinaCXRSet,NLM 2014 (archivos 2024-08-28),"Shenzhen No. 3 People's Hospital, Guangdong, China",DR,ChinaSet_AllFiles/CXR_png/CHNCXR_0593_1.png,,2418,2330,1,3,vertical,uint8,8,stored,0.0,255.0,144.7771,61.3982,158.0,0,,,,25,300,F,1,sufijo_del_nombre_de_archivo,secondary PTB  in the left upper field,shcxr-lung-mask/mask/CHNCXR_0593_1.png,"Instituto Politecnico de Kiev (Stirenko et al. 2018), CC BY-NC-SA 4.0",aceptada,,
CHNCXR_0594_1,,,NLM-ChinaCXRSet,NLM 2014 (archivos 2024-08-28),"Shenzhen No. 3 People's Hospital, Guangdong, China",DR,ChinaSet_AllFiles/CXR_png/CHNCXR_0594_1.png,,2506,2356,1,3,vertical,uint8,8,stored,0.0,255.0,140.692,63.306,151.0,0,,,,29,348,F,1,sufijo_del_nombre_de_archivo,bilateral PTB,shcxr-lung-mask/mask/CHNCXR_0594_1.png,"Instituto Politecnico de Kiev (Stirenko et al. 2018), CC BY-NC-SA 4.0",aceptada,,
CHNCXR_0595_1,,,NLM-ChinaCXRSet,NLM 2014 (archivos 2024-08-28),"Shenzhen No. 3 People's Hospital, Guangdong, China",DR,ChinaSet_AllFiles/CXR_png/CHNCXR_0595_1.png,,2525,2234,1,3,vertical,uint8,8,stored,0.0,255.0,146.5216,60.7812,159.0,0,,,,22,264,F,1,sufijo_del_nombre_de_archivo,right lower field PTB,shcxr-lung-mask/mask/CHNCXR_0595_1.png,"Instituto Politecnico de Kiev (Stirenko et al. 2018), CC BY-NC-SA 4.0",aceptada,,
CHNCXR_0596_1,,,NLM-ChinaCXRSet,NLM 2014 (archivos 2024-08-28),"Shenzhen No. 3 People's Hospital, Guangdong, China",DR,ChinaSet_AllFiles/CXR_png/CHNCXR_0596_1.png,,2970,2406,1,3,vertical,uint8,8,stored,0.0,255.0,172.4725,50.6633,183.0,0,,,,46,552,M,1,sufijo_del_nombre_de_archivo,bilateral PTB,shcxr-lung-mask/mask/CHNCXR_0596_1.png,"Instituto Politecnico de Kiev (Stirenko et al. 2018), CC BY-NC-SA 4.0",aceptada,,
CHNCXR_0597_1,,,NLM-ChinaCXRSet,NLM 2014 (archivos 2024-08-28),"Shenzhen No. 3 People's Hospital, Guangdong, China",DR,ChinaSet_AllFiles/CXR_png/CHNCXR_0597_1.png,,2991,2996,1,3,horizontal,uint8,8,stored,0.0,255.0,136.3633,72.632,148.0,0,,,,36,432,M,1,sufijo_del_nombre_de_archivo,Right PTB,shcxr-lung-mask/mask/CHNCXR_0597_1.png,"Instituto Politecnico de Kiev (Stirenko et al. 2018), CC BY-NC-SA 4.0",aceptada,,
CHNCXR_0598_1,,,NLM-ChinaCXRSet,NLM 2014 (archivos 2024-08-28),"Shenzhen No. 3 People's Hospital, Guangdong, China",DR,ChinaSet_AllFiles/CXR_png/CHNCXR_0598_1.png,,2179,2221,1,3,horizontal,uint8,8,stored,0.0,255.0,191.3498,43.0901,202.0,0,,,,15,180,F,1,sufijo_del_nombre_de_archivo,"bilateral PTB, right pleurisy",shcxr-lung-mask/mask/CHNCXR_0598_1.png,"Instituto Politecnico de Kiev (Stirenko et al. 2018), CC BY-NC-SA 4.0",aceptada,,
CHNCXR_0599_1,,,NLM-ChinaCXRSet,NLM 2014 (archivos 2024-08-28),"Shenzhen No. 3 People's Hospital, Guangdong, China",DR,ChinaSet_AllFiles/CXR_png/CHNCXR_0599_1.png,,2975,3000,1,3,horizontal,uint8,8,stored,0.0,255.0,161.7137,65.704,184.0,0,,,,39,468,M,1,sufijo_del_nombre_de_archivo,Right PTB,shcxr-lung-mask/mask/CHNCXR_0599_1.png,"Instituto Politecnico de Kiev (Stirenko et al. 2018), CC BY-NC-SA 4.0",aceptada,,
CHNCXR_0600_1,,,NLM-ChinaCXRSet,NLM 2014 (archivos 2024-08-28),"Shenzhen No. 3 People's Hospital, Guangdong, China",DR,ChinaSet_AllFiles/CXR_png/CHNCXR_0600_1.png,,2857,2998,1,3,horizontal,uint8,8,stored,0.0,255.0,132.032,68.1138,138.0,0,,,,23,276,M,1,sufijo_del_nombre_de_archivo,bilateral subacute hematogenous disseminated PTB,shcxr-lung-mask/mask/CHNCXR_0600_1.png,"Instituto Politecnico de Kiev (Stirenko et al. 2018), CC BY-NC-SA 4.0",aceptada,,
CHNCXR_0601_1,,,NLM-ChinaCXRSet,NLM 2014 (archivos 2024-08-28),"Shenzhen No. 3 People's Hospital, Guangdong, China",DR,ChinaSet_AllFiles/CXR_png/CHNCXR_0601_1.png,,2988,2698,1,3,vertical,uint8,8,stored,0.0,255.0,152.2153,69.9731,177.0,0,,,,58,696,F,1,sufijo_del_nombre_de_archivo,left PTB,shcxr-lung-mask/mask/CHNCXR_0601_1.png,"Instituto Politecnico de Kiev (Stirenko et al. 2018), CC BY-NC-SA 4.0",aceptada,,
CHNCXR_0602_1,,,NLM-ChinaCXRSet,NLM 2014 (archivos 2024-08-28),"Shenzhen No. 3 People's Hospital, Guangdong, China",DR,ChinaSet_AllFiles/CXR_png/CHNCXR_0602_1.png,,2539,2299,1,3,vertical,uint8,8,stored,0.0,255.0,178.2366,46.5711,184.0,0,,,,42,504,M,1,sufijo_del_nombre_de_archivo,bilateral PTB,shcxr-lung-mask/mask/CHNCXR_0602_1.png,"Instituto Politecnico de Kiev (Stirenko et al. 2018), CC BY-NC-SA 4.0",aceptada,,
CHNCXR_0603_1,,,NLM-ChinaCXRSet,NLM 2014 (archivos 2024-08-28),"Shenzhen No. 3 People's Hospital, Guangdong, China",DR,ChinaSet_AllFiles/CXR_png/CHNCXR_0603_1.png,,2953,2324,1,3,vertical,uint8,8,stored,0.0,255.0,179.2445,58.6251,200.0,0,,,,60,720,M,1,sufijo_del_nombre_de_archivo,bilateral PTB,shcxr-lung-mask/mask/CHNCXR_0603_1.png,"Instituto Politecnico de Kiev (Stirenko et al. 2018), CC BY-NC-SA 4.0",aceptada,,
CHNCXR_0604_1,,,NLM-ChinaCXRSet,NLM 2014 (archivos 2024-08-28),"Shenzhen No. 3 People's Hospital, Guangdong, China",DR,ChinaSet_AllFiles/CXR_png/CHNCXR_0604_1.png,,2967,3000,1,3,horizontal,uint8,8,stored,0.0,255.0,157.3192,69.0567,182.0,0,,,,35,420,M,1,sufijo_del_nombre_de_archivo,Right PTB,shcxr-lung-mask/mask/CHNCXR_0604_1.png,"Instituto Politecnico de Kiev (Stirenko et al. 2018), CC BY-NC-SA 4.0",aceptada,,
CHNCXR_0605_1,,,NLM-ChinaCXRSet,NLM 2014 (archivos 2024-08-28),"Shenzhen No. 3 People's Hospital, Guangdong, China",DR,ChinaSet_AllFiles/CXR_png/CHNCXR_0605_1.png,,2962,2410,1,3,vertical,uint8,8,stored,0.0,255.0,173.8559,50.3102,186.0,0,,,,23,276,M,1,sufijo_del_nombre_de_archivo,left PTB,shcxr-lung-mask/mask/CHNCXR_0605_1.png,"Instituto Politecnico de Kiev (Stirenko et al. 2018), CC BY-NC-SA 4.0",aceptada,,
CHNCXR_0606_1,,,NLM-ChinaCXRSet,NLM 2014 (archivos 2024-08-28),"Shenzhen No. 3 People's Hospital, Guangdong, China",DR,ChinaSet_AllFiles/CXR_png/CHNCXR_0606_1.png,,2641,2619,1,3,vertical,uint8,8,stored,0.0,255.0,146.1256,71.0544,168.0,0,,,,78,936,F,1,sufijo_del_nombre_de_archivo,bilateral PTB,shcxr-lung-mask/mask/CHNCXR_0606_1.png,"Instituto Politecnico de Kiev (Stirenko et al. 2018), CC BY-NC-SA 4.0",aceptada,,
CHNCXR_0607_1,,,NLM-ChinaCXRSet,NLM 2014 (archivos 2024-08-28),"Shenzhen No. 3 People's Hospital, Guangdong, China",DR,ChinaSet_AllFiles/CXR_png/CHNCXR_0607_1.png,,2987,2997,1,3,horizontal,uint8,8,stored,0.0,255.0,138.5628,69.4808,147.0,0,,,,17,204,M,1,sufijo_del_nombre_de_archivo,left PTB,shcxr-lung-mask/mask/CHNCXR_0607_1.png,"Instituto Politecnico de Kiev (Stirenko et al. 2018), CC BY-NC-SA 4.0",aceptada,,
CHNCXR_0608_1,,,NLM-ChinaCXRSet,NLM 2014 (archivos 2024-08-28),"Shenzhen No. 3 People's Hospital, Guangdong, China",DR,ChinaSet_AllFiles/CXR_png/CHNCXR_0608_1.png,,2986,2995,1,3,horizontal,uint8,8,stored,0.0,255.0,128.8408,73.2846,137.0,0,,,,37,444,M,1,sufijo_del_nombre_de_archivo,left PTB,shcxr-lung-mask/mask/CHNCXR_0608_1.png,"Instituto Politecnico de Kiev (Stirenko et al. 2018), CC BY-NC-SA 4.0",aceptada,,
CHNCXR_0609_1,,,NLM-ChinaCXRSet,NLM 2014 (archivos 2024-08-28),"Shenzhen No. 3 People's Hospital, Guangdong, China",DR,ChinaSet_AllFiles/CXR_png/CHNCXR_0609_1.png,,2776,2725,1,3,vertical,uint8,8,stored,0.0,255.0,146.378,64.9596,160.0,0,,,,26,312,M,1,sufijo_del_nombre_de_archivo,PTB in the left upper field,shcxr-lung-mask/mask/CHNCXR_0609_1.png,"Instituto Politecnico de Kiev (Stirenko et al. 2018), CC BY-NC-SA 4.0",aceptada,,
CHNCXR_0610_1,,,NLM-ChinaCXRSet,NLM 2014 (archivos 2024-08-28),"Shenzhen No. 3 People's Hospital, Guangdong, China",DR,ChinaSet_AllFiles/CXR_png/CHNCXR_0610_1.png,,2493,2525,1,3,horizontal,uint8,8,stored,0.0,255.0,148.7495,64.2496,167.0,0,,,,53,636,F,1,sufijo_del_nombre_de_archivo,Bilateral secondary PTB,shcxr-lung-mask/mask/CHNCXR_0610_1.png,"Instituto Politecnico de Kiev (Stirenko et al. 2018), CC BY-NC-SA 4.0",aceptada,,
CHNCXR_0611_1,,,NLM-ChinaCXRSet,NLM 2014 (archivos 2024-08-28),"Shenzhen No. 3 People's Hospital, Guangdong, China",DR,ChinaSet_AllFiles/CXR_png/CHNCXR_0611_1.png,,2680,2479,1,3,vertical,uint8,8,stored,0.0,255.0,182.2959,60.8108,203.0,0,,,,20,240,F,1,sufijo_del_nombre_de_archivo,PTB in the right upper field,shcxr-lung-mask/mask/CHNCXR_0611_1.png,"Instituto Politecnico de Kiev (Stirenko et al. 2018), CC BY-NC-SA 4.0",aceptada,,
CHNCXR_0612_1,,,NLM-ChinaCXRSet,NLM 2014 (archivos 2024-08-28),"Shenzhen No. 3 People's Hospital, Guangdong, China",DR,ChinaSet_AllFiles/CXR_png/CHNCXR_0612_1.png,,2929,2735,1,3,vertical,uint8,8,stored,0.0,255.0,150.5399,66.7209,171.0,0,,,,42,504,M,1,sufijo_del_nombre_de_archivo,right secondary PTB,shcxr-lung-mask/mask/CHNCXR_0612_1.png,"Instituto Politecnico de Kiev (Stirenko et al. 2018), CC BY-NC-SA 4.0",aceptada,,
CHNCXR_0613_1,,,NLM-ChinaCXRSet,NLM 2014 (archivos 2024-08-28),"Shenzhen No. 3 People's Hospital, Guangdong, China",DR,ChinaSet_AllFiles/CXR_png/CHNCXR_0613_1.png,,2672,2546,1,3,vertical,uint8,8,stored,0.0,255.0,165.4586,59.5077,181.0,0,,,,30,360,F,1,sufijo_del_nombre_de_archivo,Old PTB in the right upper field,shcxr-lung-mask/mask/CHNCXR_0613_1.png,"Instituto Politecnico de Kiev (Stirenko et al. 2018), CC BY-NC-SA 4.0",aceptada,,
CHNCXR_0614_1,,,NLM-ChinaCXRSet,NLM 2014 (archivos 2024-08-28),"Shenzhen No. 3 People's Hospital, Guangdong, China",DR,ChinaSet_AllFiles/CXR_png/CHNCXR_0614_1.png,,2334,2401,1,3,horizontal,uint8,8,stored,0.0,255.0,151.5763,60.9932,167.0,0,,,,32,384,F,1,sufijo_del_nombre_de_archivo,PTB in the right upper field,shcxr-lung-mask/mask/CHNCXR_0614_1.png,"Instituto Politecnico de Kiev (Stirenko et al. 2018), CC BY-NC-SA 4.0",aceptada,,
CHNCXR_0615_1,,,NLM-ChinaCXRSet,NLM 2014 (archivos 2024-08-28),"Shenzhen No. 3 People's Hospital, Guangdong, China",DR,ChinaSet_AllFiles/CXR_png/CHNCXR_0615_1.png,,2730,2387,1,3,vertical,uint8,8,stored,0.0,255.0,163.6618,62.7524,179.0,0,,,,40,480,F,1,sufijo_del_nombre_de_archivo,PTB in the right upper field,shcxr-lung-mask/mask/CHNCXR_0615_1.png,"Instituto Politecnico de Kiev (Stirenko et al. 2018), CC BY-NC-SA 4.0",aceptada,,
CHNCXR_0616_1,,,NLM-ChinaCXRSet,NLM 2014 (archivos 2024-08-28),"Shenzhen No. 3 People's Hospital, Guangdong, China",DR,ChinaSet_AllFiles/CXR_png/CHNCXR_0616_1.png,,2465,2235,1,3,vertical,uint8,8,stored,0.0,255.0,182.9391,57.6904,200.0,0,,,,54,648,M,1,sufijo_del_nombre_de_archivo,PTB in the right upper field,shcxr-lung-mask/mask/CHNCXR_0616_1.png,"Instituto Politecnico de Kiev (Stirenko et al. 2018), CC BY-NC-SA 4.0",aceptada,,
CHNCXR_0617_1,,,NLM-ChinaCXRSet,NLM 2014 (archivos 2024-08-28),"Shenzhen No. 3 People's Hospital, Guangdong, China",DR,ChinaSet_AllFiles/CXR_png/CHNCXR_0617_1.png,,2843,2679,1,3,vertical,uint8,8,stored,0.0,255.0,152.1619,64.221,173.0,0,,,,49,588,M,1,sufijo_del_nombre_de_archivo,Right PTB,shcxr-lung-mask/mask/CHNCXR_0617_1.png,"Instituto Politecnico de Kiev (Stirenko et al. 2018), CC BY-NC-SA 4.0",aceptada,,
CHNCXR_0618_1,,,NLM-ChinaCXRSet,NLM 2014 (archivos 2024-08-28),"Shenzhen No. 3 People's Hospital, Guangdong, China",DR,ChinaSet_AllFiles/CXR_png/CHNCXR_0618_1.png,,2427,2268,1,3,vertical,uint8,8,stored,0.0,249.0,147.0313,56.3667,160.0,0,,,,25,300,M,1,sufijo_del_nombre_de_archivo,bilateral PTB,shcxr-lung-mask/mask/CHNCXR_0618_1.png,"Instituto Politecnico de Kiev (Stirenko et al. 2018), CC BY-NC-SA 4.0",aceptada,,
CHNCXR_0619_1,,,NLM-ChinaCXRSet,NLM 2014 (archivos 2024-08-28),"Shenzhen No. 3 People's Hospital, Guangdong, China",DR,ChinaSet_AllFiles/CXR_png/CHNCXR_0619_1.png,,2398,2254,1,3,vertical,uint8,8,stored,0.0,255.0,150.2756,62.6136,168.0,0,,,,38,456,F,1,sufijo_del_nombre_de_archivo,PTB in the left upper field,shcxr-lung-mask/mask/CHNCXR_0619_1.png,"Instituto Politecnico de Kiev (Stirenko et al. 2018), CC BY-NC-SA 4.0",aceptada,,
CHNCXR_0620_1,,,NLM-ChinaCXRSet,NLM 2014 (archivos 2024-08-28),"Shenzhen No. 3 People's Hospital, Guangdong, China",DR,ChinaSet_AllFiles/CXR_png/CHNCXR_0620_1.png,,2511,2339,1,3,vertical,uint8,8,stored,0.0,255.0,149.6189,62.5492,161.0,0,,,,37,444,M,1,sufijo_del_nombre_de_archivo,PTB in the right upper field,shcxr-lung-mask/mask/CHNCXR_0620_1.png,"Instituto Politecnico de Kiev (Stirenko et al. 2018), CC BY-NC-SA 4.0",aceptada,,
CHNCXR_0621_1,,,NLM-ChinaCXRSet,NLM 2014 (archivos 2024-08-28),"Shenzhen No. 3 People's Hospital, Guangdong, China",DR,ChinaSet_AllFiles/CXR_png/CHNCXR_0621_1.png,,2630,2584,1,3,vertical,uint8,8,stored,0.0,255.0,153.8023,62.2664,172.0,0,,,,42,504,M,1,sufijo_del_nombre_de_archivo,Right PTB,shcxr-lung-mask/mask/CHNCXR_0621_1.png,"Instituto Politecnico de Kiev (Stirenko et al. 2018), CC BY-NC-SA 4.0",aceptada,,
CHNCXR_0622_1,,,NLM-ChinaCXRSet,NLM 2014 (archivos 2024-08-28),"Shenzhen No. 3 People's Hospital, Guangdong, China",DR,ChinaSet_AllFiles/CXR_png/CHNCXR_0622_1.png,,2403,2420,1,3,horizontal,uint8,8,stored,0.0,255.0,151.2036,64.2172,169.0,0,,,,49,588,F,1,sufijo_del_nombre_de_archivo,left PTB,shcxr-lung-mask/mask/CHNCXR_0622_1.png,"Instituto Politecnico de Kiev (Stirenko et al. 2018), CC BY-NC-SA 4.0",aceptada,,
CHNCXR_0623_1,,,NLM-ChinaCXRSet,NLM 2014 (archivos 2024-08-28),"Shenzhen No. 3 People's Hospital, Guangdong, China",DR,ChinaSet_AllFiles/CXR_png/CHNCXR_0623_1.png,,2554,2238,1,3,vertical,uint8,8,stored,0.0,255.0,150.0618,63.3925,169.0,0,,,,39,468,F,1,sufijo_del_nombre_de_archivo,PTB in the right upper field,shcxr-lung-mask/mask/CHNCXR_0623_1.png,"Instituto Politecnico de Kiev (Stirenko et al. 2018), CC BY-NC-SA 4.0",aceptada,,
CHNCXR_0624_1,,,NLM-ChinaCXRSet,NLM 2014 (archivos 2024-08-28),"Shenzhen No. 3 People's Hospital, Guangdong, China",DR,ChinaSet_AllFiles/CXR_png/CHNCXR_0624_1.png,,2670,2623,1,3,vertical,uint8,8,stored,0.0,255.0,173.1416,62.8336,194.0,0,,,,76,912,F,1,sufijo_del_nombre_de_archivo,PTB in the left upper field,shcxr-lung-mask/mask/CHNCXR_0624_1.png,"Instituto Politecnico de Kiev (Stirenko et al. 2018), CC BY-NC-SA 4.0",aceptada,,
CHNCXR_0625_1,,,NLM-ChinaCXRSet,NLM 2014 (archivos 2024-08-28),"Shenzhen No. 3 People's Hospital, Guangdong, China",DR,ChinaSet_AllFiles/CXR_png/CHNCXR_0625_1.png,,2841,2350,1,3,vertical,uint8,8,stored,0.0,255.0,145.2915,61.42,150.0,0,,,,30,360,M,1,sufijo_del_nombre_de_archivo,PTB in the right upper field,shcxr-lung-mask/mask/CHNCXR_0625_1.png,"Instituto Politecnico de Kiev (Stirenko et al. 2018), CC BY-NC-SA 4.0",aceptada,,
CHNCXR_0626_1,,,NLM-ChinaCXRSet,NLM 2014 (archivos 2024-08-28),"Shenzhen No. 3 People's Hospital, Guangdong, China",DR,ChinaSet_AllFiles/CXR_png/CHNCXR_0626_1.png,,2989,3001,1,3,horizontal,uint8,8,stored,0.0,255.0,135.7585,72.0784,153.0,0,,,,49,588,M,1,sufijo_del_nombre_de_archivo,PTB in the right lower field,shcxr-lung-mask/mask/CHNCXR_0626_1.png,"Instituto Politecnico de Kiev (Stirenko et al. 2018), CC BY-NC-SA 4.0",aceptada,,
CHNCXR_0627_1,,,NLM-ChinaCXRSet,NLM 2014 (archivos 2024-08-28),"Shenzhen No. 3 People's Hospital, Guangdong, China",DR,ChinaSet_AllFiles/CXR_png/CHNCXR_0627_1.png,,2871,2607,1,3,vertical,uint8,8,stored,0.0,255.0,137.2338,71.3987,151.0,0,,,,26,312,F,1,sufijo_del_nombre_de_archivo,secondary PTB  in the right upper field,shcxr-lung-mask/mask/CHNCXR_0627_1.png,"Instituto Politecnico de Kiev (Stirenko et al. 2018), CC BY-NC-SA 4.0",aceptada,,
CHNCXR_0628_1,,,NLM-ChinaCXRSet,NLM 2014 (archivos 2024-08-28),"Shenzhen No. 3 People's Hospital, Guangdong, China",DR,ChinaSet_AllFiles/CXR_png/CHNCXR_0628_1.png,,2987,3001,1,3,horizontal,uint8,8,stored,0.0,255.0,140.3907,68.1699,154.0,0,,,,27,324,M,1,sufijo_del_nombre_de_archivo,secondary PTB  in the right upper field,shcxr-lung-mask/mask/CHNCXR_0628_1.png,"Instituto Politecnico de Kiev (Stirenko et al. 2018), CC BY-NC-SA 4.0",aceptada,,
CHNCXR_0629_1,,,NLM-ChinaCXRSet,NLM 2014 (archivos 2024-08-28),"Shenzhen No. 3 People's Hospital, Guangdong, China",DR,ChinaSet_AllFiles/CXR_png/CHNCXR_0629_1.png,,2501,2457,1,3,vertical,uint8,8,stored,0.0,255.0,151.2174,63.6913,168.0,0,,,,62,744,M,1,sufijo_del_nombre_de_archivo,Bilateral secondary PTB,shcxr-lung-mask/mask/CHNCXR_0629_1.png,"Instituto Politecnico de Kiev (Stirenko et al. 2018), CC BY-NC-SA 4.0",aceptada,,
CHNCXR_0630_1,,,NLM-ChinaCXRSet,NLM 2014 (archivos 2024-08-28),"Shenzhen No. 3 People's Hospital, Guangdong, China",DR,ChinaSet_AllFiles/CXR_png/CHNCXR_0630_1.png,,2985,2997,1,3,horizontal,uint8,8,stored,0.0,255.0,132.3822,72.8078,144.0,0,,,,2,24,M,1,sufijo_del_nombre_de_archivo,secondary PTB  in the bilateral upper field,shcxr-lung-mask/mask/CHNCXR_0630_1.png,"Instituto Politecnico de Kiev (Stirenko et al. 2018), CC BY-NC-SA 4.0",aceptada,,
CHNCXR_0631_1,,,NLM-ChinaCXRSet,NLM 2014 (archivos 2024-08-28),"Shenzhen No. 3 People's Hospital, Guangdong, China",DR,ChinaSet_AllFiles/CXR_png/CHNCXR_0631_1.png,,2705,2406,1,3,vertical,uint8,8,stored,0.0,255.0,145.4352,67.3121,168.0,0,,,,28,336,F,1,sufijo_del_nombre_de_archivo,secondary PTB  in the right upper field,shcxr-lung-mask/mask/CHNCXR_0631_1.png,"Instituto Politecnico de Kiev (Stirenko et al. 2018), CC BY-NC-SA 4.0",aceptada,,
CHNCXR_0632_1,,,NLM-ChinaCXRSet,NLM 2014 (archivos 2024-08-28),"Shenzhen No. 3 People's Hospital, Guangdong, China",DR,ChinaSet_AllFiles/CXR_png/CHNCXR_0632_1.png,,2588,2497,1,3,vertical,uint8,8,stored,0.0,255.0,148.7377,66.5348,169.0,0,,,,30,360,F,1,sufijo_del_nombre_de_archivo,PTB in the left upper field,shcxr-lung-mask/mask/CHNCXR_0632_1.png,"Instituto Politecnico de Kiev (Stirenko et al. 2018), CC BY-NC-SA 4.0",aceptada,,
CHNCXR_0633_1,,,NLM-ChinaCXRSet,NLM 2014 (archivos 2024-08-28),"Shenzhen No. 3 People's Hospital, Guangdong, China",DR,ChinaSet_AllFiles/CXR_png/CHNCXR_0633_1.png,,2533,2610,1,3,horizontal,uint8,8,stored,0.0,255.0,150.1096,61.3869,168.0,0,,,,35,420,M,1,sufijo_del_nombre_de_archivo,PTB in the left upper field,shcxr-lung-mask/mask/CHNCXR_0633_1.png,"Instituto Politecnico de Kiev (Stirenko et al. 2018), CC BY-NC-SA 4.0",aceptada,,
CHNCXR_0634_1,,,NLM-ChinaCXRSet,NLM 2014 (archivos 2024-08-28),"Shenzhen No. 3 People's Hospital, Guangdong, China",DR,ChinaSet_AllFiles/CXR_png/CHNCXR_0634_1.png,,2917,2573,1,3,vertical,uint8,8,stored,0.0,255.0,135.6457,67.0673,146.0,0,,,,28,336,M,1,sufijo_del_nombre_de_archivo,secondary PTB  in the bilateral upper field,shcxr-lung-mask/mask/CHNCXR_0634_1.png,"Instituto Politecnico de Kiev (Stirenko et al. 2018), CC BY-NC-SA 4.0",aceptada,,
CHNCXR_0635_1,,,NLM-ChinaCXRSet,NLM 2014 (archivos 2024-08-28),"Shenzhen No. 3 People's Hospital, Guangdong, China",DR,ChinaSet_AllFiles/CXR_png/CHNCXR_0635_1.png,,2952,2399,1,3,vertical,uint8,8,stored,0.0,255.0,190.819,52.0364,206.0,0,,,,65,780,M,1,sufijo_del_nombre_de_archivo,bilateral PTB,shcxr-lung-mask/mask/CHNCXR_0635_1.png,"Instituto Politecnico de Kiev (Stirenko et al. 2018), CC BY-NC-SA 4.0",aceptada,,
CHNCXR_0636_1,,,NLM-ChinaCXRSet,NLM 2014 (archivos 2024-08-28),"Shenzhen No. 3 People's Hospital, Guangdong, China",DR,ChinaSet_AllFiles/CXR_png/CHNCXR_0636_1.png,,2929,2896,1,3,vertical,uint8,8,stored,0.0,255.0,171.2012,66.0072,191.0,0,,,,35,420,M,1,sufijo_del_nombre_de_archivo,Bilateral secondary PTB,shcxr-lung-mask/mask/CHNCXR_0636_1.png,"Instituto Politecnico de Kiev (Stirenko et al. 2018), CC BY-NC-SA 4.0",aceptada,,
CHNCXR_0637_1,,,NLM-ChinaCXRSet,NLM 2014 (archivos 2024-08-28),"Shenzhen No. 3 People's Hospital, Guangdong, China",DR,ChinaSet_AllFiles/CXR_png/CHNCXR_0637_1.png,,2931,2511,1,3,vertical,uint8,8,stored,0.0,255.0,160.7365,69.2733,185.0,0,,,,44,528,M,1,sufijo_del_nombre_de_archivo,bilateral PTB,shcxr-lung-mask/mask/CHNCXR_0637_1.png,"Instituto Politecnico de Kiev (Stirenko et al. 2018), CC BY-NC-SA 4.0",aceptada,,
CHNCXR_0638_1,,,NLM-ChinaCXRSet,NLM 2014 (archivos 2024-08-28),"Shenzhen No. 3 People's Hospital, Guangdong, China",DR,ChinaSet_AllFiles/CXR_png/CHNCXR_0638_1.png,,2503,2400,1,3,vertical,uint8,8,stored,0.0,255.0,149.7718,65.9049,167.0,0,,,,36,432,F,1,sufijo_del_nombre_de_archivo,Bilateral secondary PTB with left lower field pneumonia,shcxr-lung-mask/mask/CHNCXR_0638_1.png,"Instituto Politecnico de Kiev (Stirenko et al. 2018), CC BY-NC-SA 4.0",aceptada,,
CHNCXR_0639_1,,,NLM-ChinaCXRSet,NLM 2014 (archivos 2024-08-28),"Shenzhen No. 3 People's Hospital, Guangdong, China",DR,ChinaSet_AllFiles/CXR_png/CHNCXR_0639_1.png,,2460,2202,1,3,vertical,uint8,8,stored,0.0,255.0,182.5283,57.4344,200.0,0,,,,28,336,F,1,sufijo_del_nombre_de_archivo,bilateral acute hematogenous disseminated PTB,shcxr-lung-mask/mask/CHNCXR_0639_1.png,"Instituto Politecnico de Kiev (Stirenko et al. 2018), CC BY-NC-SA 4.0",aceptada,,
CHNCXR_0640_1,,,NLM-ChinaCXRSet,NLM 2014 (archivos 2024-08-28),"Shenzhen No. 3 People's Hospital, Guangdong, China",DR,ChinaSet_AllFiles/CXR_png/CHNCXR_0640_1.png,,2937,3000,1,3,horizontal,uint8,8,stored,0.0,255.0,171.9128,66.7581,195.0,0,,,,38,456,M,1,sufijo_del_nombre_de_archivo,Bilateral secondary PTB  with most lesions calcified,shcxr-lung-mask/mask/CHNCXR_0640_1.png,"Instituto Politecnico de Kiev (Stirenko et al. 2018), CC BY-NC-SA 4.0",aceptada,,
CHNCXR_0641_1,,,NLM-ChinaCXRSet,NLM 2014 (archivos 2024-08-28),"Shenzhen No. 3 People's Hospital, Guangdong, China",DR,ChinaSet_AllFiles/CXR_png/CHNCXR_0641_1.png,,2977,2450,1,3,vertical,uint8,8,stored,0.0,255.0,149.2217,64.9963,162.0,0,,,,28,336,F,1,sufijo_del_nombre_de_archivo,left secondary PTB,shcxr-lung-mask/mask/CHNCXR_0641_1.png,"Instituto Politecnico de Kiev (Stirenko et al. 2018), CC BY-NC-SA 4.0",aceptada,,
CHNCXR_0642_1,,,NLM-ChinaCXRSet,NLM 2014 (archivos 2024-08-28),"Shenzhen No. 3 People's Hospital, Guangdong, China",DR,ChinaSet_AllFiles/CXR_png/CHNCXR_0642_1.png,,2568,2110,1,3,vertical,uint8,8,stored,0.0,255.0,138.5294,64.43,143.0,0,,,,43,516,F,1,sufijo_del_nombre_de_archivo,secondary PTB  in the right upper field,shcxr-lung-mask/mask/CHNCXR_0642_1.png,"Instituto Politecnico de Kiev (Stirenko et al. 2018), CC BY-NC-SA 4.0",aceptada,,
CHNCXR_0643_1,,,NLM-ChinaCXRSet,NLM 2014 (archivos 2024-08-28),"Shenzhen No. 3 People's Hospital, Guangdong, China",DR,ChinaSet_AllFiles/CXR_png/CHNCXR_0643_1.png,,2804,2368,1,3,vertical,uint8,8,stored,0.0,255.0,151.1069,64.256,163.0,0,,,,43,516,M,1,sufijo_del_nombre_de_archivo,secondary PTB  in the bilateral upper field,shcxr-lung-mask/mask/CHNCXR_0643_1.png,"Instituto Politecnico de Kiev (Stirenko et al. 2018), CC BY-NC-SA 4.0",aceptada,,
CHNCXR_0644_1,,,NLM-ChinaCXRSet,NLM 2014 (archivos 2024-08-28),"Shenzhen No. 3 People's Hospital, Guangdong, China",DR,ChinaSet_AllFiles/CXR_png/CHNCXR_0644_1.png,,2248,2300,1,3,horizontal,uint8,8,stored,0.0,255.0,177.7026,59.0665,194.0,0,,,,44,528,F,1,sufijo_del_nombre_de_archivo,1.secondary PTB  in the right upper field; 2.small tuberculoma; 3.right pleural thickening and adhesions,shcxr-lung-mask/mask/CHNCXR_0644_1.png,"Instituto Politecnico de Kiev (Stirenko et al. 2018), CC BY-NC-SA 4.0",aceptada,,
CHNCXR_0645_1,,,NLM-ChinaCXRSet,NLM 2014 (archivos 2024-08-28),"Shenzhen No. 3 People's Hospital, Guangdong, China",DR,ChinaSet_AllFiles/CXR_png/CHNCXR_0645_1.png,,2735,2421,1,3,vertical,uint8,8,stored,0.0,255.0,150.9416,64.3463,169.0,0,,,,27,324,M,1,sufijo_del_nombre_de_archivo,"Left secondary PTB in the upper and middle fields, mainly  fibrous  lesions",shcxr-lung-mask/mask/CHNCXR_0645_1.png,"Instituto Politecnico de Kiev (Stirenko et al. 2018), CC BY-NC-SA 4.0",aceptada,,
CHNCXR_0646_1,,,NLM-ChinaCXRSet,NLM 2014 (archivos 2024-08-28),"Shenzhen No. 3 People's Hospital, Guangdong, China",DR,ChinaSet_AllFiles/CXR_png/CHNCXR_0646_1.png,,2929,3001,1,3,horizontal,uint8,8,stored,0.0,255.0,152.5579,68.1556,178.0,0,,,,31,372,M,1,sufijo_del_nombre_de_archivo,secondary PTB  in the left lower field,shcxr-lung-mask/mask/CHNCXR_0646_1.png,"Instituto Politecnico de Kiev (Stirenko et al. 2018), CC BY-NC-SA 4.0",aceptada,,
CHNCXR_0647_1,,,NLM-ChinaCXRSet,NLM 2014 (archivos 2024-08-28),"Shenzhen No. 3 People's Hospital, Guangdong, China",DR,ChinaSet_AllFiles/CXR_png/CHNCXR_0647_1.png,,2935,3001,1,3,horizontal,uint8,8,stored,0.0,255.0,159.8146,66.7181,184.0,0,,,,38,456,M,1,sufijo_del_nombre_de_archivo,"secondary PTB in the bilateral upper and middle fields, mainly fibrous  lesions",shcxr-lung-mask/mask/CHNCXR_0647_1.png,"Instituto Politecnico de Kiev (Stirenko et al. 2018), CC BY-NC-SA 4.0",aceptada,,
CHNCXR_0648_1,,,NLM-ChinaCXRSet,NLM 2014 (archivos 2024-08-28),"Shenzhen No. 3 People's Hospital, Guangdong, China",DR,ChinaSet_AllFiles/CXR_png/CHNCXR_0648_1.png,,2917,2580,1,3,vertical,uint8,8,stored,0.0,255.0,146.3818,67.8831,165.0,0,,,,26,312,M,1,sufijo_del_nombre_de_archivo,bilateral secondary PTB with multiple cavitations,shcxr-lung-mask/mask/CHNCXR_0648_1.png,"Instituto Politecnico de Kiev (Stirenko et al. 2018), CC BY-NC-SA 4.0",aceptada,,
CHNCXR_0649_1,,,NLM-ChinaCXRSet,NLM 2014 (archivos 2024-08-28),"Shenzhen No. 3 People's Hospital, Guangdong, China",DR,ChinaSet_AllFiles/CXR_png/CHNCXR_0649_1.png,,2965,3000,1,3,horizontal,uint8,8,stored,0.0,255.0,168.5393,69.4105,191.0,0,,,,29,348,M,1,sufijo_del_nombre_de_archivo,"bilateral secondary PTB,mainly hyperplastic lesions",shcxr-lung-mask/mask/CHNCXR_0649_1.png,"Instituto Politecnico de Kiev (Stirenko et al. 2018), CC BY-NC-SA 4.0",aceptada,,
CHNCXR_0650_1,,,NLM-ChinaCXRSet,NLM 2014 (archivos 2024-08-28),"Shenzhen No. 3 People's Hospital, Guangdong, China",DR,ChinaSet_AllFiles/CXR_png/CHNCXR_0650_1.png,,2988,2676,1,3,vertical,uint8,8,stored,0.0,255.0,148.1671,64.4378,164.0,0,,,,50,600,M,1,sufijo_del_nombre_de_archivo,secondary PTB  in the right upper field,shcxr-lung-mask/mask/CHNCXR_0650_1.png,"Instituto Politecnico de Kiev (Stirenko et al. 2018), CC BY-NC-SA 4.0",aceptada,,
CHNCXR_0651_1,,,NLM-ChinaCXRSet,NLM 2014 (archivos 2024-08-28),"Shenzhen No. 3 People's Hospital, Guangdong, China",DR,ChinaSet_AllFiles/CXR_png/CHNCXR_0651_1.png,,2635,2459,1,3,vertical,uint8,8,stored,0.0,255.0,142.1576,65.2569,152.0,0,,,,49,588,F,1,sufijo_del_nombre_de_archivo,"Right secondary PTB,mainly hyperplastic lesions",shcxr-lung-mask/mask/CHNCXR_0651_1.png,"Instituto Politecnico de Kiev (Stirenko et al. 2018), CC BY-NC-SA 4.0",aceptada,,
CHNCXR_0652_1,,,NLM-ChinaCXRSet,NLM 2014 (archivos 2024-08-28),"Shenzhen No. 3 People's Hospital, Guangdong, China",DR,ChinaSet_AllFiles/CXR_png/CHNCXR_0652_1.png,,2750,2707,1,3,vertical,uint8,8,stored,0.0,255.0,154.6776,61.9515,175.0,0,,,,51,612,M,1,sufijo_del_nombre_de_archivo,secondary PTB  in thel left upper field,shcxr-lung-mask/mask/CHNCXR_0652_1.png,"Instituto Politecnico de Kiev (Stirenko et al. 2018), CC BY-NC-SA 4.0",aceptada,,
CHNCXR_0653_1,,,NLM-ChinaCXRSet,NLM 2014 (archivos 2024-08-28),"Shenzhen No. 3 People's Hospital, Guangdong, China",DR,ChinaSet_AllFiles/CXR_png/CHNCXR_0653_1.png,,2550,2336,1,3,vertical,uint8,8,stored,0.0,255.0,152.0457,59.0051,168.0,0,,,,69,828,M,1,sufijo_del_nombre_de_archivo,bilateral secondary PTB  with pleural thickening,shcxr-lung-mask/mask/CHNCXR_0653_1.png,"Instituto Politecnico de Kiev (Stirenko et al. 2018), CC BY-NC-SA 4.0",aceptada,,
CHNCXR_0654_1,,,NLM-ChinaCXRSet,NLM 2014 (archivos 2024-08-28),"Shenzhen No. 3 People's Hospital, Guangdong, China",DR,ChinaSet_AllFiles/CXR_png/CHNCXR_0654_1.png,,2283,2057,1,3,vertical,uint8,8,stored,0.0,255.0,153.1529,54.1402,159.0,0,,,,28,336,M,1,sufijo_del_nombre_de_archivo,Right secondary PTB,shcxr-lung-mask/mask/CHNCXR_0654_1.png,"Instituto Politecnico de Kiev (Stirenko et al. 2018), CC BY-NC-SA 4.0",aceptada,,
CHNCXR_0655_1,,,NLM-ChinaCXRSet,NLM 2014 (archivos 2024-08-28),"Shenzhen No. 3 People's Hospital, Guangdong, China",DR,ChinaSet_AllFiles/CXR_png/CHNCXR_0655_1.png,,2933,2734,1,3,vertical,uint8,8,stored,0.0,255.0,173.5448,56.7653,185.0,0,,,,33,396,M,1,sufijo_del_nombre_de_archivo,"secondary PTB in the right upper field,mainly hyperplastic lesions",shcxr-lung-mask/mask/CHNCXR_0655_1.png,"Instituto Politecnico de Kiev (Stirenko et al. 2018), CC BY-NC-SA 4.0",aceptada,,
CHNCXR_0656_1,,,NLM-ChinaCXRSet,NLM 2014 (archivos 2024-08-28),"Shenzhen No. 3 People's Hospital, Guangdong, China",DR,ChinaSet_AllFiles/CXR_png/CHNCXR_0656_1.png,,2988,3001,1,3,horizontal,uint8,8,stored,0.0,255.0,150.1259,72.7153,176.0,0,,,,35,420,F,1,sufijo_del_nombre_de_archivo,secondary PTB  in the right upper field,shcxr-lung-mask/mask/CHNCXR_0656_1.png,"Instituto Politecnico de Kiev (Stirenko et al. 2018), CC BY-NC-SA 4.0",aceptada,,
CHNCXR_0657_1,,,NLM-ChinaCXRSet,NLM 2014 (archivos 2024-08-28),"Shenzhen No. 3 People's Hospital, Guangdong, China",DR,ChinaSet_AllFiles/CXR_png/CHNCXR_0657_1.png,,2977,2738,1,3,vertical,uint8,8,stored,0.0,255.0,141.7077,65.9601,149.0,0,,,,31,372,M,1,sufijo_del_nombre_de_archivo,Right secondary PTB in the upper and middle fields,shcxr-lung-mask/mask/CHNCXR_0657_1.png,"Instituto Politecnico de Kiev (Stirenko et al. 2018), CC BY-NC-SA 4.0",aceptada,,
CHNCXR_0658_1,,,NLM-ChinaCXRSet,NLM 2014 (archivos 2024-08-28),"Shenzhen No. 3 People's Hospital, Guangdong, China",DR,ChinaSet_AllFiles/CXR_png/CHNCXR_0658_1.png,,2955,2611,1,3,vertical,uint8,8,stored,0.0,255.0,146.9023,64.721,161.0,0,,,,41,492,M,1,sufijo_del_nombre_de_archivo,bilateral secondary PTB  with right pneumothorax,shcxr-lung-mask/mask/CHNCXR_0658_1.png,"Instituto Politecnico de Kiev (Stirenko et al. 2018), CC BY-NC-SA 4.0",aceptada,,
CHNCXR_0659_1,,,NLM-ChinaCXRSet,NLM 2014 (archivos 2024-08-28),"Shenzhen No. 3 People's Hospital, Guangdong, China",DR,ChinaSet_AllFiles/CXR_png/CHNCXR_0659_1.png,,2989,3001,1,3,horizontal,uint8,8,stored,0.0,255.0,156.2323,65.155,178.0,0,,,,33,396,M,1,sufijo_del_nombre_de_archivo,secondary PTB  in the left upper field,shcxr-lung-mask/mask/CHNCXR_0659_1.png,"Instituto Politecnico de Kiev (Stirenko et al. 2018), CC BY-NC-SA 4.0",aceptada,,
CHNCXR_0660_1,,,NLM-ChinaCXRSet,NLM 2014 (archivos 2024-08-28),"Shenzhen No. 3 People's Hospital, Guangdong, China",DR,ChinaSet_AllFiles/CXR_png/CHNCXR_0660_1.png,,2933,2997,1,3,horizontal,uint8,8,stored,0.0,255.0,139.0005,73.851,159.0,0,,,,50,600,M,1,sufijo_del_nombre_de_archivo,1.bilateral secondary PTB  with right upper atelectasis;2.right pleural adhesions;3.left compensatory emphysema,shcxr-lung-mask/mask/CHNCXR_0660_1.png,"Instituto Politecnico de Kiev (Stirenko et al. 2018), CC BY-NC-SA 4.0",aceptada,,
CHNCXR_0661_1,,,NLM-ChinaCXRSet,NLM 2014 (archivos 2024-08-28),"Shenzhen No. 3 People's Hospital, Guangdong, China",DR,ChinaSet_AllFiles/CXR_png/CHNCXR_0661_1.png,,2608,2495,1,3,vertical,uint8,8,stored,0.0,255.0,150.6291,61.6704,162.0,0,,,,26,312,M,1,sufijo_del_nombre_de_archivo,bilateral secondary PTB  with right pleural thickening,shcxr-lung-mask/mask/CHNCXR_0661_1.png,"Instituto Politecnico de Kiev (Stirenko et al. 2018), CC BY-NC-SA 4.0",aceptada,,
CHNCXR_0662_1,,,NLM-ChinaCXRSet,NLM 2014 (archivos 2024-08-28),"Shenzhen No. 3 People's Hospital, Guangdong, China",DR,ChinaSet_AllFiles/CXR_png/CHNCXR_0662_1.png,,2988,2619,1,3,vertical,uint8,8,stored,0.0,255.0,145.1117,64.0455,150.0,0,,,,32,384,M,1,sufijo_del_nombre_de_archivo,secondary PTB  in the right upper field,shcxr-lung-mask/mask/CHNCXR_0662_1.png,"Instituto Politecnico de Kiev (Stirenko et al. 2018), CC BY-NC-SA 4.0",aceptada,,
MCUCXR_0001_0,,,NLM-MontgomeryCXRSet,NLM 2014 (archivos 2024-08-28),"Montgomery County, Maryland, EE. UU.",CR,MontgomerySet/CXR_png/MCUCXR_0001_0.png,,4020,4892,1,1,horizontal,uint8,8,stored,0.0,255.0,116.5388,87.2415,114.0,0,0.0875,0.0875,,27,324,F,0,sufijo_del_nombre_de_archivo,normal,MontgomerySet/ManualMask/leftMask/MCUCXR_0001_0.png,Trazada bajo supervision de radiologo (Candemir et al. 2014),aceptada,,
MCUCXR_0002_0,,,NLM-MontgomeryCXRSet,NLM 2014 (archivos 2024-08-28),"Montgomery County, Maryland, EE. UU.",CR,MontgomerySet/CXR_png/MCUCXR_0002_0.png,,4020,4892,1,1,horizontal,uint8,8,stored,0.0,255.0,133.5192,78.5725,130.0,0,0.0875,0.0875,,40,480,F,0,sufijo_del_nombre_de_archivo,normal,MontgomerySet/ManualMask/leftMask/MCUCXR_0002_0.png,Trazada bajo supervision de radiologo (Candemir et al. 2014),aceptada,,
MCUCXR_0003_0,,,NLM-MontgomeryCXRSet,NLM 2014 (archivos 2024-08-28),"Montgomery County, Maryland, EE. UU.",CR,MontgomerySet/CXR_png/MCUCXR_0003_0.png,,4892,4020,1,1,vertical,uint8,8,stored,0.0,255.0,146.1898,82.6843,163.0,0,0.0875,0.0875,,21,252,F,0,sufijo_del_nombre_de_archivo,normal,MontgomerySet/ManualMask/leftMask/MCUCXR_0003_0.png,Trazada bajo supervision de radiologo (Candemir et al. 2014),aceptada,,
MCUCXR_0004_0,,,NLM-MontgomeryCXRSet,NLM 2014 (archivos 2024-08-28),"Montgomery County, Maryland, EE. UU.",CR,MontgomerySet/CXR_png/MCUCXR_0004_0.png,,4892,4020,1,1,vertical,uint8,8,stored,0.0,255.0,84.1182,89.7397,53.0,0,0.0875,0.0875,,11,132,F,0,sufijo_del_nombre_de_archivo,normal,MontgomerySet/ManualMask/leftMask/MCUCXR_0004_0.png,Trazada bajo supervision de radiologo (Candemir et al. 2014),aceptada,,
MCUCXR_0005_0,,,NLM-MontgomeryCXRSet,NLM 2014 (archivos 2024-08-28),"Montgomery County, Maryland, EE. UU.",CR,MontgomerySet/CXR_png/MCUCXR_0005_0.png,,4892,4020,1,1,vertical,uint8,8,stored,0.0,255.0,112.2443,80.6444,103.0,0,0.0875,0.0875,,33,396,M,0,sufijo_del_nombre_de_archivo,normal,MontgomerySet/ManualMask/leftMask/MCUCXR_0005_0.png,Trazada bajo supervision de radiologo (Candemir et al. 2014),aceptada,,
MCUCXR_0006_0,,,NLM-MontgomeryCXRSet,NLM 2014 (archivos 2024-08-28),"Montgomery County, Maryland, EE. UU.",CR,MontgomerySet/CXR_png/MCUCXR_0006_0.png,,4020,4892,1,1,horizontal,uint8,8,stored,0.0,255.0,148.3197,80.1672,158.0,0,0.0875,0.0875,,70,840,F,0,sufijo_del_nombre_de_archivo,normal,MontgomerySet/ManualMask/leftMask/MCUCXR_0006_0.png,Trazada bajo supervision de radiologo (Candemir et al. 2014),aceptada,,
MCUCXR_0008_0,,,NLM-MontgomeryCXRSet,NLM 2014 (archivos 2024-08-28),"Montgomery County, Maryland, EE. UU.",CR,MontgomerySet/CXR_png/MCUCXR_0008_0.png,,4892,4020,1,1,vertical,uint8,8,stored,0.0,255.0,108.167,83.7382,102.0,0,0.0875,0.0875,,53,636,F,0,sufijo_del_nombre_de_archivo,normal,MontgomerySet/ManualMask/leftMask/MCUCXR_0008_0.png,Trazada bajo supervision de radiologo (Candemir et al. 2014),aceptada,,
MCUCXR_0011_0,,,NLM-MontgomeryCXRSet,NLM 2014 (archivos 2024-08-28),"Montgomery County, Maryland, EE. UU.",CR,MontgomerySet/CXR_png/MCUCXR_0011_0.png,,4892,4020,1,1,vertical,uint8,8,stored,0.0,255.0,110.4552,86.5709,103.0,0,0.0875,0.0875,,29,348,F,0,sufijo_del_nombre_de_archivo,normal,MontgomerySet/ManualMask/leftMask/MCUCXR_0011_0.png,Trazada bajo supervision de radiologo (Candemir et al. 2014),aceptada,,
MCUCXR_0013_0,,,NLM-MontgomeryCXRSet,NLM 2014 (archivos 2024-08-28),"Montgomery County, Maryland, EE. UU.",CR,MontgomerySet/CXR_png/MCUCXR_0013_0.png,,4020,4892,1,1,horizontal,uint8,8,stored,0.0,255.0,153.1187,79.347,167.0,0,0.0875,0.0875,,47,564,F,0,sufijo_del_nombre_de_archivo,normal,MontgomerySet/ManualMask/leftMask/MCUCXR_0013_0.png,Trazada bajo supervision de radiologo (Candemir et al. 2014),aceptada,,
MCUCXR_0015_0,,,NLM-MontgomeryCXRSet,NLM 2014 (archivos 2024-08-28),"Montgomery County, Maryland, EE. UU.",CR,MontgomerySet/CXR_png/MCUCXR_0015_0.png,,4020,4892,1,1,horizontal,uint8,8,stored,0.0,255.0,124.8387,77.3114,121.0,0,0.0875,0.0875,,48,576,M,0,sufijo_del_nombre_de_archivo,normal,MontgomerySet/ManualMask/leftMask/MCUCXR_0015_0.png,Trazada bajo supervision de radiologo (Candemir et al. 2014),aceptada,,
MCUCXR_0016_0,,,NLM-MontgomeryCXRSet,NLM 2014 (archivos 2024-08-28),"Montgomery County, Maryland, EE. UU.",CR,MontgomerySet/CXR_png/MCUCXR_0016_0.png,,4020,4892,1,1,horizontal,uint8,8,stored,0.0,255.0,140.9992,81.1519,145.0,0,0.0875,0.0875,,52,624,F,0,sufijo_del_nombre_de_archivo,normal,MontgomerySet/ManualMask/leftMask/MCUCXR_0016_0.png,Trazada bajo supervision de radiologo (Candemir et al. 2014),aceptada,,
MCUCXR_0017_0,,,NLM-MontgomeryCXRSet,NLM 2014 (archivos 2024-08-28),"Montgomery County, Maryland, EE. UU.",CR,MontgomerySet/CXR_png/MCUCXR_0017_0.png,,4020,4892,1,1,horizontal,uint8,8,stored,0.0,255.0,63.0915,76.6271,32.0,0,0.0875,0.0875,,8,96,M,0,sufijo_del_nombre_de_archivo,normal,MontgomerySet/ManualMask/leftMask/MCUCXR_0017_0.png,Trazada bajo supervision de radiologo (Candemir et al. 2014),aceptada,,
MCUCXR_0019_0,,,NLM-MontgomeryCXRSet,NLM 2014 (archivos 2024-08-28),"Montgomery County, Maryland, EE. UU.",CR,MontgomerySet/CXR_png/MCUCXR_0019_0.png,,4892,4020,1,1,vertical,uint8,8,stored,0.0,255.0,95.0869,81.4032,75.0,0,0.0875,0.0875,,33,396,M,0,sufijo_del_nombre_de_archivo,normal,MontgomerySet/ManualMask/leftMask/MCUCXR_0019_0.png,Trazada bajo supervision de radiologo (Candemir et al. 2014),aceptada,,
MCUCXR_0020_0,,,NLM-MontgomeryCXRSet,NLM 2014 (archivos 2024-08-28),"Montgomery County, Maryland, EE. UU.",CR,MontgomerySet/CXR_png/MCUCXR_0020_0.png,,4020,4892,1,1,horizontal,uint8,8,stored,0.0,255.0,136.3889,75.2463,148.0,0,0.0875,0.0875,,24,288,M,0,sufijo_del_nombre_de_archivo,normal,MontgomerySet/ManualMask/leftMask/MCUCXR_0020_0.png,Trazada bajo supervision de radiologo (Candemir et al. 2014),aceptada,,
MCUCXR_0021_0,,,NLM-MontgomeryCXRSet,NLM 2014 (archivos 2024-08-28),"Montgomery County, Maryland, EE. UU.",CR,MontgomerySet/CXR_png/MCUCXR_0021_0.png,,4892,4020,1,1,vertical,uint8,8,stored,0.0,255.0,107.879,94.0919,95.0,0,0.0875,0.0875,,41,492,F,0,sufijo_del_nombre_de_archivo,normal,MontgomerySet/ManualMask/leftMask/MCUCXR_0021_0.png,Trazada bajo supervision de radiologo (Candemir et al. 2014),aceptada,,
MCUCXR_0022_0,,,NLM-MontgomeryCXRSet,NLM 2014 (archivos 2024-08-28),"Montgomery County, Maryland, EE. UU.",CR,MontgomerySet/CXR_png/MCUCXR_0022_0.png,,4020,4892,1,1,horizontal,uint8,8,stored,0.0,255.0,121.8879,71.8967,117.0,0,0.0875,0.0875,,54,648,M,0,sufijo_del_nombre_de_archivo,normal,MontgomerySet/ManualMask/leftMask/MCUCXR_0022_0.png,Trazada bajo supervision de radiologo (Candemir et al. 2014),aceptada,,
MCUCXR_0023_0,,,NLM-MontgomeryCXRSet,NLM 2014 (archivos 2024-08-28),"Montgomery County, Maryland, EE. UU.",CR,MontgomerySet/CXR_png/MCUCXR_0023_0.png,,4020,4892,1,1,horizontal,uint8,8,stored,0.0,255.0,133.2009,79.562,131.0,0,0.0875,0.0875,,54,648,M,0,sufijo_del_nombre_de_archivo,normal,MontgomerySet/ManualMask/leftMask/MCUCXR_0023_0.png,Trazada bajo supervision de radiologo (Candemir et al. 2014),aceptada,,
MCUCXR_0024_0,,,NLM-MontgomeryCXRSet,NLM 2014 (archivos 2024-08-28),"Montgomery County, Maryland, EE. UU.",CR,MontgomerySet/CXR_png/MCUCXR_0024_0.png,,4892,4020,1,1,vertical,uint8,8,stored,0.0,255.0,122.0647,92.8137,126.0,0,0.0875,0.0875,,37,444,F,0,sufijo_del_nombre_de_archivo,normal,MontgomerySet/ManualMask/leftMask/MCUCXR_0024_0.png,Trazada bajo supervision de radiologo (Candemir et al. 2014),aceptada,,
MCUCXR_0026_0,,,NLM-MontgomeryCXRSet,NLM 2014 (archivos 2024-08-28),"Montgomery County, Maryland, EE. UU.",CR,MontgomerySet/CXR_png/MCUCXR_0026_0.png,,4892,4020,1,1,vertical,uint8,8,stored,0.0,255.0,68.5183,80.2398,21.0,0,0.0875,0.0875,,10,120,F,0,sufijo_del_nombre_de_archivo,normal,MontgomerySet/ManualMask/leftMask/MCUCXR_0026_0.png,Trazada bajo supervision de radiologo (Candemir et al. 2014),aceptada,,
MCUCXR_0027_0,,,NLM-MontgomeryCXRSet,NLM 2014 (archivos 2024-08-28),"Montgomery County, Maryland, EE. UU.",CR,MontgomerySet/CXR_png/MCUCXR_0027_0.png,,4892,4020,1,1,vertical,uint8,8,stored,0.0,255.0,100.8854,86.6494,91.0,0,0.0875,0.0875,,38,456,F,0,sufijo_del_nombre_de_archivo,normal,MontgomerySet/ManualMask/leftMask/MCUCXR_0027_0.png,Trazada bajo supervision de radiologo (Candemir et al. 2014),aceptada,,
MCUCXR_0028_0,,,NLM-MontgomeryCXRSet,NLM 2014 (archivos 2024-08-28),"Montgomery County, Maryland, EE. UU.",CR,MontgomerySet/CXR_png/MCUCXR_0028_0.png,,4892,4020,1,1,vertical,uint8,8,stored,0.0,255.0,97.9174,91.6134,82.0,0,0.0875,0.0875,,31,372,F,0,sufijo_del_nombre_de_archivo,normal,MontgomerySet/ManualMask/leftMask/MCUCXR_0028_0.png,Trazada bajo supervision de radiologo (Candemir et al. 2014),aceptada,,
MCUCXR_0029_0,,,NLM-MontgomeryCXRSet,NLM 2014 (archivos 2024-08-28),"Montgomery County, Maryland, EE. UU.",CR,MontgomerySet/CXR_png/MCUCXR_0029_0.png,,4892,4020,1,1,vertical,uint8,8,stored,0.0,255.0,109.7184,88.6023,103.0,0,0.0875,0.0875,,19,228,F,0,sufijo_del_nombre_de_archivo,normal,MontgomerySet/ManualMask/leftMask/MCUCXR_0029_0.png,Trazada bajo supervision de radiologo (Candemir et al. 2014),aceptada,,
MCUCXR_0030_0,,,NLM-MontgomeryCXRSet,NLM 2014 (archivos 2024-08-28),"Montgomery County, Maryland, EE. UU.",CR,MontgomerySet/CXR_png/MCUCXR_0030_0.png,,4020,4892,1,1,horizontal,uint8,8,stored,0.0,255.0,131.4351,77.9978,135.0,0,0.0875,0.0875,,53,636,M,0,sufijo_del_nombre_de_archivo,normal,MontgomerySet/ManualMask/leftMask/MCUCXR_0030_0.png,Trazada bajo supervision de radiologo (Candemir et al. 2014),aceptada,,
MCUCXR_0031_0,,,NLM-MontgomeryCXRSet,NLM 2014 (archivos 2024-08-28),"Montgomery County, Maryland, EE. UU.",CR,MontgomerySet/CXR_png/MCUCXR_0031_0.png,,4020,4892,1,1,horizontal,uint8,8,stored,0.0,255.0,116.4677,70.6981,114.0,0,0.0875,0.0875,,53,636,M,0,sufijo_del_nombre_de_archivo,normal,MontgomerySet/ManualMask/leftMask/MCUCXR_0031_0.png,Trazada bajo supervision de radiologo (Candemir et al. 2014),aceptada,,
MCUCXR_0035_0,,,NLM-MontgomeryCXRSet,NLM 2014 (archivos 2024-08-28),"Montgomery County, Maryland, EE. UU.",CR,MontgomerySet/CXR_png/MCUCXR_0035_0.png,,4892,4020,1,1,vertical,uint8,8,stored,0.0,255.0,88.9369,82.5329,70.0,0,0.0875,0.0875,,20,240,F,0,sufijo_del_nombre_de_archivo,normal,MontgomerySet/ManualMask/leftMask/MCUCXR_0035_0.png,Trazada bajo supervision de radiologo (Candemir et al. 2014),aceptada,,
MCUCXR_0038_0,,,NLM-MontgomeryCXRSet,NLM 2014 (archivos 2024-08-28),"Montgomery County, Maryland, EE. UU.",CR,MontgomerySet/CXR_png/MCUCXR_0038_0.png,,4892,4020,1,1,vertical,uint8,8,stored,0.0,255.0,99.2088,84.5369,86.0,0,0.0875,0.0875,,31,372,F,0,sufijo_del_nombre_de_archivo,normal,MontgomerySet/ManualMask/leftMask/MCUCXR_0038_0.png,Trazada bajo supervision de radiologo (Candemir et al. 2014),aceptada,,
MCUCXR_0040_0,,,NLM-MontgomeryCXRSet,NLM 2014 (archivos 2024-08-28),"Montgomery County, Maryland, EE. UU.",CR,MontgomerySet/CXR_png/MCUCXR_0040_0.png,,4892,4020,1,1,vertical,uint8,8,stored,0.0,255.0,86.2427,77.8444,67.0,0,0.0875,0.0875,,50,600,F,0,sufijo_del_nombre_de_archivo,normal,MontgomerySet/ManualMask/leftMask/MCUCXR_0040_0.png,Trazada bajo supervision de radiologo (Candemir et al. 2014),aceptada,,
MCUCXR_0041_0,,,NLM-MontgomeryCXRSet,NLM 2014 (archivos 2024-08-28),"Montgomery County, Maryland, EE. UU.",CR,MontgomerySet/CXR_png/MCUCXR_0041_0.png,,4020,4892,1,1,horizontal,uint8,8,stored,0.0,255.0,61.4299,70.3432,34.0,0,0.0875,0.0875,,11,132,F,0,sufijo_del_nombre_de_archivo,normal,MontgomerySet/ManualMask/leftMask/MCUCXR_0041_0.png,Trazada bajo supervision de radiologo (Candemir et al. 2014),aceptada,,
MCUCXR_0042_0,,,NLM-MontgomeryCXRSet,NLM 2014 (archivos 2024-08-28),"Montgomery County, Maryland, EE. UU.",CR,MontgomerySet/CXR_png/MCUCXR_0042_0.png,,4020,4892,1,1,horizontal,uint8,8,stored,0.0,255.0,53.0194,76.5566,1.0,0,0.0875,0.0875,,9,108,M,0,sufijo_del_nombre_de_archivo,normal,MontgomerySet/ManualMask/leftMask/MCUCXR_0042_0.png,Trazada bajo supervision de radiologo (Candemir et al. 2014),aceptada,,
MCUCXR_0043_0,,,NLM-MontgomeryCXRSet,NLM 2014 (archivos 2024-08-28),"Montgomery County, Maryland, EE. UU.",CR,MontgomerySet/CXR_png/MCUCXR_0043_0.png,,4020,4892,1,1,horizontal,uint8,8,stored,0.0,255.0,138.7119,80.8565,151.0,0,0.0875,0.0875,,48,576,M,0,sufijo_del_nombre_de_archivo,normal,MontgomerySet/ManualMask/leftMask/MCUCXR_0043_0.png,Trazada bajo supervision de radiologo (Candemir et al. 2014),aceptada,,
MCUCXR_0044_0,,,NLM-MontgomeryCXRSet,NLM 2014 (archivos 2024-08-28),"Montgomery County, Maryland, EE. UU.",CR,MontgomerySet/CXR_png/MCUCXR_0044_0.png,,4892,4020,1,1,vertical,uint8,8,stored,0.0,255.0,139.1313,82.3902,152.0,0,0.0875,0.0875,,34,408,F,0,sufijo_del_nombre_de_archivo,normal,MontgomerySet/ManualMask/leftMask/MCUCXR_0044_0.png,Trazada bajo supervision de radiologo (Candemir et al. 2014),aceptada,,
MCUCXR_0045_0,,,NLM-MontgomeryCXRSet,NLM 2014 (archivos 2024-08-28),"Montgomery County, Maryland, EE. UU.",CR,MontgomerySet/CXR_png/MCUCXR_0045_0.png,,4020,4892,1,1,horizontal,uint8,8,stored,0.0,253.0,115.3916,77.5487,115.0,0,0.0875,0.0875,,52,624,M,0,sufijo_del_nombre_de_archivo,normal,MontgomerySet/ManualMask/leftMask/MCUCXR_0045_0.png,Trazada bajo supervision de radiologo (Candemir et al. 2014),aceptada,,
MCUCXR_0046_0,,,NLM-MontgomeryCXRSet,NLM 2014 (archivos 2024-08-28),"Montgomery County, Maryland, EE. UU.",CR,MontgomerySet/CXR_png/MCUCXR_0046_0.png,,4892,4020,1,1,vertical,uint8,8,stored,0.0,255.0,113.6427,82.1724,109.0,0,0.0875,0.0875,,16,192,F,0,sufijo_del_nombre_de_archivo,normal,MontgomerySet/ManualMask/leftMask/MCUCXR_0046_0.png,Trazada bajo supervision de radiologo (Candemir et al. 2014),aceptada,,
MCUCXR_0047_0,,,NLM-MontgomeryCXRSet,NLM 2014 (archivos 2024-08-28),"Montgomery County, Maryland, EE. UU.",CR,MontgomerySet/CXR_png/MCUCXR_0047_0.png,,4892,4020,1,1,vertical,uint8,8,stored,0.0,255.0,111.3804,87.0667,105.0,0,0.0875,0.0875,,35,420,F,0,sufijo_del_nombre_de_archivo,normal,MontgomerySet/ManualMask/leftMask/MCUCXR_0047_0.png,Trazada bajo supervision de radiologo (Candemir et al. 2014),aceptada,,
MCUCXR_0048_0,,,NLM-MontgomeryCXRSet,NLM 2014 (archivos 2024-08-28),"Montgomery County, Maryland, EE. UU.",CR,MontgomerySet/CXR_png/MCUCXR_0048_0.png,,4892,4020,1,1,vertical,uint8,8,stored,0.0,255.0,102.1452,96.2613,77.0,0,0.0875,0.0875,,26,312,F,0,sufijo_del_nombre_de_archivo,normal,MontgomerySet/ManualMask/leftMask/MCUCXR_0048_0.png,Trazada bajo supervision de radiologo (Candemir et al. 2014),aceptada,,
MCUCXR_0049_0,,,NLM-MontgomeryCXRSet,NLM 2014 (archivos 2024-08-28),"Montgomery County, Maryland, EE. UU.",CR,MontgomerySet/CXR_png/MCUCXR_0049_0.png,,4892,4020,1,1,vertical,uint8,8,stored,0.0,255.0,90.9203,85.8884,75.0,0,0.0875,0.0875,,28,336,F,0,sufijo_del_nombre_de_archivo,normal,MontgomerySet/ManualMask/leftMask/MCUCXR_0049_0.png,Trazada bajo supervision de radiologo (Candemir et al. 2014),aceptada,,
MCUCXR_0051_0,,,NLM-MontgomeryCXRSet,NLM 2014 (archivos 2024-08-28),"Montgomery County, Maryland, EE. UU.",CR,MontgomerySet/CXR_png/MCUCXR_0051_0.png,,4892,4020,1,1,vertical,uint8,8,stored,0.0,255.0,134.4118,79.9549,137.0,0,0.0875,0.0875,,21,252,M,0,sufijo_del_nombre_de_archivo,normal,MontgomerySet/ManualMask/leftMask/MCUCXR_0051_0.png,Trazada bajo supervision de radiologo (Candemir et al. 2014),aceptada,,
MCUCXR_0052_0,,,NLM-MontgomeryCXRSet,NLM 2014 (archivos 2024-08-28),"Montgomery County, Maryland, EE. UU.",CR,MontgomerySet/CXR_png/MCUCXR_0052_0.png,,4892,4020,1,1,vertical,uint8,8,stored,0.0,255.0,106.4791,91.8955,106.0,0,0.0875,0.0875,,30,360,F,0,sufijo_del_nombre_de_archivo,normal,MontgomerySet/ManualMask/leftMask/MCUCXR_0052_0.png,Trazada bajo supervision de radiologo (Candemir et al. 2014),aceptada,,
MCUCXR_0053_0,,,NLM-MontgomeryCXRSet,NLM 2014 (archivos 2024-08-28),"Montgomery County, Maryland, EE. UU.",CR,MontgomerySet/CXR_png/MCUCXR_0053_0.png,,4892,4020,1,1,vertical,uint8,8,stored,0.0,255.0,108.0847,89.908,107.0,0,0.0875,0.0875,,30,360,F,0,sufijo_del_nombre_de_archivo,normal,MontgomerySet/ManualMask/leftMask/MCUCXR_0053_0.png,Trazada bajo supervision de radiologo (Candemir et al. 2014),aceptada,,
MCUCXR_0054_0,,,NLM-MontgomeryCXRSet,NLM 2014 (archivos 2024-08-28),"Montgomery County, Maryland, EE. UU.",CR,MontgomerySet/CXR_png/MCUCXR_0054_0.png,,4892,4020,1,1,vertical,uint8,8,stored,0.0,255.0,123.1563,89.0147,127.0,0,0.0875,0.0875,,25,300,F,0,sufijo_del_nombre_de_archivo,normal,MontgomerySet/ManualMask/leftMask/MCUCXR_0054_0.png,Trazada bajo supervision de radiologo (Candemir et al. 2014),aceptada,,
MCUCXR_0055_0,,,NLM-MontgomeryCXRSet,NLM 2014 (archivos 2024-08-28),"Montgomery County, Maryland, EE. UU.",CR,MontgomerySet/CXR_png/MCUCXR_0055_0.png,,4892,4020,1,1,vertical,uint8,8,stored,0.0,255.0,129.313,81.2229,126.0,0,0.0875,0.0875,,20,240,M,0,sufijo_del_nombre_de_archivo,normal,MontgomerySet/ManualMask/leftMask/MCUCXR_0055_0.png,Trazada bajo supervision de radiologo (Candemir et al. 2014),aceptada,,
MCUCXR_0056_0,,,NLM-MontgomeryCXRSet,NLM 2014 (archivos 2024-08-28),"Montgomery County, Maryland, EE. UU.",CR,MontgomerySet/CXR_png/MCUCXR_0056_0.png,,4892,4020,1,1,vertical,uint8,8,stored,0.0,255.0,91.6806,91.9904,68.0,0,0.0875,0.0875,,32,384,F,0,sufijo_del_nombre_de_archivo,normal,MontgomerySet/ManualMask/leftMask/MCUCXR_0056_0.png,Trazada bajo supervision de radiologo (Candemir et al. 2014),aceptada,,
MCUCXR_0057_0,,,NLM-MontgomeryCXRSet,NLM 2014 (archivos 2024-08-28),"Montgomery County, Maryland, EE. UU.",CR,MontgomerySet/CXR_png/MCUCXR_0057_0.png,,4892,4020,1,1,vertical,uint8,8,stored,0.0,255.0,93.455,86.6804,75.0,0,0.0875,0.0875,,32,384,F,0,sufijo_del_nombre_de_archivo,normal,MontgomerySet/ManualMask/leftMask/MCUCXR_0057_0.png,Trazada bajo supervision de radiologo (Candemir et al. 2014),aceptada,,
MCUCXR_0058_0,,,NLM-MontgomeryCXRSet,NLM 2014 (archivos 2024-08-28),"Montgomery County, Maryland, EE. UU.",CR,MontgomerySet/CXR_png/MCUCXR_0058_0.png,,4892,4020,1,1,vertical,uint8,8,stored,0.0,255.0,104.6022,89.3021,94.0,0,0.0875,0.0875,,44,528,F,0,sufijo_del_nombre_de_archivo,normal,MontgomerySet/ManualMask/leftMask/MCUCXR_0058_0.png,Trazada bajo supervision de radiologo (Candemir et al. 2014),aceptada,,
MCUCXR_0059_0,,,NLM-MontgomeryCXRSet,NLM 2014 (archivos 2024-08-28),"Montgomery County, Maryland, EE. UU.",CR,MontgomerySet/CXR_png/MCUCXR_0059_0.png,,4892,4020,1,1,vertical,uint8,8,stored,0.0,255.0,125.2208,85.5025,129.0,0,0.0875,0.0875,,35,420,F,0,sufijo_del_nombre_de_archivo,normal,MontgomerySet/ManualMask/leftMask/MCUCXR_0059_0.png,Trazada bajo supervision de radiologo (Candemir et al. 2014),aceptada,,
MCUCXR_0060_0,,,NLM-MontgomeryCXRSet,NLM 2014 (archivos 2024-08-28),"Montgomery County, Maryland, EE. UU.",CR,MontgomerySet/CXR_png/MCUCXR_0060_0.png,,4020,4892,1,1,horizontal,uint8,8,stored,0.0,255.0,39.3239,69.8371,0.0,0,0.0875,0.0875,,4,48,M,0,sufijo_del_nombre_de_archivo,normal,MontgomerySet/ManualMask/leftMask/MCUCXR_0060_0.png,Trazada bajo supervision de radiologo (Candemir et al. 2014),aceptada,,
MCUCXR_0061_0,,,NLM-MontgomeryCXRSet,NLM 2014 (archivos 2024-08-28),"Montgomery County, Maryland, EE. UU.",CR,MontgomerySet/CXR_png/MCUCXR_0061_0.png,,4020,4892,1,1,horizontal,uint8,8,stored,0.0,255.0,81.0439,83.7461,65.0,0,0.0875,0.0875,,8,96,F,0,sufijo_del_nombre_de_archivo,normal,MontgomerySet/ManualMask/leftMask/MCUCXR_0061_0.png,Trazada bajo supervision de radiologo (Candemir et al. 2014),aceptada,,
MCUCXR_0062_0,,,NLM-MontgomeryCXRSet,NLM 2014 (archivos 2024-08-28),"Montgomery County, Maryland, EE. UU.",CR,MontgomerySet/CXR_png/MCUCXR_0062_0.png,,4892,4020,1,1,vertical,uint8,8,stored,0.0,255.0,101.2532,89.9709,87.0,0,0.0875,0.0875,,25,300,F,0,sufijo_del_nombre_de_archivo,normal,MontgomerySet/ManualMask/leftMask/MCUCXR_0062_0.png,Trazada bajo supervision de radiologo (Candemir et al. 2014),aceptada,,
MCUCXR_0063_0,,,NLM-MontgomeryCXRSet,NLM 2014 (archivos 2024-08-28),"Montgomery County, Maryland, EE. UU.",CR,MontgomerySet/CXR_png/MCUCXR_0063_0.png,,4892,4020,1,1,vertical,uint8,8,stored,0.0,255.0,136.9663,81.2799,145.0,0,0.0875,0.0875,,34,408,F,0,sufijo_del_nombre_de_archivo,normal,MontgomerySet/ManualMask/leftMask/MCUCXR_0063_0.png,Trazada bajo supervision de radiologo (Candemir et al. 2014),aceptada,,
MCUCXR_0064_0,,,NLM-MontgomeryCXRSet,NLM 2014 (archivos 2024-08-28),"Montgomery County, Maryland, EE. UU.",CR,MontgomerySet/CXR_png/MCUCXR_0064_0.png,,4892,4020,1,1,vertical,uint8,8,stored,0.0,255.0,130.9383,89.9831,141.0,0,0.0875,0.0875,,47,564,F,0,sufijo_del_nombre_de_archivo,normal,MontgomerySet/ManualMask/leftMask/MCUCXR_0064_0.png,Trazada bajo supervision de radiologo (Candemir et al. 2014),aceptada,,
MCUCXR_0068_0,,,NLM-MontgomeryCXRSet,NLM 2014 (archivos 2024-08-28),"Montgomery County, Maryland, EE. UU.",CR,MontgomerySet/CXR_png/MCUCXR_0068_0.png,,4892,4020,1,1,vertical,uint8,8,stored,0.0,255.0,131.2435,92.9258,143.0,0,0.0875,0.0875,,56,672,F,0,sufijo_del_nombre_de_archivo,normal,MontgomerySet/ManualMask/leftMask/MCUCXR_0068_0.png,Trazada bajo supervision de radiologo (Candemir et al. 2014),aceptada,,
MCUCXR_0069_0,,,NLM-MontgomeryCXRSet,NLM 2014 (archivos 2024-08-28),"Montgomery County, Maryland, EE. UU.",CR,MontgomerySet/CXR_png/MCUCXR_0069_0.png,,4892,4020,1,1,vertical,uint8,8,stored,0.0,255.0,127.0387,77.6498,131.0,0,0.0875,0.0875,,50,600,M,0,sufijo_del_nombre_de_archivo,normal,MontgomerySet/ManualMask/leftMask/MCUCXR_0069_0.png,Trazada bajo supervision de radiologo (Candemir et al. 2014),aceptada,,
MCUCXR_0070_0,,,NLM-MontgomeryCXRSet,NLM 2014 (archivos 2024-08-28),"Montgomery County, Maryland, EE. UU.",CR,MontgomerySet/CXR_png/MCUCXR_0070_0.png,,4892,4020,1,1,vertical,uint8,8,stored,0.0,255.0,110.4853,91.8797,107.0,0,0.0875,0.0875,,45,540,F,0,sufijo_del_nombre_de_archivo,normal,MontgomerySet/ManualMask/leftMask/MCUCXR_0070_0.png,Trazada bajo supervision de radiologo (Candemir et al. 2014),aceptada,,
MCUCXR_0071_0,,,NLM-MontgomeryCXRSet,NLM 2014 (archivos 2024-08-28),"Montgomery County, Maryland, EE. UU.",CR,MontgomerySet/CXR_png/MCUCXR_0071_0.png,,4892,4020,1,1,vertical,uint8,8,stored,0.0,255.0,112.1783,81.6052,111.0,0,0.0875,0.0875,,33,396,F,0,sufijo_del_nombre_de_archivo,normal,MontgomerySet/ManualMask/leftMask/MCUCXR_0071_0.png,Trazada bajo supervision de radiologo (Candemir et al. 2014),aceptada,,
MCUCXR_0072_0,,,NLM-MontgomeryCXRSet,NLM 2014 (archivos 2024-08-28),"Montgomery County, Maryland, EE. UU.",CR,MontgomerySet/CXR_png/MCUCXR_0072_0.png,,4892,4020,1,1,vertical,uint8,8,stored,0.0,255.0,119.2962,86.4342,124.0,0,0.0875,0.0875,,43,516,F,0,sufijo_del_nombre_de_archivo,normal,MontgomerySet/ManualMask/leftMask/MCUCXR_0072_0.png,Trazada bajo supervision de radiologo (Candemir et al. 2014),aceptada,,
MCUCXR_0074_0,,,NLM-MontgomeryCXRSet,NLM 2014 (archivos 2024-08-28),"Montgomery County, Maryland, EE. UU.",CR,MontgomerySet/CXR_png/MCUCXR_0074_0.png,,4892,4020,1,1,vertical,uint8,8,stored,0.0,255.0,116.2508,94.4872,118.0,0,0.0875,0.0875,,56,672,F,0,sufijo_del_nombre_de_archivo,normal,MontgomerySet/ManualMask/leftMask/MCUCXR_0074_0.png,Trazada bajo supervision de radiologo (Candemir et al. 2014),aceptada,,
MCUCXR_0075_0,,,NLM-MontgomeryCXRSet,NLM 2014 (archivos 2024-08-28),"Montgomery County, Maryland, EE. UU.",CR,MontgomerySet/CXR_png/MCUCXR_0075_0.png,,4892,4020,1,1,vertical,uint8,8,stored,0.0,255.0,109.2451,90.4176,92.0,0,0.0875,0.0875,,14,168,M,0,sufijo_del_nombre_de_archivo,normal,MontgomerySet/ManualMask/leftMask/MCUCXR_0075_0.png,Trazada bajo supervision de radiologo (Candemir et al. 2014),aceptada,,
MCUCXR_0077_0,,,NLM-MontgomeryCXRSet,NLM 2014 (archivos 2024-08-28),"Montgomery County, Maryland, EE. UU.",CR,MontgomerySet/CXR_png/MCUCXR_0077_0.png,,4020,4892,1,1,horizontal,uint8,8,stored,0.0,255.0,58.533,79.8392,3.0,0,0.0875,0.0875,,8,96,F,0,sufijo_del_nombre_de_archivo,normal,MontgomerySet/ManualMask/leftMask/MCUCXR_0077_0.png,Trazada bajo supervision de radiologo (Candemir et al. 2014),aceptada,,
MCUCXR_0079_0,,,NLM-MontgomeryCXRSet,NLM 2014 (archivos 2024-08-28),"Montgomery County, Maryland, EE. UU.",CR,MontgomerySet/CXR_png/MCUCXR_0079_0.png,,4020,4892,1,1,horizontal,uint8,8,stored,0.0,255.0,133.4538,71.1629,135.0,0,0.0875,0.0875,,44,528,M,0,sufijo_del_nombre_de_archivo,normal,MontgomerySet/ManualMask/leftMask/MCUCXR_0079_0.png,Trazada bajo supervision de radiologo (Candemir et al. 2014),aceptada,,
MCUCXR_0080_0,,,NLM-MontgomeryCXRSet,NLM 2014 (archivos 2024-08-28),"Montgomery County, Maryland, EE. UU.",CR,MontgomerySet/CXR_png/MCUCXR_0080_0.png,,4020,4892,1,1,horizontal,uint8,8,stored,0.0,255.0,58.5323,79.8212,4.0,0,0.0875,0.0875,,5,60,O,0,sufijo_del_nombre_de_archivo,normal,MontgomerySet/ManualMask/leftMask/MCUCXR_0080_0.png,Trazada bajo supervision de radiologo (Candemir et al. 2014),aceptada,,
MCUCXR_0081_0,,,NLM-MontgomeryCXRSet,NLM 2014 (archivos 2024-08-28),"Montgomery County, Maryland, EE. UU.",CR,MontgomerySet/CXR_png/MCUCXR_0081_0.png,,4892,4020,1,1,vertical,uint8,8,stored,0.0,255.0,101.5195,85.8299,86.0,0,0.0875,0.0875,,18,216,F,0,sufijo_del_nombre_de_archivo,normal,MontgomerySet/ManualMask/leftMask/MCUCXR_0081_0.png,Trazada bajo supervision de radiologo (Candemir et al. 2014),aceptada,,
MCUCXR_0082_0,,,NLM-MontgomeryCXRSet,NLM 2014 (archivos 2024-08-28),"Montgomery County, Maryland, EE. UU.",CR,MontgomerySet/CXR_png/MCUCXR_0082_0.png,,4892,4020,1,1,vertical,uint8,8,stored,0.0,255.0,121.6557,84.9949,126.0,0,0.0875,0.0875,,20,240,F,0,sufijo_del_nombre_de_archivo,normal,MontgomerySet/ManualMask/leftMask/MCUCXR_0082_0.png,Trazada bajo supervision de radiologo (Candemir et al. 2014),aceptada,,
MCUCXR_0083_0,,,NLM-MontgomeryCXRSet,NLM 2014 (archivos 2024-08-28),"Montgomery County, Maryland, EE. UU.",CR,MontgomerySet/CXR_png/MCUCXR_0083_0.png,,4020,4892,1,1,horizontal,uint8,8,stored,0.0,255.0,128.1611,80.6229,131.0,0,0.0875,0.0875,,52,624,M,0,sufijo_del_nombre_de_archivo,normal,MontgomerySet/ManualMask/leftMask/MCUCXR_0083_0.png,Trazada bajo supervision de radiologo (Candemir et al. 2014),aceptada,,
MCUCXR_0084_0,,,NLM-MontgomeryCXRSet,NLM 2014 (archivos 2024-08-28),"Montgomery County, Maryland, EE. UU.",CR,MontgomerySet/CXR_png/MCUCXR_0084_0.png,,4020,4892,1,1,horizontal,uint8,8,stored,0.0,255.0,137.1319,81.9539,147.0,0,0.0875,0.0875,,43,516,F,0,sufijo_del_nombre_de_archivo,normal,MontgomerySet/ManualMask/leftMask/MCUCXR_0084_0.png,Trazada bajo supervision de radiologo (Candemir et al. 2014),aceptada,,
MCUCXR_0085_0,,,NLM-MontgomeryCXRSet,NLM 2014 (archivos 2024-08-28),"Montgomery County, Maryland, EE. UU.",CR,MontgomerySet/CXR_png/MCUCXR_0085_0.png,,4892,4020,1,1,vertical,uint8,8,stored,0.0,255.0,154.2962,79.4718,171.0,0,0.0875,0.0875,,56,672,F,0,sufijo_del_nombre_de_archivo,normal,MontgomerySet/ManualMask/leftMask/MCUCXR_0085_0.png,Trazada bajo supervision de radiologo (Candemir et al. 2014),aceptada,,
MCUCXR_0086_0,,,NLM-MontgomeryCXRSet,NLM 2014 (archivos 2024-08-28),"Montgomery County, Maryland, EE. UU.",CR,MontgomerySet/CXR_png/MCUCXR_0086_0.png,,4892,4020,1,1,vertical,uint8,8,stored,0.0,255.0,102.5351,93.7412,89.0,0,0.0875,0.0875,,28,336,F,0,sufijo_del_nombre_de_archivo,normal,MontgomerySet/ManualMask/leftMask/MCUCXR_0086_0.png,Trazada bajo supervision de radiologo (Candemir et al. 2014),aceptada,,
MCUCXR_0087_0,,,NLM-MontgomeryCXRSet,NLM 2014 (archivos 2024-08-28),"Montgomery County, Maryland, EE. UU.",CR,MontgomerySet/CXR_png/MCUCXR_0087_0.png,,4892,4020,1,1,vertical,uint8,8,stored,0.0,255.0,101.9811,87.7833,87.0,0,0.0875,0.0875,,44,528,F,0,sufijo_del_nombre_de_archivo,normal,MontgomerySet/ManualMask/leftMask/MCUCXR_0087_0.png,Trazada bajo supervision de radiologo (Candemir et al. 2014),aceptada,,
MCUCXR_0089_0,,,NLM-MontgomeryCXRSet,NLM 2014 (archivos 2024-08-28),"Montgomery County, Maryland, EE. UU.",CR,MontgomerySet/CXR_png/MCUCXR_0089_0.png,,4020,4892,1,1,horizontal,uint8,8,stored,0.0,255.0,143.0748,72.5803,153.0,0,0.0875,0.0875,,44,528,M,0,sufijo_del_nombre_de_archivo,normal,MontgomerySet/ManualMask/leftMask/MCUCXR_0089_0.png,Trazada bajo supervision de radiologo (Candemir et al. 2014),aceptada,,
MCUCXR_0090_0,,,NLM-MontgomeryCXRSet,NLM 2014 (archivos 2024-08-28),"Montgomery County, Maryland, EE. UU.",CR,MontgomerySet/CXR_png/MCUCXR_0090_0.png,,4020,4892,1,1,horizontal,uint8,8,stored,0.0,255.0,120.1595,73.9243,113.0,0,0.0875,0.0875,,44,528,M,0,sufijo_del_nombre_de_archivo,normal,MontgomerySet/ManualMask/leftMask/MCUCXR_0090_0.png,Trazada bajo supervision de radiologo (Candemir et al. 2014),aceptada,,
MCUCXR_0091_0,,,NLM-MontgomeryCXRSet,NLM 2014 (archivos 2024-08-28),"Montgomery County, Maryland, EE. UU.",CR,MontgomerySet/CXR_png/MCUCXR_0091_0.png,,4892,4020,1,1,vertical,uint8,8,stored,0.0,255.0,118.5942,81.7484,116.0,0,0.0875,0.0875,,23,276,M,0,sufijo_del_nombre_de_archivo,normal,MontgomerySet/ManualMask/leftMask/MCUCXR_0091_0.png,Trazada bajo supervision de radiologo (Candemir et al. 2014),aceptada,,
MCUCXR_0092_0,,,NLM-MontgomeryCXRSet,NLM 2014 (archivos 2024-08-28),"Montgomery County, Maryland, EE. UU.",CR,MontgomerySet/CXR_png/MCUCXR_0092_0.png,,4020,4892,1,1,horizontal,uint8,8,stored,0.0,255.0,122.8883,79.5888,128.0,0,0.0875,0.0875,,44,528,M,0,sufijo_del_nombre_de_archivo,normal,MontgomerySet/ManualMask/leftMask/MCUCXR_0092_0.png,Trazada bajo supervision de radiologo (Candemir et al. 2014),aceptada,,
MCUCXR_0094_0,,,NLM-MontgomeryCXRSet,NLM 2014 (archivos 2024-08-28),"Montgomery County, Maryland, EE. UU.",CR,MontgomerySet/CXR_png/MCUCXR_0094_0.png,,4892,4020,1,1,vertical,uint8,8,stored,0.0,255.0,100.5332,91.0351,80.0,0,0.0875,0.0875,,65,780,F,0,sufijo_del_nombre_de_archivo,normal,MontgomerySet/ManualMask/leftMask/MCUCXR_0094_0.png,Trazada bajo supervision de radiologo (Candemir et al. 2014),aceptada,,
MCUCXR_0095_0,,,NLM-MontgomeryCXRSet,NLM 2014 (archivos 2024-08-28),"Montgomery County, Maryland, EE. UU.",CR,MontgomerySet/CXR_png/MCUCXR_0095_0.png,,4020,4892,1,1,horizontal,uint8,8,stored,0.0,255.0,124.7072,71.871,125.0,0,0.0875,0.0875,,53,636,M,0,sufijo_del_nombre_de_archivo,normal,MontgomerySet/ManualMask/leftMask/MCUCXR_0095_0.png,Trazada bajo supervision de radiologo (Candemir et al. 2014),aceptada,,
MCUCXR_0096_0,,,NLM-MontgomeryCXRSet,NLM 2014 (archivos 2024-08-28),"Montgomery County, Maryland, EE. UU.",CR,MontgomerySet/CXR_png/MCUCXR_0096_0.png,,4892,4020,1,1,vertical,uint8,8,stored,0.0,255.0,129.0475,89.0373,140.0,0,0.0875,0.0875,,43,516,F,0,sufijo_del_nombre_de_archivo,normal,MontgomerySet/ManualMask/leftMask/MCUCXR_0096_0.png,Trazada bajo supervision de radiologo (Candemir et al. 2014),aceptada,,
MCUCXR_0097_0,,,NLM-MontgomeryCXRSet,NLM 2014 (archivos 2024-08-28),"Montgomery County, Maryland, EE. UU.",CR,MontgomerySet/CXR_png/MCUCXR_0097_0.png,,4892,4020,1,1,vertical,uint8,8,stored,0.0,255.0,111.4051,88.1406,102.0,0,0.0875,0.0875,,16,192,F,0,sufijo_del_nombre_de_archivo,normal,MontgomerySet/ManualMask/leftMask/MCUCXR_0097_0.png,Trazada bajo supervision de radiologo (Candemir et al. 2014),aceptada,,
MCUCXR_0099_0,,,NLM-MontgomeryCXRSet,NLM 2014 (archivos 2024-08-28),"Montgomery County, Maryland, EE. UU.",CR,MontgomerySet/CXR_png/MCUCXR_0099_0.png,,4892,4020,1,1,vertical,uint8,8,stored,0.0,255.0,127.2284,81.6663,118.0,0,0.0875,0.0875,,30,360,F,0,sufijo_del_nombre_de_archivo,normal,MontgomerySet/ManualMask/leftMask/MCUCXR_0099_0.png,Trazada bajo supervision de radiologo (Candemir et al. 2014),aceptada,,
MCUCXR_0100_0,,,NLM-MontgomeryCXRSet,NLM 2014 (archivos 2024-08-28),"Montgomery County, Maryland, EE. UU.",CR,MontgomerySet/CXR_png/MCUCXR_0100_0.png,,4892,4020,1,1,vertical,uint8,8,stored,0.0,255.0,115.5464,86.9509,116.0,0,0.0875,0.0875,,39,468,F,0,sufijo_del_nombre_de_archivo,normal,MontgomerySet/ManualMask/leftMask/MCUCXR_0100_0.png,Trazada bajo supervision de radiologo (Candemir et al. 2014),aceptada,,
MCUCXR_0101_0,,,NLM-MontgomeryCXRSet,NLM 2014 (archivos 2024-08-28),"Montgomery County, Maryland, EE. UU.",CR,MontgomerySet/CXR_png/MCUCXR_0101_0.png,,4892,4020,1,1,vertical,uint8,8,stored,0.0,255.0,111.6169,90.191,100.0,0,0.0875,0.0875,,17,204,F,0,sufijo_del_nombre_de_archivo,normal,MontgomerySet/ManualMask/leftMask/MCUCXR_0101_0.png,Trazada bajo supervision de radiologo (Candemir et al. 2014),aceptada,,
MCUCXR_0102_0,,,NLM-MontgomeryCXRSet,NLM 2014 (archivos 2024-08-28),"Montgomery County, Maryland, EE. UU.",CR,MontgomerySet/CXR_png/MCUCXR_0102_0.png,,4020,4892,1,1,horizontal,uint8,8,stored,0.0,255.0,130.1481,72.9264,135.0,0,0.0875,0.0875,,45,540,M,0,sufijo_del_nombre_de_archivo,normal,MontgomerySet/ManualMask/leftMask/MCUCXR_0102_0.png,Trazada bajo supervision de radiologo (Candemir et al. 2014),aceptada,,
MCUCXR_0103_0,,,NLM-MontgomeryCXRSet,NLM 2014 (archivos 2024-08-28),"Montgomery County, Maryland, EE. UU.",CR,MontgomerySet/CXR_png/MCUCXR_0103_0.png,,4020,4892,1,1,horizontal,uint8,8,stored,0.0,255.0,119.5085,74.2767,118.0,0,0.0875,0.0875,,32,384,M,0,sufijo_del_nombre_de_archivo,normal,MontgomerySet/ManualMask/leftMask/MCUCXR_0103_0.png,Trazada bajo supervision de radiologo (Candemir et al. 2014),aceptada,,
MCUCXR_0104_1,,,NLM-MontgomeryCXRSet,NLM 2014 (archivos 2024-08-28),"Montgomery County, Maryland, EE. UU.",CR,MontgomerySet/CXR_png/MCUCXR_0104_1.png,,4892,4020,1,1,vertical,uint8,8,stored,0.0,255.0,98.8818,81.2964,74.0,0,0.0875,0.0875,,59,708,M,1,sufijo_del_nombre_de_archivo,"inactive TB scars LUL, unchanged for 2Y, pt previously treated DOT (17Y ago) for pan-sensitive disease",MontgomerySet/ManualMask/leftMask/MCUCXR_0104_1.png,Trazada bajo supervision de radiologo (Candemir et al. 2014),aceptada,,
MCUCXR_0108_1,,,NLM-MontgomeryCXRSet,NLM 2014 (archivos 2024-08-28),"Montgomery County, Maryland, EE. UU.",CR,MontgomerySet/CXR_png/MCUCXR_0108_1.png,,4892,4020,1,1,vertical,uint8,8,stored,0.0,255.0,98.764,83.602,81.0,0,0.0875,0.0875,,40,480,M,1,sufijo_del_nombre_de_archivo,extensive cavitary TB smear and culture positive involving LUL lungula and some areas in rt lung as well; pt had previously normal CXR (1Y ago) but positive TST and contact with active case,MontgomerySet/ManualMask/leftMask/MCUCXR_0108_1.png,Trazada bajo supervision de radiologo (Candemir et al. 2014),aceptada,,
MCUCXR_0113_1,MC_SUBJ_001,agrupado_por_sexo_edad_y_vistas_previas,NLM-MontgomeryCXRSet,NLM 2014 (archivos 2024-08-28),"Montgomery County, Maryland, EE. UU.",CR,MontgomerySet/CXR_png/MCUCXR_0113_1.png,,4892,4020,1,1,vertical,uint8,8,stored,0.0,255.0,112.6001,89.618,111.0,0,0.0875,0.0875,,84,1008,F,1,sufijo_del_nombre_de_archivo,bilateral miliary nodules diffusely with RML infiltrate and right pleural effusion; an old calcified granuloma is present behind heart in the LLL; all findings consistent with active TB,MontgomerySet/ManualMask/leftMask/MCUCXR_0113_1.png,Trazada bajo supervision de radiologo (Candemir et al. 2014),aceptada,,
MCUCXR_0117_1,MC_SUBJ_001,referencia_cruzada_en_lectura,NLM-MontgomeryCXRSet,NLM 2014 (archivos 2024-08-28),"Montgomery County, Maryland, EE. UU.",CR,MontgomerySet/CXR_png/MCUCXR_0117_1.png,,4892,4020,1,1,vertical,uint8,8,stored,0.0,255.0,92.2525,86.3467,76.0,0,0.0875,0.0875,,85,1020,F,1,sufijo_del_nombre_de_archivo,stable CXR since 6M; off Rx since 6M (same pt as MCUCXR_0113_1),MontgomerySet/ManualMask/leftMask/MCUCXR_0117_1.png,Trazada bajo supervision de radiologo (Candemir et al. 2014),aceptada,,
MCUCXR_0126_1,,,NLM-MontgomeryCXRSet,NLM 2014 (archivos 2024-08-28),"Montgomery County, Maryland, EE. UU.",CR,MontgomerySet/CXR_png/MCUCXR_0126_1.png,,4892,4020,1,1,vertical,uint8,8,stored,0.0,255.0,112.3091,85.2003,113.0,0,0.0875,0.0875,,46,552,M,1,sufijo_del_nombre_de_archivo,"large right pleural effusion, positive TST, TB pleural effusion likely",MontgomerySet/ManualMask/leftMask/MCUCXR_0126_1.png,Trazada bajo supervision de radiologo (Candemir et al. 2014),aceptada,,
MCUCXR_0140_1,,,NLM-MontgomeryCXRSet,NLM 2014 (archivos 2024-08-28),"Montgomery County, Maryland, EE. UU.",CR,MontgomerySet/CXR_png/MCUCXR_0140_1.png,,4020,4892,1,1,horizontal,uint8,8,stored,0.0,255.0,114.9381,73.4254,111.0,0,0.0875,0.0875,,34,408,M,1,sufijo_del_nombre_de_archivo,small LUL calcified granuloma; pt on rx for culture positive psoas abscess with abdominal lymphadenopathy since 6M,MontgomerySet/ManualMask/leftMask/MCUCXR_0140_1.png,Trazada bajo supervision de radiologo (Candemir et al. 2014),aceptada,,
MCUCXR_0141_1,,,NLM-MontgomeryCXRSet,NLM 2014 (archivos 2024-08-28),"Montgomery County, Maryland, EE. UU.",CR,MontgomerySet/CXR_png/MCUCXR_0141_1.png,,4892,4020,1,1,vertical,uint8,8,stored,0.0,255.0,134.708,79.0449,137.0,0,0.0875,0.0875,,27,324,M,1,sufijo_del_nombre_de_archivo,"LUL infiltrate, ? small areas of cavitation, IMP: active TB",MontgomerySet/ManualMask/leftMask/MCUCXR_0141_1.png,Trazada bajo supervision de radiologo (Candemir et al. 2014),aceptada,,
MCUCXR_0142_1,,,NLM-MontgomeryCXRSet,NLM 2014 (archivos 2024-08-28),"Montgomery County, Maryland, EE. UU.",CR,MontgomerySet/CXR_png/MCUCXR_0142_1.png,,4892,4020,1,1,vertical,uint8,8,stored,0.0,255.0,99.1888,88.5078,78.0,0,0.0875,0.0875,,43,516,F,1,sufijo_del_nombre_de_archivo,cavitary infiltrate near left hilum consistent with TB in superior segment LLL,MontgomerySet/ManualMask/leftMask/MCUCXR_0142_1.png,Trazada bajo supervision de radiologo (Candemir et al. 2014),aceptada,,
MCUCXR_0144_1,,,NLM-MontgomeryCXRSet,NLM 2014 (archivos 2024-08-28),"Montgomery County, Maryland, EE. UU.",CR,MontgomerySet/CXR_png/MCUCXR_0144_1.png,,4892,4020,1,1,vertical,uint8,8,stored,0.0,255.0,137.5624,80.0988,150.0,0,0.0875,0.0875,,67,804,M,1,sufijo_del_nombre_de_archivo,"smear positive, active TB LUL apex",MontgomerySet/ManualMask/leftMask/MCUCXR_0144_1.png,Trazada bajo supervision de radiologo (Candemir et al. 2014),aceptada,,
MCUCXR_0150_1,,,NLM-MontgomeryCXRSet,NLM 2014 (archivos 2024-08-28),"Montgomery County, Maryland, EE. UU.",CR,MontgomerySet/CXR_png/MCUCXR_0150_1.png,,4892,4020,1,1,vertical,uint8,8,stored,0.0,255.0,119.9753,85.7728,120.0,0,0.0875,0.0875,,32,384,M,1,sufijo_del_nombre_de_archivo,"extensive infiltrates bilaterally with large cavity in RUL and a moderate pleural effusion on the left. AFB smears and RNA probes pos for MTB. Active TB, cavitary.",MontgomerySet/ManualMask/leftMask/MCUCXR_0150_1.png,Trazada bajo supervision de radiologo (Candemir et al. 2014),aceptada,,
MCUCXR_0162_1,MC_SUBJ_002,agrupado_por_sexo_edad_y_vistas_previas,NLM-MontgomeryCXRSet,NLM 2014 (archivos 2024-08-28),"Montgomery County, Maryland, EE. UU.",CR,MontgomerySet/CXR_png/MCUCXR_0162_1.png,,4892,4020,1,1,vertical,uint8,8,stored,0.0,255.0,114.7529,78.4311,102.0,0,0.0875,0.0875,,49,588,M,1,sufijo_del_nombre_de_archivo,"RUL apical fibrotic disease with some calcifications; extensive irregular infiltrates in left lung with a large area of cavitation/ findings consistent with old inactive disease in RL and new active TB in LL. On the lordotic view, in the rt apex a large thin walled cavity is visible, making active disease in the area likely as well.",MontgomerySet/ManualMask/leftMask/MCUCXR_0162_1.png,Trazada bajo supervision de radiologo (Candemir et al. 2014),aceptada,,
MCUCXR_0166_1,MC_SUBJ_002,referencia_cruzada_en_lectura,NLM-MontgomeryCXRSet,NLM 2014 (archivos 2024-08-28),"Montgomery County, Maryland, EE. UU.",CR,MontgomerySet/CXR_png/MCUCXR_0166_1.png,,4892,4020,1,1,vertical,uint8,8,stored,0.0,255.0,120.6064,80.7647,113.0,0,0.0875,0.0875,,49,588,M,1,sufijo_del_nombre_de_archivo,NO REPORT (same pt as MCUCXR_0162_1),MontgomerySet/ManualMask/leftMask/MCUCXR_0166_1.png,Trazada bajo supervision de radiologo (Candemir et al. 2014),aceptada,,
MCUCXR_0170_1,MC_SUBJ_002,agrupado_por_sexo_edad_y_vistas_previas,NLM-MontgomeryCXRSet,NLM 2014 (archivos 2024-08-28),"Montgomery County, Maryland, EE. UU.",CR,MontgomerySet/CXR_png/MCUCXR_0170_1.png,,4892,4020,1,1,vertical,uint8,8,stored,0.0,255.0,120.8924,78.6435,114.0,0,0.0875,0.0875,,49,588,M,1,sufijo_del_nombre_de_archivo,"CXR similar to prior views 1M and 2M ago with some slight improvement; on HRZ(E)x2 months, AFB smears neg now, will switch to HR only (same pt as MCUCXR_0166_1, MCUCXR_0162_1)",MontgomerySet/ManualMask/leftMask/MCUCXR_0170_1.png,Trazada bajo supervision de radiologo (Candemir et al. 2014),aceptada,,
MCUCXR_0173_1,,,NLM-MontgomeryCXRSet,NLM 2014 (archivos 2024-08-28),"Montgomery County, Maryland, EE. UU.",CR,MontgomerySet/CXR_png/MCUCXR_0173_1.png,,4020,4892,1,1,horizontal,uint8,8,stored,0.0,255.0,121.1643,72.3569,120.0,0,0.0875,0.0875,,54,648,M,1,sufijo_del_nombre_de_archivo,"improved infiltrates in both lungs; a cavity is now visible in lingula compared with 1M ago. culture positive, pan-sensitive, on HRZ(E) since 1M",MontgomerySet/ManualMask/leftMask/MCUCXR_0173_1.png,Trazada bajo supervision de radiologo (Candemir et al. 2014),aceptada,,
MCUCXR_0182_1,,,NLM-MontgomeryCXRSet,NLM 2014 (archivos 2024-08-28),"Montgomery County, Maryland, EE. UU.",CR,MontgomerySet/CXR_png/MCUCXR_0182_1.png,,4020,4892,1,1,horizontal,uint8,8,stored,0.0,255.0,119.3869,75.7413,118.0,0,0.0875,0.0875,,30,360,M,1,sufijo_del_nombre_de_archivo,"pleural TB, on treatment",MontgomerySet/ManualMask/leftMask/MCUCXR_0182_1.png,Trazada bajo supervision de radiologo (Candemir et al. 2014),aceptada,,
MCUCXR_0188_1,,,NLM-MontgomeryCXRSet,NLM 2014 (archivos 2024-08-28),"Montgomery County, Maryland, EE. UU.",CR,MontgomerySet/CXR_png/MCUCXR_0188_1.png,,4892,4020,1,1,vertical,uint8,8,stored,0.0,255.0,118.9233,79.9931,112.0,0,0.0875,0.0875,,61,732,M,1,sufijo_del_nombre_de_archivo,"cavitary disease RUL with possible small loculated pneumothorax adjacent; has multiuple coarse nodules in RLL as well as lesser amounts in LLL; pt has h/o prior treatment 1Y (6Y ago); no comparison films available; relapsed disease highly likely. pt grew NTM from several specimens, not MTB.",MontgomerySet/ManualMask/leftMask/MCUCXR_0188_1.png,Trazada bajo supervision de radiologo (Candemir et al. 2014),aceptada,,
MCUCXR_0194_1,,,NLM-MontgomeryCXRSet,NLM 2014 (archivos 2024-08-28),"Montgomery County, Maryland, EE. UU.",CR,MontgomerySet/CXR_png/MCUCXR_0194_1.png,,4892,4020,1,1,vertical,uint8,8,stored,0.0,255.0,109.1314,85.3624,102.0,0,0.0875,0.0875,,73,876,M,1,sufijo_del_nombre_de_archivo,"h/o TB rx in xxx 44Y ago with IN PAS SM; has rt apical dense fibrosis, calcification rt lower lung and pleural angle blunting; all compared with inactive disease and h/o treatment.",MontgomerySet/ManualMask/leftMask/MCUCXR_0194_1.png,Trazada bajo supervision de radiologo (Candemir et al. 2014),aceptada,,
MCUCXR_0195_1,,,NLM-MontgomeryCXRSet,NLM 2014 (archivos 2024-08-28),"Montgomery County, Maryland, EE. UU.",CR,MontgomerySet/CXR_png/MCUCXR_0195_1.png,,4892,4020,1,1,vertical,uint8,8,stored,0.0,255.0,106.8582,83.3968,106.0,0,0.0875,0.0875,,44,528,F,1,sufijo_del_nombre_de_archivo,has inactive appearing scars in LUL; h/o treatment in hospital 17Y ago for 6M in xxx. No comparison films. Recommend followup CXR in 6M. Findings consistent with inactive treated disease.,MontgomerySet/ManualMask/leftMask/MCUCXR_0195_1.png,Trazada bajo supervision de radiologo (Candemir et al. 2014),aceptada,,
MCUCXR_0196_1,,,NLM-MontgomeryCXRSet,NLM 2014 (archivos 2024-08-28),"Montgomery County, Maryland, EE. UU.",CR,MontgomerySet/CXR_png/MCUCXR_0196_1.png,,4892,4020,1,1,vertical,uint8,8,stored,0.0,255.0,105.3245,92.9019,90.0,0,0.0875,0.0875,,26,312,F,1,sufijo_del_nombre_de_archivo,"dense scarring in LUL with volume loss, lesser scarring in RUL; appears similar to old filmes from 3Y ago and 4Y ago. Treated 4Y ago for 6M for INH resistant TB",MontgomerySet/ManualMask/leftMask/MCUCXR_0196_1.png,Trazada bajo supervision de radiologo (Candemir et al. 2014),aceptada,,
MCUCXR_0203_1,,,NLM-MontgomeryCXRSet,NLM 2014 (archivos 2024-08-28),"Montgomery County, Maryland, EE. UU.",CR,MontgomerySet/CXR_png/MCUCXR_0203_1.png,,4892,4020,1,1,vertical,uint8,8,stored,0.0,255.0,109.3262,83.1515,105.0,0,0.0875,0.0875,,68,816,M,1,sufijo_del_nombre_de_archivo,"bilateral changes of cavitary TB in upper lobes, more extensive on the right; the RML appears to be involved as well.",MontgomerySet/ManualMask/leftMask/MCUCXR_0203_1.png,Trazada bajo supervision de radiologo (Candemir et al. 2014),aceptada,,
MCUCXR_0213_1,,,NLM-MontgomeryCXRSet,NLM 2014 (archivos 2024-08-28),"Montgomery County, Maryland, EE. UU.",CR,MontgomerySet/CXR_png/MCUCXR_0213_1.png,,4892,4020,1,1,vertical,uint8,8,stored,0.0,255.0,113.9035,82.2654,107.0,0,0.0875,0.0875,,89,1068,F,1,sufijo_del_nombre_de_archivo,inactive scars RML. has completed treatment,MontgomerySet/ManualMask/leftMask/MCUCXR_0213_1.png,Trazada bajo supervision de radiologo (Candemir et al. 2014),aceptada,,
MCUCXR_0218_1,,,NLM-MontgomeryCXRSet,NLM 2014 (archivos 2024-08-28),"Montgomery County, Maryland, EE. UU.",CR,MontgomerySet/CXR_png/MCUCXR_0218_1.png,,4892,4020,1,1,vertical,uint8,8,stored,0.0,255.0,144.2551,78.1424,155.0,0,0.0875,0.0875,,46,552,F,1,sufijo_del_nombre_de_archivo,inactive and partly calcified scars and granulomas in RUL. pt completed 4HRZE 4HP DOT for neg culture smear (positive disease),MontgomerySet/ManualMask/leftMask/MCUCXR_0218_1.png,Trazada bajo supervision de radiologo (Candemir et al. 2014),aceptada,,
MCUCXR_0223_1,,,NLM-MontgomeryCXRSet,NLM 2014 (archivos 2024-08-28),"Montgomery County, Maryland, EE. UU.",CR,MontgomerySet/CXR_png/MCUCXR_0223_1.png,,4020,4892,1,1,horizontal,uint8,8,stored,0.0,255.0,121.8568,76.0866,123.0,0,0.0875,0.0875,,67,804,M,1,sufijo_del_nombre_de_archivo,improving infiltrate in LUL,MontgomerySet/ManualMask/leftMask/MCUCXR_0223_1.png,Trazada bajo supervision de radiologo (Candemir et al. 2014),aceptada,,
MCUCXR_0228_1,,,NLM-MontgomeryCXRSet,NLM 2014 (archivos 2024-08-28),"Montgomery County, Maryland, EE. UU.",CR,MontgomerySet/CXR_png/MCUCXR_0228_1.png,,4892,4020,1,1,vertical,uint8,8,stored,0.0,255.0,105.0922,84.8497,98.0,0,0.0875,0.0875,,32,384,M,1,sufijo_del_nombre_de_archivo,"positive improvement in cavities, infiltrates, and left effusion",MontgomerySet/ManualMask/leftMask/MCUCXR_0228_1.png,Trazada bajo supervision de radiologo (Candemir et al. 2014),aceptada,,
MCUCXR_0243_1,,,NLM-MontgomeryCXRSet,NLM 2014 (archivos 2024-08-28),"Montgomery County, Maryland, EE. UU.",CR,MontgomerySet/CXR_png/MCUCXR_0243_1.png,,4020,4892,1,1,horizontal,uint8,8,stored,0.0,255.0,128.5108,71.6706,128.0,0,0.0875,0.0875,,54,648,M,1,sufijo_del_nombre_de_archivo,"improving infiltrate, active TB",MontgomerySet/ManualMask/leftMask/MCUCXR_0243_1.png,Trazada bajo supervision de radiologo (Candemir et al. 2014),aceptada,,
MCUCXR_0251_1,,,NLM-MontgomeryCXRSet,NLM 2014 (archivos 2024-08-28),"Montgomery County, Maryland, EE. UU.",CR,MontgomerySet/CXR_png/MCUCXR_0251_1.png,,4020,4892,1,1,horizontal,uint8,8,stored,0.0,255.0,87.2436,82.206,62.0,0,0.0875,0.0875,,77,924,F,1,sufijo_del_nombre_de_archivo,RUL fibrocavitary disease with volume loss and tracheal deviation to right; COPD scoliosis;,MontgomerySet/ManualMask/leftMask/MCUCXR_0251_1.png,Trazada bajo supervision de radiologo (Candemir et al. 2014),aceptada,,
MCUCXR_0253_1,,,NLM-MontgomeryCXRSet,NLM 2014 (archivos 2024-08-28),"Montgomery County, Maryland, EE. UU.",CR,MontgomerySet/CXR_png/MCUCXR_0253_1.png,,4892,4020,1,1,vertical,uint8,8,stored,0.0,255.0,96.2014,81.1503,80.0,0,0.0875,0.0875,,31,372,M,1,sufijo_del_nombre_de_archivo,worsening diffuse infiltrate bilaterally with fine nodular appearance; recent PCP treatment; recurrent PCP likely although miliary TB is also observed.,MontgomerySet/ManualMask/leftMask/MCUCXR_0253_1.png,Trazada bajo supervision de radiologo (Candemir et al. 2014),aceptada,,
MCUCXR_0254_1,,,NLM-MontgomeryCXRSet,NLM 2014 (archivos 2024-08-28),"Montgomery County, Maryland, EE. UU.",CR,MontgomerySet/CXR_png/MCUCXR_0254_1.png,,4892,4020,1,1,vertical,uint8,8,stored,0.0,255.0,146.8079,77.588,155.0,0,0.0875,0.0875,,33,396,M,1,sufijo_del_nombre_de_archivo,stable inactive scars in RUL; post treatment for abscillary TB,MontgomerySet/ManualMask/leftMask/MCUCXR_0254_1.png,Trazada bajo supervision de radiologo (Candemir et al. 2014),aceptada,,
MCUCXR_0255_1,,,NLM-MontgomeryCXRSet,NLM 2014 (archivos 2024-08-28),"Montgomery County, Maryland, EE. UU.",CR,MontgomerySet/CXR_png/MCUCXR_0255_1.png,,4020,4892,1,1,horizontal,uint8,8,stored,0.0,255.0,129.4826,77.9122,127.0,0,0.0875,0.0875,,33,396,M,1,sufijo_del_nombre_de_archivo,stable inactive scars in RUL; post treatment for abscillary TB,MontgomerySet/ManualMask/leftMask/MCUCXR_0255_1.png,Trazada bajo supervision de radiologo (Candemir et al. 2014),aceptada,,
MCUCXR_0258_1,,,NLM-MontgomeryCXRSet,NLM 2014 (archivos 2024-08-28),"Montgomery County, Maryland, EE. UU.",CR,MontgomerySet/CXR_png/MCUCXR_0258_1.png,,4892,4020,1,1,vertical,uint8,8,stored,0.0,255.0,84.9473,92.3453,56.0,0,0.0875,0.0875,,88,1056,F,1,sufijo_del_nombre_de_archivo,active PTB with compicating CHF condition,MontgomerySet/ManualMask/leftMask/MCUCXR_0258_1.png,Trazada bajo supervision de radiologo (Candemir et al. 2014),aceptada,,
MCUCXR_0264_1,,,NLM-MontgomeryCXRSet,NLM 2014 (archivos 2024-08-28),"Montgomery County, Maryland, EE. UU.",CR,MontgomerySet/CXR_png/MCUCXR_0264_1.png,,4892,4020,1,1,vertical,uint8,8,stored,0.0,255.0,96.7224,86.7942,77.0,0,0.0875,0.0875,,15,180,M,1,sufijo_del_nombre_de_archivo,active TB; cavitary infiltrarte LUL; non-consolidated;,MontgomerySet/ManualMask/leftMask/MCUCXR_0264_1.png,Trazada bajo supervision de radiologo (Candemir et al. 2014),aceptada,,
MCUCXR_0266_1,,,NLM-MontgomeryCXRSet,NLM 2014 (archivos 2024-08-28),"Montgomery County, Maryland, EE. UU.",CR,MontgomerySet/CXR_png/MCUCXR_0266_1.png,,4892,4020,1,1,vertical,uint8,8,stored,0.0,255.0,154.2819,73.5936,168.0,0,0.0875,0.0875,,47,564,M,1,sufijo_del_nombre_de_archivo,peripheral homogeneous infiltrate LUL; active pneumonia likely,MontgomerySet/ManualMask/leftMask/MCUCXR_0266_1.png,Trazada bajo supervision de radiologo (Candemir et al. 2014),aceptada,,
MCUCXR_0275_1,,,NLM-MontgomeryCXRSet,NLM 2014 (archivos 2024-08-28),"Montgomery County, Maryland, EE. UU.",CR,MontgomerySet/CXR_png/MCUCXR_0275_1.png,,4892,4020,1,1,vertical,uint8,8,stored,0.0,255.0,118.7445,84.9618,118.0,0,0.0875,0.0875,,34,408,M,1,sufijo_del_nombre_de_archivo,inactive scars unchanged for 6M,MontgomerySet/ManualMask/leftMask/MCUCXR_0275_1.png,Trazada bajo supervision de radiologo (Candemir et al. 2014),aceptada,,
MCUCXR_0282_1,,,NLM-MontgomeryCXRSet,NLM 2014 (archivos 2024-08-28),"Montgomery County, Maryland, EE. UU.",CR,MontgomerySet/CXR_png/MCUCXR_0282_1.png,,4892,4020,1,1,vertical,uint8,8,stored,0.0,255.0,140.0757,81.516,150.0,0,0.0875,0.0875,,51,612,M,1,sufijo_del_nombre_de_archivo,inactive TB scars,MontgomerySet/ManualMask/leftMask/MCUCXR_0282_1.png,Trazada bajo supervision de radiologo (Candemir et al. 2014),aceptada,,
MCUCXR_0289_1,,,NLM-MontgomeryCXRSet,NLM 2014 (archivos 2024-08-28),"Montgomery County, Maryland, EE. UU.",CR,MontgomerySet/CXR_png/MCUCXR_0289_1.png,,4892,4020,1,1,vertical,uint8,8,stored,0.0,255.0,125.0621,82.1225,125.0,0,0.0875,0.0875,,52,624,M,1,sufijo_del_nombre_de_archivo,RUL cavitary infiltrate; positive smear,MontgomerySet/ManualMask/leftMask/MCUCXR_0289_1.png,Trazada bajo supervision de radiologo (Candemir et al. 2014),aceptada,,
MCUCXR_0294_1,,,NLM-MontgomeryCXRSet,NLM 2014 (archivos 2024-08-28),"Montgomery County, Maryland, EE. UU.",CR,MontgomerySet/CXR_png/MCUCXR_0294_1.png,,4892,4020,1,1,vertical,uint8,8,stored,0.0,255.0,113.8992,87.9891,117.0,0,0.0875,0.0875,,63,756,F,1,sufijo_del_nombre_de_archivo,inactive TB scars LUL,MontgomerySet/ManualMask/leftMask/MCUCXR_0294_1.png,Trazada bajo supervision de radiologo (Candemir et al. 2014),aceptada,,
MCUCXR_0301_1,,,NLM-MontgomeryCXRSet,NLM 2014 (archivos 2024-08-28),"Montgomery County, Maryland, EE. UU.",CR,MontgomerySet/CXR_png/MCUCXR_0301_1.png,,4020,4892,1,1,horizontal,uint8,8,stored,0.0,255.0,143.015,69.2854,153.0,0,0.0875,0.0875,,47,564,M,1,sufijo_del_nombre_de_archivo,"persistent rt pleural peel with some interval improvement with focal atelectasis in rt lung; anterior wedging of T5, T6 with loss of intervertebral disc space. Findings consistent with h/o spinal TB and pleural TB. Currently on Rx.",MontgomerySet/ManualMask/leftMask/MCUCXR_0301_1.png,Trazada bajo supervision de radiologo (Candemir et al. 2014),aceptada,,
MCUCXR_0309_1,,,NLM-MontgomeryCXRSet,NLM 2014 (archivos 2024-08-28),"Montgomery County, Maryland, EE. UU.",CR,MontgomerySet/CXR_png/MCUCXR_0309_1.png,,4892,4020,1,1,vertical,uint8,8,stored,0.0,255.0,77.9724,87.9624,47.0,0,0.0875,0.0875,,89,1068,F,1,sufijo_del_nombre_de_archivo,"improvements after Rx. Has pleural, pulmonary, and probably percardial TB, pan-sensitive",MontgomerySet/ManualMask/leftMask/MCUCXR_0309_1.png,Trazada bajo supervision de radiologo (Candemir et al. 2014),aceptada,,
MCUCXR_0311_1,,,NLM-MontgomeryCXRSet,NLM 2014 (archivos 2024-08-28),"Montgomery County, Maryland, EE. UU.",CR,MontgomerySet/CXR_png/MCUCXR_0311_1.png,,4892,4020,1,1,vertical,uint8,8,stored,0.0,255.0,81.7116,91.4647,43.0,0,0.0875,0.0875,,89,1068,F,1,sufijo_del_nombre_de_archivo,on Rx for culture proven TB. has been clearing of infiltrates in te rt lung. thre is some re-accomodation of pleural fluid along lateral left chest wall.,MontgomerySet/ManualMask/leftMask/MCUCXR_0311_1.png,Trazada bajo supervision de radiologo (Candemir et al. 2014),aceptada,,
MCUCXR_0313_1,,,NLM-MontgomeryCXRSet,NLM 2014 (archivos 2024-08-28),"Montgomery County, Maryland, EE. UU.",CR,MontgomerySet/CXR_png/MCUCXR_0313_1.png,,4892,4020,1,1,vertical,uint8,8,stored,0.0,255.0,98.8384,86.7309,81.0,0,0.0875,0.0875,,15,180,M,1,sufijo_del_nombre_de_archivo,improvements. LUL cavity has closed.,MontgomerySet/ManualMask/leftMask/MCUCXR_0313_1.png,Trazada bajo supervision de radiologo (Candemir et al. 2014),aceptada,,
MCUCXR_0316_1,,,NLM-MontgomeryCXRSet,NLM 2014 (archivos 2024-08-28),"Montgomery County, Maryland, EE. UU.",CR,MontgomerySet/CXR_png/MCUCXR_0316_1.png,,4892,4020,1,1,vertical,uint8,8,stored,0.0,255.0,95.2369,86.4898,73.0,0,0.0875,0.0875,,16,192,M,1,sufijo_del_nombre_de_archivo,improved LUL infiltrate and cavity. Active TB on therapy.,MontgomerySet/ManualMask/leftMask/MCUCXR_0316_1.png,Trazada bajo supervision de radiologo (Candemir et al. 2014),aceptada,,
MCUCXR_0331_1,,,NLM-MontgomeryCXRSet,NLM 2014 (archivos 2024-08-28),"Montgomery County, Maryland, EE. UU.",CR,MontgomerySet/CXR_png/MCUCXR_0331_1.png,,4020,4892,1,1,horizontal,uint8,8,stored,0.0,255.0,128.9681,75.8191,134.0,0,0.0875,0.0875,,47,564,M,1,sufijo_del_nombre_de_archivo,inactive appearing RUL TB scars,MontgomerySet/ManualMask/leftMask/MCUCXR_0331_1.png,Trazada bajo supervision de radiologo (Candemir et al. 2014),aceptada,,
MCUCXR_0334_1,,,NLM-MontgomeryCXRSet,NLM 2014 (archivos 2024-08-28),"Montgomery County, Maryland, EE. UU.",CR,MontgomerySet/CXR_png/MCUCXR_0334_1.png,,4892,4020,1,1,vertical,uint8,8,stored,0.0,255.0,90.1166,84.6787,65.0,0,0.0875,0.0875,,24,288,M,1,sufijo_del_nombre_de_archivo,RUL infiltrate consistent with TB,MontgomerySet/ManualMask/leftMask/MCUCXR_0334_1.png,Trazada bajo supervision de radiologo (Candemir et al. 2014),aceptada,,
MCUCXR_0338_1,,,NLM-MontgomeryCXRSet,NLM 2014 (archivos 2024-08-28),"Montgomery County, Maryland, EE. UU.",CR,MontgomerySet/CXR_png/MCUCXR_0338_1.png,,4892,4020,1,1,vertical,uint8,8,stored,0.0,253.0,126.3894,71.5611,122.0,0,0.0875,0.0875,,35,420,M,1,sufijo_del_nombre_de_archivo,LUL inactive scars and some volume loss. h/o treatment 5 years ago.,MontgomerySet/ManualMask/leftMask/MCUCXR_0338_1.png,Trazada bajo supervision de radiologo (Candemir et al. 2014),aceptada,,
MCUCXR_0348_1,,,NLM-MontgomeryCXRSet,NLM 2014 (archivos 2024-08-28),"Montgomery County, Maryland, EE. UU.",CR,MontgomerySet/CXR_png/MCUCXR_0348_1.png,,4020,4892,1,1,horizontal,uint8,8,stored,0.0,255.0,115.2508,86.2471,111.0,0,0.0875,0.0875,,69,828,F,1,sufijo_del_nombre_de_archivo,scoliosis to the left with some scarring in LLL and over the left apex; calcified granuloma in the rt lung. could be related to old TB.,MontgomerySet/ManualMask/leftMask/MCUCXR_0348_1.png,Trazada bajo supervision de radiologo (Candemir et al. 2014),aceptada,,
MCUCXR_0350_1,,,NLM-MontgomeryCXRSet,NLM 2014 (archivos 2024-08-28),"Montgomery County, Maryland, EE. UU.",CR,MontgomerySet/CXR_png/MCUCXR_0350_1.png,,4020,4892,1,1,horizontal,uint8,8,stored,0.0,255.0,114.6277,77.7985,111.0,0,0.0875,0.0875,,36,432,M,1,sufijo_del_nombre_de_archivo,suspicious active disease,MontgomerySet/ManualMask/leftMask/MCUCXR_0350_1.png,Trazada bajo supervision de radiologo (Candemir et al. 2014),aceptada,,
MCUCXR_0352_1,,,NLM-MontgomeryCXRSet,NLM 2014 (archivos 2024-08-28),"Montgomery County, Maryland, EE. UU.",CR,MontgomerySet/CXR_png/MCUCXR_0352_1.png,,4892,4020,1,1,vertical,uint8,8,stored,0.0,255.0,119.4802,92.2217,122.0,0,0.0875,0.0875,,25,300,F,1,sufijo_del_nombre_de_archivo,"12x9mm nodule LUL, consistent with large granuloma or some other type of a solitary pulmonary nodule",MontgomerySet/ManualMask/leftMask/MCUCXR_0352_1.png,Trazada bajo supervision de radiologo (Candemir et al. 2014),aceptada,,
MCUCXR_0354_1,,,NLM-MontgomeryCXRSet,NLM 2014 (archivos 2024-08-28),"Montgomery County, Maryland, EE. UU.",CR,MontgomerySet/CXR_png/MCUCXR_0354_1.png,,4020,4892,1,1,horizontal,uint8,8,stored,0.0,252.0,101.9757,74.7871,88.0,0,0.0875,0.0875,,46,552,M,1,sufijo_del_nombre_de_archivo,bilateral calcified granulomas scars consistent with inactive TB.,MontgomerySet/ManualMask/leftMask/MCUCXR_0354_1.png,Trazada bajo supervision de radiologo (Candemir et al. 2014),aceptada,,
MCUCXR_0362_1,,,NLM-MontgomeryCXRSet,NLM 2014 (archivos 2024-08-28),"Montgomery County, Maryland, EE. UU.",CR,MontgomerySet/CXR_png/MCUCXR_0362_1.png,,4892,4020,1,1,vertical,uint8,8,stored,0.0,255.0,121.4901,84.9836,121.0,0,0.0875,0.0875,,61,732,M,1,sufijo_del_nombre_de_archivo,rt pleural effusion with some nodular infiltrate in rt lower lung; there are findings also of previous cardiac surgery; suspicious for active TB.,MontgomerySet/ManualMask/leftMask/MCUCXR_0362_1.png,Trazada bajo supervision de radiologo (Candemir et al. 2014),aceptada,,
MCUCXR_0367_1,,,NLM-MontgomeryCXRSet,NLM 2014 (archivos 2024-08-28),"Montgomery County, Maryland, EE. UU.",CR,MontgomerySet/CXR_png/MCUCXR_0367_1.png,,4892,4020,1,1,vertical,uint8,8,stored,0.0,255.0,132.025,89.6011,142.0,0,0.0875,0.0875,,31,372,F,1,sufijo_del_nombre_de_archivo,cavitary fibronodular infiltrate RUL. typical appearance of active TB.,MontgomerySet/ManualMask/leftMask/MCUCXR_0367_1.png,Trazada bajo supervision de radiologo (Candemir et al. 2014),aceptada,,
MCUCXR_0369_1,,,NLM-MontgomeryCXRSet,NLM 2014 (archivos 2024-08-28),"Montgomery County, Maryland, EE. UU.",CR,MontgomerySet/CXR_png/MCUCXR_0369_1.png,,4892,4020,1,1,vertical,uint8,8,stored,0.0,255.0,94.7936,88.3672,79.0,0,0.0875,0.0875,,31,372,F,1,sufijo_del_nombre_de_archivo,cavitary nodular infiltrate in RUL; active TB,MontgomerySet/ManualMask/leftMask/MCUCXR_0369_1.png,Trazada bajo supervision de radiologo (Candemir et al. 2014),aceptada,,
MCUCXR_0372_1,,,NLM-MontgomeryCXRSet,NLM 2014 (archivos 2024-08-28),"Montgomery County, Maryland, EE. UU.",CR,MontgomerySet/CXR_png/MCUCXR_0372_1.png,,4892,4020,1,1,vertical,uint8,8,stored,0.0,255.0,113.2889,91.4377,110.0,0,0.0875,0.0875,,49,588,F,1,sufijo_del_nombre_de_archivo,rt pleural effusion some infoltrate likely in outer RUL,MontgomerySet/ManualMask/leftMask/MCUCXR_0372_1.png,Trazada bajo supervision de radiologo (Candemir et al. 2014),aceptada,,
MCUCXR_0375_1,,,NLM-MontgomeryCXRSet,NLM 2014 (archivos 2024-08-28),"Montgomery County, Maryland, EE. UU.",CR,MontgomerySet/CXR_png/MCUCXR_0375_1.png,,4892,4020,1,1,vertical,uint8,8,stored,0.0,255.0,86.0237,83.6784,61.0,0,0.0875,0.0875,,49,588,F,1,sufijo_del_nombre_de_archivo,improving rt pleural effusion and the RUL infiltrate is less apparent,MontgomerySet/ManualMask/leftMask/MCUCXR_0375_1.png,Trazada bajo supervision de radiologo (Candemir et al. 2014),aceptada,,
MCUCXR_0383_1,,,NLM-MontgomeryCXRSet,NLM 2014 (archivos 2024-08-28),"Montgomery County, Maryland, EE. UU.",CR,MontgomerySet/CXR_png/MCUCXR_0383_1.png,,4892,4020,1,1,vertical,uint8,8,stored,0.0,255.0,94.2963,88.1141,80.0,0,0.0875,0.0875,,14,168,F,1,sufijo_del_nombre_de_archivo,calcified granuloma LUL behind 4th rib anterior,MontgomerySet/ManualMask/leftMask/MCUCXR_0383_1.png,Trazada bajo supervision de radiologo (Candemir et al. 2014),aceptada,,
MCUCXR_0387_1,,,NLM-MontgomeryCXRSet,NLM 2014 (archivos 2024-08-28),"Montgomery County, Maryland, EE. UU.",CR,MontgomerySet/CXR_png/MCUCXR_0387_1.png,,4892,4020,1,1,vertical,uint8,8,stored,0.0,255.0,128.3411,82.3154,133.0,0,0.0875,0.0875,,42,504,M,1,sufijo_del_nombre_de_archivo,inactive scars RUL,MontgomerySet/ManualMask/leftMask/MCUCXR_0387_1.png,Trazada bajo supervision de radiologo (Candemir et al. 2014),aceptada,,
MCUCXR_0390_1,,,NLM-MontgomeryCXRSet,NLM 2014 (archivos 2024-08-28),"Montgomery County, Maryland, EE. UU.",CR,MontgomerySet/CXR_png/MCUCXR_0390_1.png,,4892,4020,1,1,vertical,uint8,8,stored,0.0,255.0,119.8832,80.2149,121.0,0,0.0875,0.0875,,52,624,M,1,sufijo_del_nombre_de_archivo,Rt apical scarring. LUL scars and some infiltrates as well; findings consistent with TB; ?active,MontgomerySet/ManualMask/leftMask/MCUCXR_0390_1.png,Trazada bajo supervision de radiologo (Candemir et al. 2014),aceptada,,
MCUCXR_0393_1,,,NLM-MontgomeryCXRSet,NLM 2014 (archivos 2024-08-28),"Montgomery County, Maryland, EE. UU.",CR,MontgomerySet/CXR_png/MCUCXR_0393_1.png,,4892,4020,1,1,vertical,uint8,8,stored,0.0,255.0,105.2254,89.6947,93.0,0,0.0875,0.0875,,30,360,F,1,sufijo_del_nombre_de_archivo,left pleural effusion; best seen on lateral view; with some scar and soft infiltrates in the LUL on the PA and lordotic views; active TB on pleura and lung likely,MontgomerySet/ManualMask/leftMask/MCUCXR_0393_1.png,Trazada bajo supervision de radiologo (Candemir et al. 2014),aceptada,,
MCUCXR_0399_1,,,NLM-MontgomeryCXRSet,NLM 2014 (archivos 2024-08-28),"Montgomery County, Maryland, EE. UU.",CR,MontgomerySet/CXR_png/MCUCXR_0399_1.png,,4892,4020,1,1,vertical,uint8,8,stored,0.0,255.0,127.227,92.756,124.0,0,0.0875,0.0875,,63,756,F,1,sufijo_del_nombre_de_archivo,large infiltrate RUL with cavitation plus infiltrate in RML. consistent with active cavitary TB,MontgomerySet/ManualMask/leftMask/MCUCXR_0399_1.png,Trazada bajo supervision de radiologo (Candemir et al. 2014),aceptada,,
